--------------------------------------------------------------------------------------
-- Name	       : HENDI (Oracle Tutorial) Sample Database
-- Link	       : http://www.oracletutorial.com/oracle-sample-database/
-- Version     : 1.0
-- Last Updated: July-28-2017
-- Copyright   : Copyright � 2017 by www.oracletutorial.com. All Rights Reserved.
-- Notice      : Use this sample database for the educational purpose only.
--               Credit the site oracletutorial.com explitly in your materials that
--               use this sample database.
--------------------------------------------------------------------------------------
-- disable FK constraints 
ALTER TABLE countries
    DISABLE CONSTRAINT fk_countries_regions;
ALTER TABLE locations
    DISABLE CONSTRAINT fk_locations_countries;
ALTER TABLE warehouses
    DISABLE CONSTRAINT fk_warehouses_locations;
ALTER TABLE employees
    DISABLE CONSTRAINT fk_employees_manager;
ALTER TABLE products
    DISABLE CONSTRAINT fk_products_categories;
ALTER TABLE contacts
    DISABLE CONSTRAINT fk_contacts_customers;
ALTER TABLE orders
    DISABLE CONSTRAINT fk_orders_customers;
ALTER TABLE orders
    DISABLE CONSTRAINT fk_orders_employees;
ALTER TABLE order_items
    DISABLE CONSTRAINT fk_order_items_products;
ALTER TABLE order_items
    DISABLE CONSTRAINT fk_order_items_orders;
ALTER TABLE inventories
    DISABLE CONSTRAINT fk_inventories_products;
ALTER TABLE inventories
    DISABLE CONSTRAINT fk_inventories_warehouses;
--------------------------------------------------------
--  HENDI
--------------------------------------------------------
REM INSERTING into HENDI.REGIONS
SET DEFINE OFF;
INSERT INTO HENDI.REGIONS (REGION_ID, REGION_NAME)
VALUES (1, 'Europe');
INSERT INTO HENDI.REGIONS (REGION_ID, REGION_NAME)
VALUES (2, 'Americas');
INSERT INTO HENDI.REGIONS (REGION_ID, REGION_NAME)
VALUES (3, 'Asia');
INSERT INTO HENDI.REGIONS (REGION_ID, REGION_NAME)
VALUES (4, 'Middle East and Africa');

REM INSERTING into HENDI.COUNTRIES
SET DEFINE OFF;
INSERT INTO HENDI.COUNTRIES (COUNTRY_ID, COUNTRY_NAME, REGION_ID)
VALUES ('AR', 'Argentina', 2);
INSERT INTO HENDI.COUNTRIES (COUNTRY_ID, COUNTRY_NAME, REGION_ID)
VALUES ('AU', 'Australia', 3);
INSERT INTO HENDI.COUNTRIES (COUNTRY_ID, COUNTRY_NAME, REGION_ID)
VALUES ('BE', 'Belgium', 1);
INSERT INTO HENDI.COUNTRIES (COUNTRY_ID, COUNTRY_NAME, REGION_ID)
VALUES ('BR', 'Brazil', 2);
INSERT INTO HENDI.COUNTRIES (COUNTRY_ID, COUNTRY_NAME, REGION_ID)
VALUES ('CA', 'Canada', 2);
INSERT INTO HENDI.COUNTRIES (COUNTRY_ID, COUNTRY_NAME, REGION_ID)
VALUES ('CH', 'Switzerland', 1);
INSERT INTO HENDI.COUNTRIES (COUNTRY_ID, COUNTRY_NAME, REGION_ID)
VALUES ('CN', 'China', 3);
INSERT INTO HENDI.COUNTRIES (COUNTRY_ID, COUNTRY_NAME, REGION_ID)
VALUES ('DE', 'Germany', 1);
INSERT INTO HENDI.COUNTRIES (COUNTRY_ID, COUNTRY_NAME, REGION_ID)
VALUES ('DK', 'Denmark', 1);
INSERT INTO HENDI.COUNTRIES (COUNTRY_ID, COUNTRY_NAME, REGION_ID)
VALUES ('EG', 'Egypt', 4);
INSERT INTO HENDI.COUNTRIES (COUNTRY_ID, COUNTRY_NAME, REGION_ID)
VALUES ('FR', 'France', 1);
INSERT INTO HENDI.COUNTRIES (COUNTRY_ID, COUNTRY_NAME, REGION_ID)
VALUES ('IL', 'Israel', 4);
INSERT INTO HENDI.COUNTRIES (COUNTRY_ID, COUNTRY_NAME, REGION_ID)
VALUES ('IN', 'India', 3);
INSERT INTO HENDI.COUNTRIES (COUNTRY_ID, COUNTRY_NAME, REGION_ID)
VALUES ('IT', 'Italy', 1);
INSERT INTO HENDI.COUNTRIES (COUNTRY_ID, COUNTRY_NAME, REGION_ID)
VALUES ('JP', 'Japan', 3);
INSERT INTO HENDI.COUNTRIES (COUNTRY_ID, COUNTRY_NAME, REGION_ID)
VALUES ('KW', 'Kuwait', 4);
INSERT INTO HENDI.COUNTRIES (COUNTRY_ID, COUNTRY_NAME, REGION_ID)
VALUES ('ML', 'Malaysia', 3);
INSERT INTO HENDI.COUNTRIES (COUNTRY_ID, COUNTRY_NAME, REGION_ID)
VALUES ('MX', 'Mexico', 2);
INSERT INTO HENDI.COUNTRIES (COUNTRY_ID, COUNTRY_NAME, REGION_ID)
VALUES ('NG', 'Nigeria', 4);
INSERT INTO HENDI.COUNTRIES (COUNTRY_ID, COUNTRY_NAME, REGION_ID)
VALUES ('NL', 'Netherlands', 1);
INSERT INTO HENDI.COUNTRIES (COUNTRY_ID, COUNTRY_NAME, REGION_ID)
VALUES ('SG', 'Singapore', 3);
INSERT INTO HENDI.COUNTRIES (COUNTRY_ID, COUNTRY_NAME, REGION_ID)
VALUES ('UK', 'United Kingdom', 1);
INSERT INTO HENDI.COUNTRIES (COUNTRY_ID, COUNTRY_NAME, REGION_ID)
VALUES ('US', 'United States of America', 2);
INSERT INTO HENDI.COUNTRIES (COUNTRY_ID, COUNTRY_NAME, REGION_ID)
VALUES ('ZM', 'Zambia', 4);
INSERT INTO HENDI.COUNTRIES (COUNTRY_ID, COUNTRY_NAME, REGION_ID)
VALUES ('ZW', 'Zimbabwe', 4);

REM INSERTING into HENDI.LOCATIONS
SET DEFINE OFF;
INSERT INTO HENDI.LOCATIONS (LOCATION_ID, ADDRESS, POSTAL_CODE, CITY, STATE, COUNTRY_ID)
VALUES (1, '1297 Via Cola di Rie', '00989', 'Roma', NULL, 'IT');
INSERT INTO HENDI.LOCATIONS (LOCATION_ID, ADDRESS, POSTAL_CODE, CITY, STATE, COUNTRY_ID)
VALUES (2, '93091 Calle della Testa', '10934', 'Venice', NULL, 'IT');
INSERT INTO HENDI.LOCATIONS (LOCATION_ID, ADDRESS, POSTAL_CODE, CITY, STATE, COUNTRY_ID)
VALUES (3, '2017 Shinjuku-ku', '1689', 'Tokyo', 'Tokyo Prefecture', 'JP');
INSERT INTO HENDI.LOCATIONS (LOCATION_ID, ADDRESS, POSTAL_CODE, CITY, STATE, COUNTRY_ID)
VALUES (4, '9450 Kamiya-cho', '6823', 'Hiroshima', NULL, 'JP');
INSERT INTO HENDI.LOCATIONS (LOCATION_ID, ADDRESS, POSTAL_CODE, CITY, STATE, COUNTRY_ID)
VALUES (5, '2014 Jabberwocky Rd', '26192', 'Southlake', 'Texas', 'US');
INSERT INTO HENDI.LOCATIONS (LOCATION_ID, ADDRESS, POSTAL_CODE, CITY, STATE, COUNTRY_ID)
VALUES (6, '2011 Interiors Blvd', '99236', 'South San Francisco', 'California', 'US');
INSERT INTO HENDI.LOCATIONS (LOCATION_ID, ADDRESS, POSTAL_CODE, CITY, STATE, COUNTRY_ID)
VALUES (7, '2007 Zagora St', '50090', 'South Brunswick', 'New Jersey', 'US');
INSERT INTO HENDI.LOCATIONS (LOCATION_ID, ADDRESS, POSTAL_CODE, CITY, STATE, COUNTRY_ID)
VALUES (8, '2004 Charade Rd', '98199', 'Seattle', 'Washington', 'US');
INSERT INTO HENDI.LOCATIONS (LOCATION_ID, ADDRESS, POSTAL_CODE, CITY, STATE, COUNTRY_ID)
VALUES (9, '147 Spadina Ave', 'M5V 2L7', 'Toronto', 'Ontario', 'CA');
INSERT INTO HENDI.LOCATIONS (LOCATION_ID, ADDRESS, POSTAL_CODE, CITY, STATE, COUNTRY_ID)
VALUES (10, '6092 Boxwood St', 'YSW 9T2', 'Whitehorse', 'Yukon', 'CA');
INSERT INTO HENDI.LOCATIONS (LOCATION_ID, ADDRESS, POSTAL_CODE, CITY, STATE, COUNTRY_ID)
VALUES (11, '40-5-12 Laogianggen', '190518', 'Beijing', NULL, 'CN');
INSERT INTO HENDI.LOCATIONS (LOCATION_ID, ADDRESS, POSTAL_CODE, CITY, STATE, COUNTRY_ID)
VALUES (12, '1298 Vileparle (E)', '490231', 'Bombay', 'Maharashtra', 'IN');
INSERT INTO HENDI.LOCATIONS (LOCATION_ID, ADDRESS, POSTAL_CODE, CITY, STATE, COUNTRY_ID)
VALUES (13, '12-98 Victoria Street', '2901', 'Sydney', 'New South Wales', 'AU');
INSERT INTO HENDI.LOCATIONS (LOCATION_ID, ADDRESS, POSTAL_CODE, CITY, STATE, COUNTRY_ID)
VALUES (14, '198 Clementi North', '540198', 'Singapore', NULL, 'SG');
INSERT INTO HENDI.LOCATIONS (LOCATION_ID, ADDRESS, POSTAL_CODE, CITY, STATE, COUNTRY_ID)
VALUES (15, '8204 Arthur St', NULL, 'London', NULL, 'UK');
INSERT INTO HENDI.LOCATIONS (LOCATION_ID, ADDRESS, POSTAL_CODE, CITY, STATE, COUNTRY_ID)
VALUES (16, 'Magdalen Centre, The Oxford Science Park', 'OX9 9ZB', 'Oxford', 'Oxford', 'UK');
INSERT INTO HENDI.LOCATIONS (LOCATION_ID, ADDRESS, POSTAL_CODE, CITY, STATE, COUNTRY_ID)
VALUES (17, '9702 Chester Road', '09629850293', 'Stretford', 'Manchester', 'UK');
INSERT INTO HENDI.LOCATIONS (LOCATION_ID, ADDRESS, POSTAL_CODE, CITY, STATE, COUNTRY_ID)
VALUES (18, 'Schwanthalerstr. 7031', '80925', 'Munich', 'Bavaria', 'DE');
INSERT INTO HENDI.LOCATIONS (LOCATION_ID, ADDRESS, POSTAL_CODE, CITY, STATE, COUNTRY_ID)
VALUES (19, 'Rua Frei Caneca 1360 ', '01307-002', 'Sao Paulo', 'Sao Paulo', 'BR');
INSERT INTO HENDI.LOCATIONS (LOCATION_ID, ADDRESS, POSTAL_CODE, CITY, STATE, COUNTRY_ID)
VALUES (20, '20 Rue des Corps-Saints', '1730', 'Geneva', 'Geneve', 'CH');
INSERT INTO HENDI.LOCATIONS (LOCATION_ID, ADDRESS, POSTAL_CODE, CITY, STATE, COUNTRY_ID)
VALUES (21, 'Murtenstrasse 921', '3095', 'Bern', 'BE', 'CH');
INSERT INTO HENDI.LOCATIONS (LOCATION_ID, ADDRESS, POSTAL_CODE, CITY, STATE, COUNTRY_ID)
VALUES (22, 'Pieter Breughelstraat 837', '3029SK', 'Utrecht', 'Utrecht', 'NL');
INSERT INTO HENDI.LOCATIONS (LOCATION_ID, ADDRESS, POSTAL_CODE, CITY, STATE, COUNTRY_ID)
VALUES (23, 'Mariano Escobedo 9991', '11932', 'Mexico City', 'Distrito Federal,', 'MX');

REM INSERTING into HENDI.WAREHOUSES
SET DEFINE OFF;
INSERT INTO HENDI.WAREHOUSES (WAREHOUSE_ID, WAREHOUSE_NAME, LOCATION_ID)
VALUES (1, 'Southlake, Texas', 5);
INSERT INTO HENDI.WAREHOUSES (WAREHOUSE_ID, WAREHOUSE_NAME, LOCATION_ID)
VALUES (2, 'San Francisco', 6);
INSERT INTO HENDI.WAREHOUSES (WAREHOUSE_ID, WAREHOUSE_NAME, LOCATION_ID)
VALUES (3, 'New Jersey', 7);
INSERT INTO HENDI.WAREHOUSES (WAREHOUSE_ID, WAREHOUSE_NAME, LOCATION_ID)
VALUES (4, 'Seattle, Washington', 8);
INSERT INTO HENDI.WAREHOUSES (WAREHOUSE_ID, WAREHOUSE_NAME, LOCATION_ID)
VALUES (5, 'Toronto', 9);
INSERT INTO HENDI.WAREHOUSES (WAREHOUSE_ID, WAREHOUSE_NAME, LOCATION_ID)
VALUES (6, 'Sydney', 13);
INSERT INTO HENDI.WAREHOUSES (WAREHOUSE_ID, WAREHOUSE_NAME, LOCATION_ID)
VALUES (7, 'Mexico City', 23);
INSERT INTO HENDI.WAREHOUSES (WAREHOUSE_ID, WAREHOUSE_NAME, LOCATION_ID)
VALUES (8, 'Beijing', 11);
INSERT INTO HENDI.WAREHOUSES (WAREHOUSE_ID, WAREHOUSE_NAME, LOCATION_ID)
VALUES (9, 'Bombay', 12);

REM INSERTING into EMPLOYEES
SET DEFINE OFF;
INSERT INTO EMPLOYEES (EMPLOYEE_ID, FIRST_NAME, LAST_NAME, EMAIL, PHONE, HIRE_DATE, MANAGER_ID, JOB_TITLE)
VALUES (107, 'Summer', 'Payne', 'summer.payne@example.com', '515.123.8181', to_date('07-JUN-16', 'DD-MON-RR'), 106,
        'Public Accountant');
INSERT INTO EMPLOYEES (EMPLOYEE_ID, FIRST_NAME, LAST_NAME, EMAIL, PHONE, HIRE_DATE, MANAGER_ID, JOB_TITLE)
VALUES (106, 'Rose', 'Stephens', 'rose.stephens@example.com', '515.123.8080', to_date('07-JUN-16', 'DD-MON-RR'), 2,
        'Accounting Manager');
INSERT INTO EMPLOYEES (EMPLOYEE_ID, FIRST_NAME, LAST_NAME, EMAIL, PHONE, HIRE_DATE, MANAGER_ID, JOB_TITLE)
VALUES (101, 'Annabelle', 'Dunn', 'annabelle.dunn@example.com', '515.123.4444', to_date('17-SEP-16', 'DD-MON-RR'), 2,
        'Administration Assistant');
INSERT INTO EMPLOYEES (EMPLOYEE_ID, FIRST_NAME, LAST_NAME, EMAIL, PHONE, HIRE_DATE, MANAGER_ID, JOB_TITLE)
VALUES (1, 'Tommy', 'Bailey', 'tommy.bailey@example.com', '515.123.4567', to_date('17-JUN-16', 'DD-MON-RR'), NULL,
        'President');
INSERT INTO EMPLOYEES (EMPLOYEE_ID, FIRST_NAME, LAST_NAME, EMAIL, PHONE, HIRE_DATE, MANAGER_ID, JOB_TITLE)
VALUES (3, 'Blake', 'Cooper', 'blake.cooper@example.com', '515.123.4569', to_date('13-JAN-16', 'DD-MON-RR'), 1,
        'Administration Vice President');
INSERT INTO EMPLOYEES (EMPLOYEE_ID, FIRST_NAME, LAST_NAME, EMAIL, PHONE, HIRE_DATE, MANAGER_ID, JOB_TITLE)
VALUES (2, 'Jude', 'Rivera', 'jude.rivera@example.com', '515.123.4568', to_date('21-SEP-16', 'DD-MON-RR'), 1,
        'Administration Vice President');
INSERT INTO EMPLOYEES (EMPLOYEE_ID, FIRST_NAME, LAST_NAME, EMAIL, PHONE, HIRE_DATE, MANAGER_ID, JOB_TITLE)
VALUES (11, 'Tyler', 'Ramirez', 'tyler.ramirez@example.com', '515.124.4269', to_date('28-SEP-16', 'DD-MON-RR'), 9,
        'Accountant');
INSERT INTO EMPLOYEES (EMPLOYEE_ID, FIRST_NAME, LAST_NAME, EMAIL, PHONE, HIRE_DATE, MANAGER_ID, JOB_TITLE)
VALUES (10, 'Ryan', 'Gray', 'ryan.gray@example.com', '515.124.4169', to_date('16-AUG-16', 'DD-MON-RR'), 9,
        'Accountant');
INSERT INTO EMPLOYEES (EMPLOYEE_ID, FIRST_NAME, LAST_NAME, EMAIL, PHONE, HIRE_DATE, MANAGER_ID, JOB_TITLE)
VALUES (14, 'Elliot', 'Brooks', 'elliot.brooks@example.com', '515.124.4567', to_date('07-DEC-16', 'DD-MON-RR'), 9,
        'Accountant');
INSERT INTO EMPLOYEES (EMPLOYEE_ID, FIRST_NAME, LAST_NAME, EMAIL, PHONE, HIRE_DATE, MANAGER_ID, JOB_TITLE)
VALUES (12, 'Elliott', 'James', 'elliott.james@example.com', '515.124.4369', to_date('30-SEP-16', 'DD-MON-RR'), 9,
        'Accountant');
INSERT INTO EMPLOYEES (EMPLOYEE_ID, FIRST_NAME, LAST_NAME, EMAIL, PHONE, HIRE_DATE, MANAGER_ID, JOB_TITLE)
VALUES (13, 'Albert', 'Watson', 'albert.watson@example.com', '515.124.4469', to_date('07-MAR-16', 'DD-MON-RR'), 9,
        'Accountant');
INSERT INTO EMPLOYEES (EMPLOYEE_ID, FIRST_NAME, LAST_NAME, EMAIL, PHONE, HIRE_DATE, MANAGER_ID, JOB_TITLE)
VALUES (9, 'Mohammad', 'Peterson', 'mohammad.peterson@example.com', '515.124.4569', to_date('17-AUG-16', 'DD-MON-RR'),
        2, 'Finance Manager');
INSERT INTO EMPLOYEES (EMPLOYEE_ID, FIRST_NAME, LAST_NAME, EMAIL, PHONE, HIRE_DATE, MANAGER_ID, JOB_TITLE)
VALUES (104, 'Harper', 'Spencer', 'harper.spencer@example.com', '515.123.7777', to_date('07-JUN-16', 'DD-MON-RR'), 2,
        'Human Resources Representative');
INSERT INTO EMPLOYEES (EMPLOYEE_ID, FIRST_NAME, LAST_NAME, EMAIL, PHONE, HIRE_DATE, MANAGER_ID, JOB_TITLE)
VALUES (4, 'Louie', 'Richardson', 'louie.richardson@example.com', '590.423.4567', to_date('03-JAN-16', 'DD-MON-RR'), 3,
        'Programmer');
INSERT INTO EMPLOYEES (EMPLOYEE_ID, FIRST_NAME, LAST_NAME, EMAIL, PHONE, HIRE_DATE, MANAGER_ID, JOB_TITLE)
VALUES (5, 'Nathan', 'Cox', 'nathan.cox@example.com', '590.423.4568', to_date('21-MAY-16', 'DD-MON-RR'), 4,
        'Programmer');
INSERT INTO EMPLOYEES (EMPLOYEE_ID, FIRST_NAME, LAST_NAME, EMAIL, PHONE, HIRE_DATE, MANAGER_ID, JOB_TITLE)
VALUES (8, 'Bobby', 'Torres', 'bobby.torres@example.com', '590.423.5567', to_date('07-FEB-16', 'DD-MON-RR'), 4,
        'Programmer');
INSERT INTO EMPLOYEES (EMPLOYEE_ID, FIRST_NAME, LAST_NAME, EMAIL, PHONE, HIRE_DATE, MANAGER_ID, JOB_TITLE)
VALUES (7, 'Charles', 'Ward', 'charles.ward@example.com', '590.423.4560', to_date('05-FEB-16', 'DD-MON-RR'), 4,
        'Programmer');
INSERT INTO EMPLOYEES (EMPLOYEE_ID, FIRST_NAME, LAST_NAME, EMAIL, PHONE, HIRE_DATE, MANAGER_ID, JOB_TITLE)
VALUES (6, 'Gabriel', 'Howard', 'gabriel.howard@example.com', '590.423.4569', to_date('25-JUN-16', 'DD-MON-RR'), 4,
        'Programmer');
INSERT INTO EMPLOYEES (EMPLOYEE_ID, FIRST_NAME, LAST_NAME, EMAIL, PHONE, HIRE_DATE, MANAGER_ID, JOB_TITLE)
VALUES (102, 'Emma', 'Perkins', 'emma.perkins@example.com', '515.123.5555', to_date('17-FEB-16', 'DD-MON-RR'), 1,
        'Marketing Manager');
INSERT INTO EMPLOYEES (EMPLOYEE_ID, FIRST_NAME, LAST_NAME, EMAIL, PHONE, HIRE_DATE, MANAGER_ID, JOB_TITLE)
VALUES (103, 'Amelie', 'Hudson', 'amelie.hudson@example.com', '603.123.6666', to_date('17-AUG-16', 'DD-MON-RR'), 102,
        'Marketing Representative');
INSERT INTO EMPLOYEES (EMPLOYEE_ID, FIRST_NAME, LAST_NAME, EMAIL, PHONE, HIRE_DATE, MANAGER_ID, JOB_TITLE)
VALUES (105, 'Gracie', 'Gardner', 'gracie.gardner@example.com', '515.123.8888', to_date('07-JUN-16', 'DD-MON-RR'), 2,
        'Public Relations Representative');
INSERT INTO EMPLOYEES (EMPLOYEE_ID, FIRST_NAME, LAST_NAME, EMAIL, PHONE, HIRE_DATE, MANAGER_ID, JOB_TITLE)
VALUES (17, 'Frederick', 'Price', 'frederick.price@example.com', '515.127.4563', to_date('24-DEC-16', 'DD-MON-RR'), 15,
        'Purchasing Clerk');
INSERT INTO EMPLOYEES (EMPLOYEE_ID, FIRST_NAME, LAST_NAME, EMAIL, PHONE, HIRE_DATE, MANAGER_ID, JOB_TITLE)
VALUES (16, 'Alex', 'Sanders', 'alex.sanders@example.com', '515.127.4562', to_date('18-MAY-16', 'DD-MON-RR'), 15,
        'Purchasing Clerk');
INSERT INTO EMPLOYEES (EMPLOYEE_ID, FIRST_NAME, LAST_NAME, EMAIL, PHONE, HIRE_DATE, MANAGER_ID, JOB_TITLE)
VALUES (18, 'Ollie', 'Bennett', 'ollie.bennett@example.com', '515.127.4564', to_date('24-JUL-16', 'DD-MON-RR'), 15,
        'Purchasing Clerk');
INSERT INTO EMPLOYEES (EMPLOYEE_ID, FIRST_NAME, LAST_NAME, EMAIL, PHONE, HIRE_DATE, MANAGER_ID, JOB_TITLE)
VALUES (19, 'Louis', 'Wood', 'louis.wood@example.com', '515.127.4565', to_date('15-NOV-16', 'DD-MON-RR'), 15,
        'Purchasing Clerk');
INSERT INTO EMPLOYEES (EMPLOYEE_ID, FIRST_NAME, LAST_NAME, EMAIL, PHONE, HIRE_DATE, MANAGER_ID, JOB_TITLE)
VALUES (20, 'Dexter', 'Barnes', 'dexter.barnes@example.com', '515.127.4566', to_date('10-AUG-16', 'DD-MON-RR'), 15,
        'Purchasing Clerk');
INSERT INTO EMPLOYEES (EMPLOYEE_ID, FIRST_NAME, LAST_NAME, EMAIL, PHONE, HIRE_DATE, MANAGER_ID, JOB_TITLE)
VALUES (15, 'Rory', 'Kelly', 'rory.kelly@example.com', '515.127.4561', to_date('07-DEC-16', 'DD-MON-RR'), 1,
        'Purchasing Manager');
INSERT INTO EMPLOYEES (EMPLOYEE_ID, FIRST_NAME, LAST_NAME, EMAIL, PHONE, HIRE_DATE, MANAGER_ID, JOB_TITLE)
VALUES (49, 'Isabella', 'Cole', 'isabella.cole@example.com', '011.44.1344.619268', to_date('15-OCT-16', 'DD-MON-RR'), 1,
        'Sales Manager');
INSERT INTO EMPLOYEES (EMPLOYEE_ID, FIRST_NAME, LAST_NAME, EMAIL, PHONE, HIRE_DATE, MANAGER_ID, JOB_TITLE)
VALUES (48, 'Jessica', 'Woods', 'jessica.woods@example.com', '011.44.1344.429278', to_date('10-MAR-16', 'DD-MON-RR'), 1,
        'Sales Manager');
INSERT INTO EMPLOYEES (EMPLOYEE_ID, FIRST_NAME, LAST_NAME, EMAIL, PHONE, HIRE_DATE, MANAGER_ID, JOB_TITLE)
VALUES (47, 'Ella', 'Wallace', 'ella.wallace@example.com', '011.44.1344.467268', to_date('05-JAN-16', 'DD-MON-RR'), 1,
        'Sales Manager');
INSERT INTO EMPLOYEES (EMPLOYEE_ID, FIRST_NAME, LAST_NAME, EMAIL, PHONE, HIRE_DATE, MANAGER_ID, JOB_TITLE)
VALUES (46, 'Ava', 'Sullivan', 'ava.sullivan@example.com', '011.44.1344.429268', to_date('01-OCT-16', 'DD-MON-RR'), 1,
        'Sales Manager');
INSERT INTO EMPLOYEES (EMPLOYEE_ID, FIRST_NAME, LAST_NAME, EMAIL, PHONE, HIRE_DATE, MANAGER_ID, JOB_TITLE)
VALUES (50, 'Mia', 'West', 'mia.west@example.com', '011.44.1344.429018', to_date('29-JAN-16', 'DD-MON-RR'), 1,
        'Sales Manager');
INSERT INTO EMPLOYEES (EMPLOYEE_ID, FIRST_NAME, LAST_NAME, EMAIL, PHONE, HIRE_DATE, MANAGER_ID, JOB_TITLE)
VALUES (56, 'Evie', 'Harrison', 'evie.harrison@example.com', '011.44.1344.486508', to_date('23-NOV-16', 'DD-MON-RR'),
        46, 'Sales Representative');
INSERT INTO EMPLOYEES (EMPLOYEE_ID, FIRST_NAME, LAST_NAME, EMAIL, PHONE, HIRE_DATE, MANAGER_ID, JOB_TITLE)
VALUES (57, 'Scarlett', 'Gibson', 'scarlett.gibson@example.com', '011.44.1345.429268',
        to_date('30-JAN-16', 'DD-MON-RR'), 47, 'Sales Representative');
INSERT INTO EMPLOYEES (EMPLOYEE_ID, FIRST_NAME, LAST_NAME, EMAIL, PHONE, HIRE_DATE, MANAGER_ID, JOB_TITLE)
VALUES (58, 'Ruby', 'Mcdonald', 'ruby.mcdonald@example.com', '011.44.1345.929268', to_date('04-MAR-16', 'DD-MON-RR'),
        47, 'Sales Representative');
INSERT INTO EMPLOYEES (EMPLOYEE_ID, FIRST_NAME, LAST_NAME, EMAIL, PHONE, HIRE_DATE, MANAGER_ID, JOB_TITLE)
VALUES (59, 'Chloe', 'Cruz', 'chloe.cruz@example.com', '011.44.1345.829268', to_date('01-AUG-16', 'DD-MON-RR'), 47,
        'Sales Representative');
INSERT INTO EMPLOYEES (EMPLOYEE_ID, FIRST_NAME, LAST_NAME, EMAIL, PHONE, HIRE_DATE, MANAGER_ID, JOB_TITLE)
VALUES (60, 'Isabelle', 'Marshall', 'isabelle.marshall@example.com', '011.44.1345.729268',
        to_date('10-MAR-16', 'DD-MON-RR'), 47, 'Sales Representative');
INSERT INTO EMPLOYEES (EMPLOYEE_ID, FIRST_NAME, LAST_NAME, EMAIL, PHONE, HIRE_DATE, MANAGER_ID, JOB_TITLE)
VALUES (61, 'Daisy', 'Ortiz', 'daisy.ortiz@example.com', '011.44.1345.629268', to_date('15-DEC-16', 'DD-MON-RR'), 47,
        'Sales Representative');
INSERT INTO EMPLOYEES (EMPLOYEE_ID, FIRST_NAME, LAST_NAME, EMAIL, PHONE, HIRE_DATE, MANAGER_ID, JOB_TITLE)
VALUES (62, 'Freya', 'Gomez', 'freya.gomez@example.com', '011.44.1345.529268', to_date('03-NOV-16', 'DD-MON-RR'), 47,
        'Sales Representative');
INSERT INTO EMPLOYEES (EMPLOYEE_ID, FIRST_NAME, LAST_NAME, EMAIL, PHONE, HIRE_DATE, MANAGER_ID, JOB_TITLE)
VALUES (80, 'Elizabeth', 'Dixon', 'elizabeth.dixon@example.com', '011.44.1644.429262',
        to_date('04-JAN-16', 'DD-MON-RR'), 50, 'Sales Representative');
INSERT INTO EMPLOYEES (EMPLOYEE_ID, FIRST_NAME, LAST_NAME, EMAIL, PHONE, HIRE_DATE, MANAGER_ID, JOB_TITLE)
VALUES (64, 'Florence', 'Freeman', 'florence.freeman@example.com', '011.44.1346.229268',
        to_date('19-MAR-16', 'DD-MON-RR'), 48, 'Sales Representative');
INSERT INTO EMPLOYEES (EMPLOYEE_ID, FIRST_NAME, LAST_NAME, EMAIL, PHONE, HIRE_DATE, MANAGER_ID, JOB_TITLE)
VALUES (65, 'Alice', 'Wells', 'alice.wells@example.com', '011.44.1346.329268', to_date('24-JAN-16', 'DD-MON-RR'), 48,
        'Sales Representative');
INSERT INTO EMPLOYEES (EMPLOYEE_ID, FIRST_NAME, LAST_NAME, EMAIL, PHONE, HIRE_DATE, MANAGER_ID, JOB_TITLE)
VALUES (66, 'Charlotte', 'Webb', 'charlotte.webb@example.com', '011.44.1346.529268', to_date('23-FEB-16', 'DD-MON-RR'),
        48, 'Sales Representative');
INSERT INTO EMPLOYEES (EMPLOYEE_ID, FIRST_NAME, LAST_NAME, EMAIL, PHONE, HIRE_DATE, MANAGER_ID, JOB_TITLE)
VALUES (67, 'Sienna', 'Simpson', 'sienna.simpson@example.com', '011.44.1346.629268', to_date('24-MAR-16', 'DD-MON-RR'),
        48, 'Sales Representative');
INSERT INTO EMPLOYEES (EMPLOYEE_ID, FIRST_NAME, LAST_NAME, EMAIL, PHONE, HIRE_DATE, MANAGER_ID, JOB_TITLE)
VALUES (68, 'Matilda', 'Stevens', 'matilda.stevens@example.com', '011.44.1346.729268',
        to_date('21-APR-16', 'DD-MON-RR'), 48, 'Sales Representative');
INSERT INTO EMPLOYEES (EMPLOYEE_ID, FIRST_NAME, LAST_NAME, EMAIL, PHONE, HIRE_DATE, MANAGER_ID, JOB_TITLE)
VALUES (69, 'Evelyn', 'Tucker', 'evelyn.tucker@example.com', '011.44.1343.929268', to_date('11-MAR-16', 'DD-MON-RR'),
        49, 'Sales Representative');
INSERT INTO EMPLOYEES (EMPLOYEE_ID, FIRST_NAME, LAST_NAME, EMAIL, PHONE, HIRE_DATE, MANAGER_ID, JOB_TITLE)
VALUES (70, 'Eva', 'Porter', 'eva.porter@example.com', '011.44.1343.829268', to_date('23-MAR-16', 'DD-MON-RR'), 49,
        'Sales Representative');
INSERT INTO EMPLOYEES (EMPLOYEE_ID, FIRST_NAME, LAST_NAME, EMAIL, PHONE, HIRE_DATE, MANAGER_ID, JOB_TITLE)
VALUES (71, 'Millie', 'Hunter', 'millie.hunter@example.com', '011.44.1343.729268', to_date('24-JAN-16', 'DD-MON-RR'),
        49, 'Sales Representative');
INSERT INTO EMPLOYEES (EMPLOYEE_ID, FIRST_NAME, LAST_NAME, EMAIL, PHONE, HIRE_DATE, MANAGER_ID, JOB_TITLE)
VALUES (72, 'Sofia', 'Hicks', 'sofia.hicks@example.com', '011.44.1343.629268', to_date('23-FEB-16', 'DD-MON-RR'), 49,
        'Sales Representative');
INSERT INTO EMPLOYEES (EMPLOYEE_ID, FIRST_NAME, LAST_NAME, EMAIL, PHONE, HIRE_DATE, MANAGER_ID, JOB_TITLE)
VALUES (73, 'Lucy', 'Crawford', 'lucy.crawford@example.com', '011.44.1343.529268', to_date('24-MAR-16', 'DD-MON-RR'),
        49, 'Sales Representative');
INSERT INTO EMPLOYEES (EMPLOYEE_ID, FIRST_NAME, LAST_NAME, EMAIL, PHONE, HIRE_DATE, MANAGER_ID, JOB_TITLE)
VALUES (74, 'Elsie', 'Henry', 'elsie.henry@example.com', '011.44.1343.329268', to_date('21-APR-16', 'DD-MON-RR'), 49,
        'Sales Representative');
INSERT INTO EMPLOYEES (EMPLOYEE_ID, FIRST_NAME, LAST_NAME, EMAIL, PHONE, HIRE_DATE, MANAGER_ID, JOB_TITLE)
VALUES (75, 'Imogen', 'Boyd', 'imogen.boyd@example.com', '011.44.1644.429267', to_date('11-MAY-16', 'DD-MON-RR'), 50,
        'Sales Representative');
INSERT INTO EMPLOYEES (EMPLOYEE_ID, FIRST_NAME, LAST_NAME, EMAIL, PHONE, HIRE_DATE, MANAGER_ID, JOB_TITLE)
VALUES (76, 'Layla', 'Mason', 'layla.mason@example.com', '011.44.1644.429266', to_date('19-MAR-16', 'DD-MON-RR'), 50,
        'Sales Representative');
INSERT INTO EMPLOYEES (EMPLOYEE_ID, FIRST_NAME, LAST_NAME, EMAIL, PHONE, HIRE_DATE, MANAGER_ID, JOB_TITLE)
VALUES (77, 'Rosie', 'Morales', 'rosie.morales@example.com', '011.44.1644.429265', to_date('24-MAR-16', 'DD-MON-RR'),
        50, 'Sales Representative');
INSERT INTO EMPLOYEES (EMPLOYEE_ID, FIRST_NAME, LAST_NAME, EMAIL, PHONE, HIRE_DATE, MANAGER_ID, JOB_TITLE)
VALUES (78, 'Maya', 'Kennedy', 'maya.kennedy@example.com', '011.44.1644.429264', to_date('23-APR-16', 'DD-MON-RR'), 50,
        'Sales Representative');
INSERT INTO EMPLOYEES (EMPLOYEE_ID, FIRST_NAME, LAST_NAME, EMAIL, PHONE, HIRE_DATE, MANAGER_ID, JOB_TITLE)
VALUES (79, 'Esme', 'Warren', 'esme.warren@example.com', '011.44.1644.429263', to_date('24-MAY-16', 'DD-MON-RR'), 50,
        'Sales Representative');
INSERT INTO EMPLOYEES (EMPLOYEE_ID, FIRST_NAME, LAST_NAME, EMAIL, PHONE, HIRE_DATE, MANAGER_ID, JOB_TITLE)
VALUES (55, 'Grace', 'Ellis', 'grace.ellis@example.com', '011.44.1344.987668', to_date('09-DEC-16', 'DD-MON-RR'), 46,
        'Sales Representative');
INSERT INTO EMPLOYEES (EMPLOYEE_ID, FIRST_NAME, LAST_NAME, EMAIL, PHONE, HIRE_DATE, MANAGER_ID, JOB_TITLE)
VALUES (54, 'Lily', 'Fisher', 'lily.fisher@example.com', '011.44.1344.498718', to_date('30-MAR-16', 'DD-MON-RR'), 46,
        'Sales Representative');
INSERT INTO EMPLOYEES (EMPLOYEE_ID, FIRST_NAME, LAST_NAME, EMAIL, PHONE, HIRE_DATE, MANAGER_ID, JOB_TITLE)
VALUES (53, 'Sophia', 'Reynolds', 'sophia.reynolds@example.com', '011.44.1344.478968',
        to_date('20-AUG-16', 'DD-MON-RR'), 46, 'Sales Representative');
INSERT INTO EMPLOYEES (EMPLOYEE_ID, FIRST_NAME, LAST_NAME, EMAIL, PHONE, HIRE_DATE, MANAGER_ID, JOB_TITLE)
VALUES (52, 'Sophie', 'Owens', 'sophie.owens@example.com', '011.44.1344.345268', to_date('24-MAR-16', 'DD-MON-RR'), 46,
        'Sales Representative');
INSERT INTO EMPLOYEES (EMPLOYEE_ID, FIRST_NAME, LAST_NAME, EMAIL, PHONE, HIRE_DATE, MANAGER_ID, JOB_TITLE)
VALUES (51, 'Poppy', 'Jordan', 'poppy.jordan@example.com', '011.44.1344.129268', to_date('30-JAN-16', 'DD-MON-RR'), 46,
        'Sales Representative');
INSERT INTO EMPLOYEES (EMPLOYEE_ID, FIRST_NAME, LAST_NAME, EMAIL, PHONE, HIRE_DATE, MANAGER_ID, JOB_TITLE)
VALUES (63, 'Phoebe', 'Murray', 'phoebe.murray@example.com', '011.44.1346.129268', to_date('11-NOV-16', 'DD-MON-RR'),
        48, 'Sales Representative');
INSERT INTO EMPLOYEES (EMPLOYEE_ID, FIRST_NAME, LAST_NAME, EMAIL, PHONE, HIRE_DATE, MANAGER_ID, JOB_TITLE)
VALUES (85, 'Holly', 'Shaw', 'holly.shaw@example.com', '650.509.1876', to_date('27-JAN-16', 'DD-MON-RR'), 22,
        'Shipping Clerk');
INSERT INTO EMPLOYEES (EMPLOYEE_ID, FIRST_NAME, LAST_NAME, EMAIL, PHONE, HIRE_DATE, MANAGER_ID, JOB_TITLE)
VALUES (86, 'Emilia', 'Holmes', 'emilia.holmes@example.com', '650.509.2876', to_date('20-FEB-16', 'DD-MON-RR'), 22,
        'Shipping Clerk');
INSERT INTO EMPLOYEES (EMPLOYEE_ID, FIRST_NAME, LAST_NAME, EMAIL, PHONE, HIRE_DATE, MANAGER_ID, JOB_TITLE)
VALUES (87, 'Molly', 'Rice', 'molly.rice@example.com', '650.509.3876', to_date('24-JUN-16', 'DD-MON-RR'), 22,
        'Shipping Clerk');
INSERT INTO EMPLOYEES (EMPLOYEE_ID, FIRST_NAME, LAST_NAME, EMAIL, PHONE, HIRE_DATE, MANAGER_ID, JOB_TITLE)
VALUES (88, 'Ellie', 'Robertson', 'ellie.robertson@example.com', '650.509.4876', to_date('07-FEB-16', 'DD-MON-RR'), 22,
        'Shipping Clerk');
INSERT INTO EMPLOYEES (EMPLOYEE_ID, FIRST_NAME, LAST_NAME, EMAIL, PHONE, HIRE_DATE, MANAGER_ID, JOB_TITLE)
VALUES (89, 'Jasmine', 'Hunt', 'jasmine.hunt@example.com', '650.505.1876', to_date('14-JUN-16', 'DD-MON-RR'), 23,
        'Shipping Clerk');
INSERT INTO EMPLOYEES (EMPLOYEE_ID, FIRST_NAME, LAST_NAME, EMAIL, PHONE, HIRE_DATE, MANAGER_ID, JOB_TITLE)
VALUES (90, 'Eliza', 'Black', 'eliza.black@example.com', '650.505.2876', to_date('13-AUG-16', 'DD-MON-RR'), 23,
        'Shipping Clerk');
INSERT INTO EMPLOYEES (EMPLOYEE_ID, FIRST_NAME, LAST_NAME, EMAIL, PHONE, HIRE_DATE, MANAGER_ID, JOB_TITLE)
VALUES (91, 'Lilly', 'Daniels', 'lilly.daniels@example.com', '650.505.3876', to_date('11-JUL-16', 'DD-MON-RR'), 23,
        'Shipping Clerk');
INSERT INTO EMPLOYEES (EMPLOYEE_ID, FIRST_NAME, LAST_NAME, EMAIL, PHONE, HIRE_DATE, MANAGER_ID, JOB_TITLE)
VALUES (92, 'Abigail', 'Palmer', 'abigail.palmer@example.com', '650.505.4876', to_date('19-DEC-16', 'DD-MON-RR'), 23,
        'Shipping Clerk');
INSERT INTO EMPLOYEES (EMPLOYEE_ID, FIRST_NAME, LAST_NAME, EMAIL, PHONE, HIRE_DATE, MANAGER_ID, JOB_TITLE)
VALUES (93, 'Georgia', 'Mills', 'georgia.mills@example.com', '650.501.1876', to_date('04-FEB-16', 'DD-MON-RR'), 24,
        'Shipping Clerk');
INSERT INTO EMPLOYEES (EMPLOYEE_ID, FIRST_NAME, LAST_NAME, EMAIL, PHONE, HIRE_DATE, MANAGER_ID, JOB_TITLE)
VALUES (94, 'Maisie', 'Nichols', 'maisie.nichols@example.com', '650.501.2876', to_date('03-MAR-16', 'DD-MON-RR'), 24,
        'Shipping Clerk');
INSERT INTO EMPLOYEES (EMPLOYEE_ID, FIRST_NAME, LAST_NAME, EMAIL, PHONE, HIRE_DATE, MANAGER_ID, JOB_TITLE)
VALUES (95, 'Eleanor', 'Grant', 'eleanor.grant@example.com', '650.501.3876', to_date('01-JUL-16', 'DD-MON-RR'), 24,
        'Shipping Clerk');
INSERT INTO EMPLOYEES (EMPLOYEE_ID, FIRST_NAME, LAST_NAME, EMAIL, PHONE, HIRE_DATE, MANAGER_ID, JOB_TITLE)
VALUES (96, 'Hannah', 'Knight', 'hannah.knight@example.com', '650.501.4876', to_date('17-MAR-16', 'DD-MON-RR'), 24,
        'Shipping Clerk');
INSERT INTO EMPLOYEES (EMPLOYEE_ID, FIRST_NAME, LAST_NAME, EMAIL, PHONE, HIRE_DATE, MANAGER_ID, JOB_TITLE)
VALUES (97, 'Harriet', 'Ferguson', 'harriet.ferguson@example.com', '650.507.9811', to_date('24-APR-16', 'DD-MON-RR'),
        25, 'Shipping Clerk');
INSERT INTO EMPLOYEES (EMPLOYEE_ID, FIRST_NAME, LAST_NAME, EMAIL, PHONE, HIRE_DATE, MANAGER_ID, JOB_TITLE)
VALUES (98, 'Amber', 'Rose', 'amber.rose@example.com', '650.507.9822', to_date('23-MAY-16', 'DD-MON-RR'), 25,
        'Shipping Clerk');
INSERT INTO EMPLOYEES (EMPLOYEE_ID, FIRST_NAME, LAST_NAME, EMAIL, PHONE, HIRE_DATE, MANAGER_ID, JOB_TITLE)
VALUES (99, 'Bella', 'Stone', 'bella.stone@example.com', '650.507.9833', to_date('21-JUN-16', 'DD-MON-RR'), 25,
        'Shipping Clerk');
INSERT INTO EMPLOYEES (EMPLOYEE_ID, FIRST_NAME, LAST_NAME, EMAIL, PHONE, HIRE_DATE, MANAGER_ID, JOB_TITLE)
VALUES (100, 'Thea', 'Hawkins', 'thea.hawkins@example.com', '650.507.9844', to_date('13-JAN-16', 'DD-MON-RR'), 25,
        'Shipping Clerk');
INSERT INTO EMPLOYEES (EMPLOYEE_ID, FIRST_NAME, LAST_NAME, EMAIL, PHONE, HIRE_DATE, MANAGER_ID, JOB_TITLE)
VALUES (81, 'Lola', 'Ramos', 'lola.ramos@example.com', '650.507.9876', to_date('24-JAN-16', 'DD-MON-RR'), 21,
        'Shipping Clerk');
INSERT INTO EMPLOYEES (EMPLOYEE_ID, FIRST_NAME, LAST_NAME, EMAIL, PHONE, HIRE_DATE, MANAGER_ID, JOB_TITLE)
VALUES (82, 'Willow', 'Reyes', 'willow.reyes@example.com', '650.507.9877', to_date('23-FEB-16', 'DD-MON-RR'), 21,
        'Shipping Clerk');
INSERT INTO EMPLOYEES (EMPLOYEE_ID, FIRST_NAME, LAST_NAME, EMAIL, PHONE, HIRE_DATE, MANAGER_ID, JOB_TITLE)
VALUES (83, 'Ivy', 'Burns', 'ivy.burns@example.com', '650.507.9878', to_date('21-JUN-16', 'DD-MON-RR'), 21,
        'Shipping Clerk');
INSERT INTO EMPLOYEES (EMPLOYEE_ID, FIRST_NAME, LAST_NAME, EMAIL, PHONE, HIRE_DATE, MANAGER_ID, JOB_TITLE)
VALUES (84, 'Erin', 'Gordon', 'erin.gordon@example.com', '650.507.9879', to_date('03-FEB-16', 'DD-MON-RR'), 21,
        'Shipping Clerk');
INSERT INTO EMPLOYEES (EMPLOYEE_ID, FIRST_NAME, LAST_NAME, EMAIL, PHONE, HIRE_DATE, MANAGER_ID, JOB_TITLE)
VALUES (33, 'Reggie', 'Simmons', 'reggie.simmons@example.com', '650.124.8234', to_date('10-APR-16', 'DD-MON-RR'), 22,
        'Stock Clerk');
INSERT INTO EMPLOYEES (EMPLOYEE_ID, FIRST_NAME, LAST_NAME, EMAIL, PHONE, HIRE_DATE, MANAGER_ID, JOB_TITLE)
VALUES (44, 'Emily', 'Hamilton', 'emily.hamilton@example.com', '650.121.2874', to_date('15-MAR-16', 'DD-MON-RR'), 25,
        'Stock Clerk');
INSERT INTO EMPLOYEES (EMPLOYEE_ID, FIRST_NAME, LAST_NAME, EMAIL, PHONE, HIRE_DATE, MANAGER_ID, JOB_TITLE)
VALUES (43, 'Olivia', 'Ford', 'olivia.ford@example.com', '650.121.2994', to_date('29-JAN-16', 'DD-MON-RR'), 25,
        'Stock Clerk');
INSERT INTO EMPLOYEES (EMPLOYEE_ID, FIRST_NAME, LAST_NAME, EMAIL, PHONE, HIRE_DATE, MANAGER_ID, JOB_TITLE)
VALUES (42, 'Amelia', 'Myers', 'amelia.myers@example.com', '650.121.8009', to_date('17-OCT-16', 'DD-MON-RR'), 25,
        'Stock Clerk');
INSERT INTO EMPLOYEES (EMPLOYEE_ID, FIRST_NAME, LAST_NAME, EMAIL, PHONE, HIRE_DATE, MANAGER_ID, JOB_TITLE)
VALUES (41, 'Connor', 'Hayes', 'connor.hayes@example.com', '650.121.1834', to_date('06-APR-16', 'DD-MON-RR'), 24,
        'Stock Clerk');
INSERT INTO EMPLOYEES (EMPLOYEE_ID, FIRST_NAME, LAST_NAME, EMAIL, PHONE, HIRE_DATE, MANAGER_ID, JOB_TITLE)
VALUES (26, 'Leon', 'Powell', 'leon.powell@example.com', '650.124.1214', to_date('16-JUL-16', 'DD-MON-RR'), 21,
        'Stock Clerk');
INSERT INTO EMPLOYEES (EMPLOYEE_ID, FIRST_NAME, LAST_NAME, EMAIL, PHONE, HIRE_DATE, MANAGER_ID, JOB_TITLE)
VALUES (27, 'Kai', 'Long', 'kai.long@example.com', '650.124.1224', to_date('28-SEP-16', 'DD-MON-RR'), 21,
        'Stock Clerk');
INSERT INTO EMPLOYEES (EMPLOYEE_ID, FIRST_NAME, LAST_NAME, EMAIL, PHONE, HIRE_DATE, MANAGER_ID, JOB_TITLE)
VALUES (28, 'Aaron', 'Patterson', 'aaron.patterson@example.com', '650.124.1334', to_date('14-JAN-16', 'DD-MON-RR'), 21,
        'Stock Clerk');
INSERT INTO EMPLOYEES (EMPLOYEE_ID, FIRST_NAME, LAST_NAME, EMAIL, PHONE, HIRE_DATE, MANAGER_ID, JOB_TITLE)
VALUES (29, 'Roman', 'Hughes', 'roman.hughes@example.com', '650.124.1434', to_date('08-MAR-16', 'DD-MON-RR'), 21,
        'Stock Clerk');
INSERT INTO EMPLOYEES (EMPLOYEE_ID, FIRST_NAME, LAST_NAME, EMAIL, PHONE, HIRE_DATE, MANAGER_ID, JOB_TITLE)
VALUES (30, 'Austin', 'Flores', 'austin.flores@example.com', '650.124.5234', to_date('20-AUG-16', 'DD-MON-RR'), 22,
        'Stock Clerk');
INSERT INTO EMPLOYEES (EMPLOYEE_ID, FIRST_NAME, LAST_NAME, EMAIL, PHONE, HIRE_DATE, MANAGER_ID, JOB_TITLE)
VALUES (31, 'Ellis', 'Washington', 'ellis.washington@example.com', '650.124.6234', to_date('30-OCT-16', 'DD-MON-RR'),
        22, 'Stock Clerk');
INSERT INTO EMPLOYEES (EMPLOYEE_ID, FIRST_NAME, LAST_NAME, EMAIL, PHONE, HIRE_DATE, MANAGER_ID, JOB_TITLE)
VALUES (32, 'Jamie', 'Butler', 'jamie.butler@example.com', '650.124.7234', to_date('16-FEB-16', 'DD-MON-RR'), 22,
        'Stock Clerk');
INSERT INTO EMPLOYEES (EMPLOYEE_ID, FIRST_NAME, LAST_NAME, EMAIL, PHONE, HIRE_DATE, MANAGER_ID, JOB_TITLE)
VALUES (45, 'Isla', 'Graham', 'isla.graham@example.com', '650.121.2004', to_date('09-JUL-16', 'DD-MON-RR'), 25,
        'Stock Clerk');
INSERT INTO EMPLOYEES (EMPLOYEE_ID, FIRST_NAME, LAST_NAME, EMAIL, PHONE, HIRE_DATE, MANAGER_ID, JOB_TITLE)
VALUES (34, 'Seth', 'Foster', 'seth.foster@example.com', '650.127.1934', to_date('14-JUN-16', 'DD-MON-RR'), 23,
        'Stock Clerk');
INSERT INTO EMPLOYEES (EMPLOYEE_ID, FIRST_NAME, LAST_NAME, EMAIL, PHONE, HIRE_DATE, MANAGER_ID, JOB_TITLE)
VALUES (35, 'Carter', 'Gonzales', 'carter.gonzales@example.com', '650.127.1834', to_date('26-AUG-16', 'DD-MON-RR'), 23,
        'Stock Clerk');
INSERT INTO EMPLOYEES (EMPLOYEE_ID, FIRST_NAME, LAST_NAME, EMAIL, PHONE, HIRE_DATE, MANAGER_ID, JOB_TITLE)
VALUES (36, 'Felix', 'Bryant', 'felix.bryant@example.com', '650.127.1734', to_date('12-DEC-16', 'DD-MON-RR'), 23,
        'Stock Clerk');
INSERT INTO EMPLOYEES (EMPLOYEE_ID, FIRST_NAME, LAST_NAME, EMAIL, PHONE, HIRE_DATE, MANAGER_ID, JOB_TITLE)
VALUES (37, 'Ibrahim', 'Alexander', 'ibrahim.alexander@example.com', '650.127.1634', to_date('06-FEB-16', 'DD-MON-RR'),
        23, 'Stock Clerk');
INSERT INTO EMPLOYEES (EMPLOYEE_ID, FIRST_NAME, LAST_NAME, EMAIL, PHONE, HIRE_DATE, MANAGER_ID, JOB_TITLE)
VALUES (38, 'Sonny', 'Russell', 'sonny.russell@example.com', '650.121.1234', to_date('14-JUL-16', 'DD-MON-RR'), 24,
        'Stock Clerk');
INSERT INTO EMPLOYEES (EMPLOYEE_ID, FIRST_NAME, LAST_NAME, EMAIL, PHONE, HIRE_DATE, MANAGER_ID, JOB_TITLE)
VALUES (39, 'Kian', 'Griffin', 'kian.griffin@example.com', '650.121.2034', to_date('26-OCT-16', 'DD-MON-RR'), 24,
        'Stock Clerk');
INSERT INTO EMPLOYEES (EMPLOYEE_ID, FIRST_NAME, LAST_NAME, EMAIL, PHONE, HIRE_DATE, MANAGER_ID, JOB_TITLE)
VALUES (40, 'Caleb', 'Diaz', 'caleb.diaz@example.com', '650.121.2019', to_date('12-FEB-16', 'DD-MON-RR'), 24,
        'Stock Clerk');
INSERT INTO EMPLOYEES (EMPLOYEE_ID, FIRST_NAME, LAST_NAME, EMAIL, PHONE, HIRE_DATE, MANAGER_ID, JOB_TITLE)
VALUES (25, 'Ronnie', 'Perry', 'ronnie.perry@example.com', '650.123.5234', to_date('16-NOV-16', 'DD-MON-RR'), 1,
        'Stock Manager');
INSERT INTO EMPLOYEES (EMPLOYEE_ID, FIRST_NAME, LAST_NAME, EMAIL, PHONE, HIRE_DATE, MANAGER_ID, JOB_TITLE)
VALUES (24, 'Callum', 'Jenkins', 'callum.jenkins@example.com', '650.123.4234', to_date('10-OCT-16', 'DD-MON-RR'), 1,
        'Stock Manager');
INSERT INTO EMPLOYEES (EMPLOYEE_ID, FIRST_NAME, LAST_NAME, EMAIL, PHONE, HIRE_DATE, MANAGER_ID, JOB_TITLE)
VALUES (23, 'Jackson', 'Coleman', 'jackson.coleman@example.com', '650.123.3234', to_date('01-MAY-16', 'DD-MON-RR'), 1,
        'Stock Manager');
INSERT INTO EMPLOYEES (EMPLOYEE_ID, FIRST_NAME, LAST_NAME, EMAIL, PHONE, HIRE_DATE, MANAGER_ID, JOB_TITLE)
VALUES (22, 'Liam', 'Henderson', 'liam.henderson@example.com', '650.123.2234', to_date('10-APR-16', 'DD-MON-RR'), 1,
        'Stock Manager');
INSERT INTO EMPLOYEES (EMPLOYEE_ID, FIRST_NAME, LAST_NAME, EMAIL, PHONE, HIRE_DATE, MANAGER_ID, JOB_TITLE)
VALUES (21, 'Jaxon', 'Ross', 'jaxon.ross@example.com', '650.123.1234', to_date('18-JUL-16', 'DD-MON-RR'), 1,
        'Stock Manager');

REM INSERTING into HENDI.PRODUCT_CATEGORIES
SET DEFINE OFF;
INSERT INTO HENDI.PRODUCT_CATEGORIES (CATEGORY_ID, CATEGORY_NAME)
VALUES (1, 'CPU');
INSERT INTO HENDI.PRODUCT_CATEGORIES (CATEGORY_ID, CATEGORY_NAME)
VALUES (2, 'Video Card');
INSERT INTO HENDI.PRODUCT_CATEGORIES (CATEGORY_ID, CATEGORY_NAME)
VALUES (3, 'RAM');
INSERT INTO HENDI.PRODUCT_CATEGORIES (CATEGORY_ID, CATEGORY_NAME)
VALUES (4, 'Mother Board');
INSERT INTO HENDI.PRODUCT_CATEGORIES (CATEGORY_ID, CATEGORY_NAME)
VALUES (5, 'Storage');

REM INSERTING into HENDI.PRODUCTS
SET DEFINE OFF;
INSERT INTO HENDI.PRODUCTS (PRODUCT_ID, PRODUCT_NAME, DESCRIPTION, STANDARD_COST, LIST_PRICE, CATEGORY_ID)
VALUES (228, 'Intel Xeon E5-2699 V3 (OEM/Tray)', 'Speed:2.3GHz,Cores:18,TDP:145W', 2867.51, 3410.46, 1);
INSERT INTO HENDI.PRODUCTS (PRODUCT_ID, PRODUCT_NAME, DESCRIPTION, STANDARD_COST, LIST_PRICE, CATEGORY_ID)
VALUES (248, 'Intel Xeon E5-2697 V3', 'Speed:2.6GHz,Cores:14,TDP:145W', 2326.27, 2774.98, 1);
INSERT INTO HENDI.PRODUCTS (PRODUCT_ID, PRODUCT_NAME, DESCRIPTION, STANDARD_COST, LIST_PRICE, CATEGORY_ID)
VALUES (249, 'Intel Xeon E5-2698 V3 (OEM/Tray)', 'Speed:2.3GHz,Cores:16,TDP:135W', 2035.18, 2660.72, 1);
INSERT INTO HENDI.PRODUCTS (PRODUCT_ID, PRODUCT_NAME, DESCRIPTION, STANDARD_COST, LIST_PRICE, CATEGORY_ID)
VALUES (2, 'Intel Xeon E5-2697 V4', 'Speed:2.3GHz,Cores:18,TDP:145W', 2144.4, 2554.99, 1);
INSERT INTO HENDI.PRODUCTS (PRODUCT_ID, PRODUCT_NAME, DESCRIPTION, STANDARD_COST, LIST_PRICE, CATEGORY_ID)
VALUES (45, 'Intel Xeon E5-2685 V3 (OEM/Tray)', 'Speed:2.6GHz,Cores:12,TDP:120W', 2012.11, 2501.69, 1);
INSERT INTO HENDI.PRODUCTS (PRODUCT_ID, PRODUCT_NAME, DESCRIPTION, STANDARD_COST, LIST_PRICE, CATEGORY_ID)
VALUES (46, 'Intel Xeon E5-2695 V3 (OEM/Tray)', 'Speed:2.3GHz,Cores:14,TDP:120W', 1925.13, 2431.95, 1);
INSERT INTO HENDI.PRODUCTS (PRODUCT_ID, PRODUCT_NAME, DESCRIPTION, STANDARD_COST, LIST_PRICE, CATEGORY_ID)
VALUES (47, 'Intel Xeon E5-2697 V2', 'Speed:2.7GHz,Cores:12,TDP:130W', 2101.59, 2377.09, 1);
INSERT INTO HENDI.PRODUCTS (PRODUCT_ID, PRODUCT_NAME, DESCRIPTION, STANDARD_COST, LIST_PRICE, CATEGORY_ID)
VALUES (51, 'Intel Xeon E5-2695 V4', 'Speed:2.1GHz,Cores:18,TDP:120W', 1780.35, 2269.99, 1);
INSERT INTO HENDI.PRODUCTS (PRODUCT_ID, PRODUCT_NAME, DESCRIPTION, STANDARD_COST, LIST_PRICE, CATEGORY_ID)
VALUES (91, 'Intel Xeon E5-2695 V2', 'Speed:2.4GHz,Cores:12,TDP:115W', 1793.53, 2259.99, 1);
INSERT INTO HENDI.PRODUCTS (PRODUCT_ID, PRODUCT_NAME, DESCRIPTION, STANDARD_COST, LIST_PRICE, CATEGORY_ID)
VALUES (92, 'Intel Xeon E5-2643 V2 (OEM/Tray)', 'Speed:3.5GHz,Cores:6,TDP:130W', 1940.18, 2200, 1);
INSERT INTO HENDI.PRODUCTS (PRODUCT_ID, PRODUCT_NAME, DESCRIPTION, STANDARD_COST, LIST_PRICE, CATEGORY_ID)
VALUES (93, 'Intel Xeon E5-2690 (OEM/Tray)', 'Speed:2.9GHz,Cores:8,TDP:135W', 1888.33, 2116.72, 1);
INSERT INTO HENDI.PRODUCTS (PRODUCT_ID, PRODUCT_NAME, DESCRIPTION, STANDARD_COST, LIST_PRICE, CATEGORY_ID)
VALUES (98, 'Intel Xeon E5-2687W V3', 'Speed:3.1GHz,Cores:10,TDP:160W', 1781.47, 2064.99, 1);
INSERT INTO HENDI.PRODUCTS (PRODUCT_ID, PRODUCT_NAME, DESCRIPTION, STANDARD_COST, LIST_PRICE, CATEGORY_ID)
VALUES (102, 'Intel Xeon E5-2687W V4', 'Speed:3.0GHz,Cores:12,TDP:160W', 1723.83, 2042.69, 1);
INSERT INTO HENDI.PRODUCTS (PRODUCT_ID, PRODUCT_NAME, DESCRIPTION, STANDARD_COST, LIST_PRICE, CATEGORY_ID)
VALUES (158, 'Intel Xeon E5-2667 V3 (OEM/Tray)', 'Speed:3.2GHz,Cores:8,TDP:135W', 1504.08, 2009.46, 1);
INSERT INTO HENDI.PRODUCTS (PRODUCT_ID, PRODUCT_NAME, DESCRIPTION, STANDARD_COST, LIST_PRICE, CATEGORY_ID)
VALUES (159, 'Intel Xeon E5-2690 V4', 'Speed:2.6GHz,Cores:14,TDP:135W', 1499.26, 1994.49, 1);
INSERT INTO HENDI.PRODUCTS (PRODUCT_ID, PRODUCT_NAME, DESCRIPTION, STANDARD_COST, LIST_PRICE, CATEGORY_ID)
VALUES (160, 'Intel Xeon E5-2690 V3', 'Speed:2.6GHz,Cores:12,TDP:135W', 1540.35, 1908.73, 1);
INSERT INTO HENDI.PRODUCTS (PRODUCT_ID, PRODUCT_NAME, DESCRIPTION, STANDARD_COST, LIST_PRICE, CATEGORY_ID)
VALUES (162, 'Intel Xeon E5-2470V2', 'Speed:2.4GHz,Cores:10,TDP:95W', 1671.95, 1904.7, 1);
INSERT INTO HENDI.PRODUCTS (PRODUCT_ID, PRODUCT_NAME, DESCRIPTION, STANDARD_COST, LIST_PRICE, CATEGORY_ID)
VALUES (163, 'Intel Xeon E5-2683 V4', 'Speed:2.1GHz,Cores:16,TDP:120W', 1706.95, 1899.99, 1);
INSERT INTO HENDI.PRODUCTS (PRODUCT_ID, PRODUCT_NAME, DESCRIPTION, STANDARD_COST, LIST_PRICE, CATEGORY_ID)
VALUES (164, 'Intel Xeon E5-2637 V2 (OEM/Tray)', 'Speed:3.5GHz,Cores:4,TDP:130W', 1323.12, 1850, 1);
INSERT INTO HENDI.PRODUCTS (PRODUCT_ID, PRODUCT_NAME, DESCRIPTION, STANDARD_COST, LIST_PRICE, CATEGORY_ID)
VALUES (169, 'Intel Xeon E5-2683 V4 (OEM/Tray)', 'Speed:2.1GHz,Cores:16,TDP:120W', 1369.83, 1844.89, 1);
INSERT INTO HENDI.PRODUCTS (PRODUCT_ID, PRODUCT_NAME, DESCRIPTION, STANDARD_COST, LIST_PRICE, CATEGORY_ID)
VALUES (240, 'Intel Core i7-4960X Extreme Edition', 'Speed:3.6GHz,Cores:6,TDP:130W', 1496.43, 1805.97, 1);
INSERT INTO HENDI.PRODUCTS (PRODUCT_ID, PRODUCT_NAME, DESCRIPTION, STANDARD_COST, LIST_PRICE, CATEGORY_ID)
VALUES (241, 'Intel Xeon E5-2699 V4 (OEM/Tray)', 'Speed:2.2GHz,Cores:22,TDP:145W', 1535.62, 1756, 1);
INSERT INTO HENDI.PRODUCTS (PRODUCT_ID, PRODUCT_NAME, DESCRIPTION, STANDARD_COST, LIST_PRICE, CATEGORY_ID)
VALUES (242, 'Intel Xeon E5-1680 V3 (OEM/Tray)', 'Speed:3.2GHz,Cores:8,TDP:140W', 1519.85, 1751.99, 1);
INSERT INTO HENDI.PRODUCTS (PRODUCT_ID, PRODUCT_NAME, DESCRIPTION, STANDARD_COST, LIST_PRICE, CATEGORY_ID)
VALUES (243, 'Intel Xeon E5-2643 V4 (OEM/Tray)', 'Speed:3.4GHz,Cores:6,TDP:135W', 1225.59, 1708.86, 1);
INSERT INTO HENDI.PRODUCTS (PRODUCT_ID, PRODUCT_NAME, DESCRIPTION, STANDARD_COST, LIST_PRICE, CATEGORY_ID)
VALUES (19, 'Intel Core i7-6950X (OEM/Tray)', 'Speed:3.0GHz,Cores:10,TDP:140W', 1479.56, 1704.37, 1);
INSERT INTO HENDI.PRODUCTS (PRODUCT_ID, PRODUCT_NAME, DESCRIPTION, STANDARD_COST, LIST_PRICE, CATEGORY_ID)
VALUES (52, 'Intel Xeon E5-2670 V3', 'Speed:2.3GHz,Cores:12,TDP:120W', 1453.94, 1676.98, 1);
INSERT INTO HENDI.PRODUCTS (PRODUCT_ID, PRODUCT_NAME, DESCRIPTION, STANDARD_COST, LIST_PRICE, CATEGORY_ID)
VALUES (165, 'Intel Xeon E5-2680', 'Speed:2.7GHz,Cores:8,TDP:130W', 1479.95, 1666.61, 1);
INSERT INTO HENDI.PRODUCTS (PRODUCT_ID, PRODUCT_NAME, DESCRIPTION, STANDARD_COST, LIST_PRICE, CATEGORY_ID)
VALUES (212, 'Intel Xeon E5-2680 V4', 'Speed:2.4GHz,Cores:14,TDP:120W', 1365.13, 1639.99, 1);
INSERT INTO HENDI.PRODUCTS (PRODUCT_ID, PRODUCT_NAME, DESCRIPTION, STANDARD_COST, LIST_PRICE, CATEGORY_ID)
VALUES (166, 'Intel Xeon E5-2680 V3 (OEM/Tray)', 'Speed:2.5GHz,Cores:12,TDP:120W', 1166.89, 1638.89, 1);
INSERT INTO HENDI.PRODUCTS (PRODUCT_ID, PRODUCT_NAME, DESCRIPTION, STANDARD_COST, LIST_PRICE, CATEGORY_ID)
VALUES (82, 'Intel Core i7-6950X', 'Speed:3.0GHz,Cores:10,TDP:140W', 1052.92, 1499.89, 1);
INSERT INTO HENDI.PRODUCTS (PRODUCT_ID, PRODUCT_NAME, DESCRIPTION, STANDARD_COST, LIST_PRICE, CATEGORY_ID)
VALUES (213, 'Intel Xeon E5-2643 V3 (OEM/Tray)', 'Speed:3.4GHz,Cores:6,TDP:135W', 1266.37, 1469.96, 1);
INSERT INTO HENDI.PRODUCTS (PRODUCT_ID, PRODUCT_NAME, DESCRIPTION, STANDARD_COST, LIST_PRICE, CATEGORY_ID)
VALUES (218, 'Intel Xeon E5-2660 V4', 'Speed:2.0GHz,Cores:14,TDP:105W', 1194.03, 1388.89, 1);
INSERT INTO HENDI.PRODUCTS (PRODUCT_ID, PRODUCT_NAME, DESCRIPTION, STANDARD_COST, LIST_PRICE, CATEGORY_ID)
VALUES (219, 'Intel Xeon E5-2660 V3', 'Speed:2.6GHz,Cores:10,TDP:105W', 1041.99, 1299.73, 1);
INSERT INTO HENDI.PRODUCTS (PRODUCT_ID, PRODUCT_NAME, DESCRIPTION, STANDARD_COST, LIST_PRICE, CATEGORY_ID)
VALUES (85, 'Intel Xeon E5-2660 V3 (OEM/Tray)', 'Speed:2.6GHz,Cores:10,TDP:105W', 902.18, 1274.99, 1);
INSERT INTO HENDI.PRODUCTS (PRODUCT_ID, PRODUCT_NAME, DESCRIPTION, STANDARD_COST, LIST_PRICE, CATEGORY_ID)
VALUES (153, 'Intel Xeon E5-2650 V2', 'Speed:2.6GHz,Cores:8,TDP:95W', 961.11, 1249, 1);
INSERT INTO HENDI.PRODUCTS (PRODUCT_ID, PRODUCT_NAME, DESCRIPTION, STANDARD_COST, LIST_PRICE, CATEGORY_ID)
VALUES (154, 'Intel Xeon E5-2650 V3', 'Speed:2.3GHz,Cores:10,TDP:105W', 906.63, 1204.98, 1);
INSERT INTO HENDI.PRODUCTS (PRODUCT_ID, PRODUCT_NAME, DESCRIPTION, STANDARD_COST, LIST_PRICE, CATEGORY_ID)
VALUES (209, 'Intel Core i7-990X Extreme Edition', 'Speed:3.47GHz,Cores:6,TDP:130W', 1072.79, 1199.99, 1);
INSERT INTO HENDI.PRODUCTS (PRODUCT_ID, PRODUCT_NAME, DESCRIPTION, STANDARD_COST, LIST_PRICE, CATEGORY_ID)
VALUES (81, 'Intel Xeon E5-2650 V4', 'Speed:2.2GHz,Cores:12,TDP:105W', 945.11, 1099.99, 1);
INSERT INTO HENDI.PRODUCTS (PRODUCT_ID, PRODUCT_NAME, DESCRIPTION, STANDARD_COST, LIST_PRICE, CATEGORY_ID)
VALUES (211, 'Intel Xeon E5-2650', 'Speed:2.0GHz,Cores:8,TDP:95W', 869.03, 1064.99, 1);
INSERT INTO HENDI.PRODUCTS (PRODUCT_ID, PRODUCT_NAME, DESCRIPTION, STANDARD_COST, LIST_PRICE, CATEGORY_ID)
VALUES (210, 'Intel Core i9-7900X', 'Speed:3.3GHz,Cores:10,TDP:140W', 855.82, 1029.99, 1);
INSERT INTO HENDI.PRODUCTS (PRODUCT_ID, PRODUCT_NAME, DESCRIPTION, STANDARD_COST, LIST_PRICE, CATEGORY_ID)
VALUES (54, 'Intel Xeon E5-1660 V3 (OEM/Tray)', 'Speed:3.0GHz,Cores:8,TDP:140W', 914.52, 1019.99, 1);
INSERT INTO HENDI.PRODUCTS (PRODUCT_ID, PRODUCT_NAME, DESCRIPTION, STANDARD_COST, LIST_PRICE, CATEGORY_ID)
VALUES (167, 'Intel Xeon E5-2650L V3 (OEM/Tray)', 'Speed:1.8GHz,Cores:12,TDP:65W', 779.17, 1010.46, 1);
INSERT INTO HENDI.PRODUCTS (PRODUCT_ID, PRODUCT_NAME, DESCRIPTION, STANDARD_COST, LIST_PRICE, CATEGORY_ID)
VALUES (214, 'Intel Core i7-5960X', 'Speed:3.0GHz,Cores:8,TDP:140W', 865.59, 1009.79, 1);
INSERT INTO HENDI.PRODUCTS (PRODUCT_ID, PRODUCT_NAME, DESCRIPTION, STANDARD_COST, LIST_PRICE, CATEGORY_ID)
VALUES (53, 'Intel Core 2 Extreme QX6800', 'Speed:2.93GHz,Cores:4,TDP:100W', 787.72, 1003.98, 1);
INSERT INTO HENDI.PRODUCTS (PRODUCT_ID, PRODUCT_NAME, DESCRIPTION, STANDARD_COST, LIST_PRICE, CATEGORY_ID)
VALUES (59, 'Intel Core i7-5960X (OEM/Tray)', 'Speed:3.0GHz,Cores:8,TDP:140W', 879.8, 977.99, 1);
INSERT INTO HENDI.PRODUCTS (PRODUCT_ID, PRODUCT_NAME, DESCRIPTION, STANDARD_COST, LIST_PRICE, CATEGORY_ID)
VALUES (176, 'Intel Xeon E5-2650 V3 (OEM/Tray)', 'Speed:2.3GHz,Cores:10,TDP:105W', 799.98, 939.49, 1);
INSERT INTO HENDI.PRODUCTS (PRODUCT_ID, PRODUCT_NAME, DESCRIPTION, STANDARD_COST, LIST_PRICE, CATEGORY_ID)
VALUES (9, 'Intel Xeon E5-2640 V4', 'Speed:2.4GHz,Cores:10,TDP:90W', 738.71, 899.99, 1);
INSERT INTO HENDI.PRODUCTS (PRODUCT_ID, PRODUCT_NAME, DESCRIPTION, STANDARD_COST, LIST_PRICE, CATEGORY_ID)
VALUES (119, 'Intel Xeon E5-2640 V3', 'Speed:2.6GHz,Cores:8,TDP:90W', 668.24, 899.99, 1);
INSERT INTO HENDI.PRODUCTS (PRODUCT_ID, PRODUCT_NAME, DESCRIPTION, STANDARD_COST, LIST_PRICE, CATEGORY_ID)
VALUES (120, 'Intel Core 2 Extreme QX9775', 'Speed:3.2GHz,Cores:4,TDP:150W', 737.68, 892, 1);
INSERT INTO HENDI.PRODUCTS (PRODUCT_ID, PRODUCT_NAME, DESCRIPTION, STANDARD_COST, LIST_PRICE, CATEGORY_ID)
VALUES (16, 'Intel Core i7-6900K', 'Speed:3.2GHz,Cores:8,TDP:140W', 792.89, 889.89, 1);
INSERT INTO HENDI.PRODUCTS (PRODUCT_ID, PRODUCT_NAME, DESCRIPTION, STANDARD_COST, LIST_PRICE, CATEGORY_ID)
VALUES (111, 'Intel Core i7-6900K (OEM/Tray)', 'Speed:3.2GHz,Cores:8,TDP:140W', 620.28, 827.37, 1);
INSERT INTO HENDI.PRODUCTS (PRODUCT_ID, PRODUCT_NAME, DESCRIPTION, STANDARD_COST, LIST_PRICE, CATEGORY_ID)
VALUES (136, 'AMD Opteron 6378', 'Speed:2.4GHz,Cores:16,TDP:115W', 651.92, 826.99, 1);
INSERT INTO HENDI.PRODUCTS (PRODUCT_ID, PRODUCT_NAME, DESCRIPTION, STANDARD_COST, LIST_PRICE, CATEGORY_ID)
VALUES (27, 'Intel Core i7-3960X Extreme Edition', 'Speed:3.3GHz,Cores:6,TDP:130W', 573.41, 800.74, 1);
INSERT INTO HENDI.PRODUCTS (PRODUCT_ID, PRODUCT_NAME, DESCRIPTION, STANDARD_COST, LIST_PRICE, CATEGORY_ID)
VALUES (73, 'Intel Core i7-4770K', 'Speed:3.5GHz,Cores:4,TDP:84W', 714.15, 799, 1);
INSERT INTO HENDI.PRODUCTS (PRODUCT_ID, PRODUCT_NAME, DESCRIPTION, STANDARD_COST, LIST_PRICE, CATEGORY_ID)
VALUES (70, 'Intel Xeon E5-2687W', 'Speed:3.1GHz,Cores:8,TDP:150W', 581.16, 710.99, 1);
INSERT INTO HENDI.PRODUCTS (PRODUCT_ID, PRODUCT_NAME, DESCRIPTION, STANDARD_COST, LIST_PRICE, CATEGORY_ID)
VALUES (74, 'Intel Xeon E5-2680 V2', 'Speed:2.8GHz,Cores:10,TDP:115W', 567.81, 701.95, 1);
INSERT INTO HENDI.PRODUCTS (PRODUCT_ID, PRODUCT_NAME, DESCRIPTION, STANDARD_COST, LIST_PRICE, CATEGORY_ID)
VALUES (198, 'Intel Core i7-980', 'Speed:3.33GHz,Cores:6,TDP:130W', 563.7, 699.99, 1);
INSERT INTO HENDI.PRODUCTS (PRODUCT_ID, PRODUCT_NAME, DESCRIPTION, STANDARD_COST, LIST_PRICE, CATEGORY_ID)
VALUES (69, 'Intel Core i7-7820X', 'Speed:3.6GHz,Cores:8,TDP:140W', 511.1, 678.75, 1);
INSERT INTO HENDI.PRODUCTS (PRODUCT_ID, PRODUCT_NAME, DESCRIPTION, STANDARD_COST, LIST_PRICE, CATEGORY_ID)
VALUES (71, 'Intel Core i7-3930K', 'Speed:3.2GHz,Cores:6,TDP:130W', 509.32, 660, 1);
INSERT INTO HENDI.PRODUCTS (PRODUCT_ID, PRODUCT_NAME, DESCRIPTION, STANDARD_COST, LIST_PRICE, CATEGORY_ID)
VALUES (199, 'Intel Xeon E5-2630 V4', 'Speed:2.2GHz,Cores:10,TDP:85W', 528.95, 647.99, 1);
INSERT INTO HENDI.PRODUCTS (PRODUCT_ID, PRODUCT_NAME, DESCRIPTION, STANDARD_COST, LIST_PRICE, CATEGORY_ID)
VALUES (76, 'Intel Xeon E5-2630 V3', 'Speed:2.4GHz,Cores:8,TDP:85W', 499.96, 629.99, 1);
INSERT INTO HENDI.PRODUCTS (PRODUCT_ID, PRODUCT_NAME, DESCRIPTION, STANDARD_COST, LIST_PRICE, CATEGORY_ID)
VALUES (75, 'Intel Core i7-4930K', 'Speed:3.4GHz,Cores:6,TDP:130W', 527.69, 624.04, 1);
INSERT INTO HENDI.PRODUCTS (PRODUCT_ID, PRODUCT_NAME, DESCRIPTION, STANDARD_COST, LIST_PRICE, CATEGORY_ID)
VALUES (200, 'Intel Core i7-4790K', 'Speed:4.0GHz,Cores:4,TDP:88W', 461.92, 620.95, 1);
INSERT INTO HENDI.PRODUCTS (PRODUCT_ID, PRODUCT_NAME, DESCRIPTION, STANDARD_COST, LIST_PRICE, CATEGORY_ID)
VALUES (106, 'Intel Xeon E5-2640 V2', 'Speed:2.0GHz,Cores:8,TDP:95W', 545.19, 608.95, 1);
INSERT INTO HENDI.PRODUCTS (PRODUCT_ID, PRODUCT_NAME, DESCRIPTION, STANDARD_COST, LIST_PRICE, CATEGORY_ID)
VALUES (8, 'Intel Xeon E5-1650 V4', 'Speed:3.6GHz,Cores:6,TDP:140W', 535.47, 601.99, 1);
INSERT INTO HENDI.PRODUCTS (PRODUCT_ID, PRODUCT_NAME, DESCRIPTION, STANDARD_COST, LIST_PRICE, CATEGORY_ID)
VALUES (124, 'Intel Xeon E5-1650 V4 (OEM/Tray)', 'Speed:3.6GHz,Cores:6,TDP:140W', 453.14, 594.99, 1);
INSERT INTO HENDI.PRODUCTS (PRODUCT_ID, PRODUCT_NAME, DESCRIPTION, STANDARD_COST, LIST_PRICE, CATEGORY_ID)
VALUES (72, 'Intel Xeon E5-2630 V3 (OEM/Tray)', 'Speed:2.4GHz,Cores:8,TDP:85W', 421.9, 589.99, 1);
INSERT INTO HENDI.PRODUCTS (PRODUCT_ID, PRODUCT_NAME, DESCRIPTION, STANDARD_COST, LIST_PRICE, CATEGORY_ID)
VALUES (155, 'Intel Xeon E5-2630 V2', 'Speed:2.6GHz,Cores:6,TDP:80W', 493.48, 588.95, 1);
INSERT INTO HENDI.PRODUCTS (PRODUCT_ID, PRODUCT_NAME, DESCRIPTION, STANDARD_COST, LIST_PRICE, CATEGORY_ID)
VALUES (80, 'Intel Xeon E5-1650 V3', 'Speed:3.5GHz,Cores:6,TDP:140W', 399.77, 564.89, 1);
INSERT INTO HENDI.PRODUCTS (PRODUCT_ID, PRODUCT_NAME, DESCRIPTION, STANDARD_COST, LIST_PRICE, CATEGORY_ID)
VALUES (132, 'Intel Core i7-5930K', 'Speed:3.5GHz,Cores:6,TDP:140W', 481.56, 554.99, 1);
INSERT INTO HENDI.PRODUCTS (PRODUCT_ID, PRODUCT_NAME, DESCRIPTION, STANDARD_COST, LIST_PRICE, CATEGORY_ID)
VALUES (133, 'PNY VCQP6000-PB', 'Chipset:Quadro P6000,Memory:24GBCore Clock:1.42GHz', 4058.99, 5499.99, 2);
INSERT INTO HENDI.PRODUCTS (PRODUCT_ID, PRODUCT_NAME, DESCRIPTION, STANDARD_COST, LIST_PRICE, CATEGORY_ID)
VALUES (206, 'PNY VCQM6000-24GB-PB', 'Chipset:Quadro M6000,Memory:24GBCore Clock:988MHz', 3619.14, 4139, 2);
INSERT INTO HENDI.PRODUCTS (PRODUCT_ID, PRODUCT_NAME, DESCRIPTION, STANDARD_COST, LIST_PRICE, CATEGORY_ID)
VALUES (207, 'PNY VCQM6000-PB', 'Chipset:Quadro M6000,Memory:12GBCore Clock:988MHz', 2505.04, 3254.99, 2);
INSERT INTO HENDI.PRODUCTS (PRODUCT_ID, PRODUCT_NAME, DESCRIPTION, STANDARD_COST, LIST_PRICE, CATEGORY_ID)
VALUES (110, 'ATI FirePro W9000', 'Chipset:FirePro W9000,Memory:6GBCore Clock:975MHz', 2785.55, 3192.97, 2);
INSERT INTO HENDI.PRODUCTS (PRODUCT_ID, PRODUCT_NAME, DESCRIPTION, STANDARD_COST, LIST_PRICE, CATEGORY_ID)
VALUES (123, 'ATI FirePro S9150', 'Chipset:FirePro S9150,Memory:16GBCore Clock:900MHz', 2628.06, 3177.44, 2);
INSERT INTO HENDI.PRODUCTS (PRODUCT_ID, PRODUCT_NAME, DESCRIPTION, STANDARD_COST, LIST_PRICE, CATEGORY_ID)
VALUES (142, 'AMD FirePro W9100', 'Chipset:FirePro W9100,Memory:16GBCore Clock:930MHz', 2483.38, 2998.89, 2);
INSERT INTO HENDI.PRODUCTS (PRODUCT_ID, PRODUCT_NAME, DESCRIPTION, STANDARD_COST, LIST_PRICE, CATEGORY_ID)
VALUES (105, 'EVGA 12G-P4-3992-KR', 'Chipset:GeForce GTX Titan Z,Memory:12GBCore Clock:732MHz', 2313.07, 2799.99, 2);
INSERT INTO HENDI.PRODUCTS (PRODUCT_ID, PRODUCT_NAME, DESCRIPTION, STANDARD_COST, LIST_PRICE, CATEGORY_ID)
VALUES (4, 'AMD 100-505989', 'Chipset:FirePro W9100,Memory:32GBCore Clock:930MHz', 2128.67, 2699.99, 2);
INSERT INTO HENDI.PRODUCTS (PRODUCT_ID, PRODUCT_NAME, DESCRIPTION, STANDARD_COST, LIST_PRICE, CATEGORY_ID)
VALUES (5, 'PNY VCQK6000-PB', 'Chipset:Quadro K6000,Memory:12GBCore Clock:902MHz', 1740.31, 2290.79, 2);
INSERT INTO HENDI.PRODUCTS (PRODUCT_ID, PRODUCT_NAME, DESCRIPTION, STANDARD_COST, LIST_PRICE, CATEGORY_ID)
VALUES (11, 'PNY VCQP5000-PB', 'Chipset:Quadro P5000,Memory:16GBCore Clock:1.61GHz', 1602.21, 2015.11, 2);
INSERT INTO HENDI.PRODUCTS (PRODUCT_ID, PRODUCT_NAME, DESCRIPTION, STANDARD_COST, LIST_PRICE, CATEGORY_ID)
VALUES (178, 'HP C2J95AT', 'Chipset:Quadro K5000,Memory:4GBCore Clock:706MHz', 1715.91, 1999.89, 2);
INSERT INTO HENDI.PRODUCTS (PRODUCT_ID, PRODUCT_NAME, DESCRIPTION, STANDARD_COST, LIST_PRICE, CATEGORY_ID)
VALUES (267, 'EVGA 12G-P4-1999-KR', 'Chipset:GeForce GTX Titan X,Memory:12GBCore Clock:1.15GHz', 1328.03, 1799.99, 2);
INSERT INTO HENDI.PRODUCTS (PRODUCT_ID, PRODUCT_NAME, DESCRIPTION, STANDARD_COST, LIST_PRICE, CATEGORY_ID)
VALUES (177, 'PNY VCQM5000-PB', 'Chipset:Quadro M5000,Memory:8GBCore Clock:861MHz', 1268.42, 1759.99, 2);
INSERT INTO HENDI.PRODUCTS (PRODUCT_ID, PRODUCT_NAME, DESCRIPTION, STANDARD_COST, LIST_PRICE, CATEGORY_ID)
VALUES (245, 'ATI FirePro S9050', 'Chipset:FirePro S9050,Memory:12GBCore Clock:900MHz', 1237.04, 1699, 2);
INSERT INTO HENDI.PRODUCTS (PRODUCT_ID, PRODUCT_NAME, DESCRIPTION, STANDARD_COST, LIST_PRICE, CATEGORY_ID)
VALUES (161, 'AMD 100-5056062', 'Chipset:Vega Frontier Edition Liquid,Memory:16GBCore Clock:1.5GHz', 1343.84, 1499.99,
        2);
INSERT INTO HENDI.PRODUCTS (PRODUCT_ID, PRODUCT_NAME, DESCRIPTION, STANDARD_COST, LIST_PRICE, CATEGORY_ID)
VALUES (186, 'PNY VCQK5200-PB', 'Chipset:Quadro K5200,Memory:8GBCore Clock:667MHz', 1129.39, 1449.98, 2);
INSERT INTO HENDI.PRODUCTS (PRODUCT_ID, PRODUCT_NAME, DESCRIPTION, STANDARD_COST, LIST_PRICE, CATEGORY_ID)
VALUES (48, 'AMD FirePro S7000', 'Chipset:FirePro S7000,Memory:4GBCore Clock:950MHz', 936.42, 1218.5, 2);
INSERT INTO HENDI.PRODUCTS (PRODUCT_ID, PRODUCT_NAME, DESCRIPTION, STANDARD_COST, LIST_PRICE, CATEGORY_ID)
VALUES (184, 'AMD 100-506061', 'Chipset:Vega Frontier Edition,Memory:16GBCore Clock:1.44GHz', 706.99, 999.99, 2);
INSERT INTO HENDI.PRODUCTS (PRODUCT_ID, PRODUCT_NAME, DESCRIPTION, STANDARD_COST, LIST_PRICE, CATEGORY_ID)
VALUES (181, 'ATI FirePro R5000', 'Chipset:FirePro R5000,Memory:2GBCore Clock:825MHz', 760.59, 999.99, 2);
INSERT INTO HENDI.PRODUCTS (PRODUCT_ID, PRODUCT_NAME, DESCRIPTION, STANDARD_COST, LIST_PRICE, CATEGORY_ID)
VALUES (182, 'PNY VCQK4200-PB', 'Chipset:Quadro K4200,Memory:4GBCore Clock:771MHz', 799.05, 949.89, 2);
INSERT INTO HENDI.PRODUCTS (PRODUCT_ID, PRODUCT_NAME, DESCRIPTION, STANDARD_COST, LIST_PRICE, CATEGORY_ID)
VALUES (183, 'Asus GTX780TI-3GD5', 'Chipset:GeForce GTX 780 Ti,Memory:3GBCore Clock:876MHz', 781.91, 899.99, 2);
INSERT INTO HENDI.PRODUCTS (PRODUCT_ID, PRODUCT_NAME, DESCRIPTION, STANDARD_COST, LIST_PRICE, CATEGORY_ID)
VALUES (185, 'MSI GTX 1080 TI LIGHTNING Z', 'Chipset:GeForce GTX 1080 Ti,Memory:11GBCore Clock:1.61GHz', 688.35, 873.98,
        2);
INSERT INTO HENDI.PRODUCTS (PRODUCT_ID, PRODUCT_NAME, DESCRIPTION, STANDARD_COST, LIST_PRICE, CATEGORY_ID)
VALUES (281, 'Asus ROG-POSEIDON-GTX1080TI-P11G-GAMING', 'Chipset:GeForce GTX 1080 Ti,Memory:11GBCore Clock:1.62GHz',
        696.14, 864.98, 2);
INSERT INTO HENDI.PRODUCTS (PRODUCT_ID, PRODUCT_NAME, DESCRIPTION, STANDARD_COST, LIST_PRICE, CATEGORY_ID)
VALUES (216, 'MSI GTX 1080 TI LIGHTNING X', 'Chipset:GeForce GTX 1080 Ti,Memory:11GBCore Clock:1.57GHz', 742.94, 863.98,
        2);
INSERT INTO HENDI.PRODUCTS (PRODUCT_ID, PRODUCT_NAME, DESCRIPTION, STANDARD_COST, LIST_PRICE, CATEGORY_ID)
VALUES (6, 'Zotac ZT-P10810A-10P', 'Chipset:GeForce GTX 1080 Ti,Memory:11GBCore Clock:1.48GHz', 702.35, 849.99, 2);
INSERT INTO HENDI.PRODUCTS (PRODUCT_ID, PRODUCT_NAME, DESCRIPTION, STANDARD_COST, LIST_PRICE, CATEGORY_ID)
VALUES (108, 'MSI GAMING', 'Chipset:GeForce GTX 780 Ti,Memory:3GBCore Clock:1.02GHz', 753.18, 849.99, 2);
INSERT INTO HENDI.PRODUCTS (PRODUCT_ID, PRODUCT_NAME, DESCRIPTION, STANDARD_COST, LIST_PRICE, CATEGORY_ID)
VALUES (83, 'Asus STRIX-GTX1080TI-O11G-GAMING', 'Chipset:GeForce GTX 1080 Ti,Memory:11GBCore Clock:1.57GHz', 691.13,
        829.99, 2);
INSERT INTO HENDI.PRODUCTS (PRODUCT_ID, PRODUCT_NAME, DESCRIPTION, STANDARD_COST, LIST_PRICE, CATEGORY_ID)
VALUES (215, 'PNY VCQP4000-PB', 'Chipset:Quadro P4000,Memory:8GBCore Clock:1.23GHz', 724, 829.89, 2);
INSERT INTO HENDI.PRODUCTS (PRODUCT_ID, PRODUCT_NAME, DESCRIPTION, STANDARD_COST, LIST_PRICE, CATEGORY_ID)
VALUES (12, 'Gigabyte GV-N108TAORUSX W-11GD', 'Chipset:GeForce GTX 1080 Ti,Memory:11GBCore Clock:1.63GHz', 596.05,
        824.98, 2);
INSERT INTO HENDI.PRODUCTS (PRODUCT_ID, PRODUCT_NAME, DESCRIPTION, STANDARD_COST, LIST_PRICE, CATEGORY_ID)
VALUES (114, 'Zotac ZT-70203-10P', 'Chipset:GeForce GTX 780,Memory:3GBCore Clock:1.01GHz', 580.42, 820.61, 2);
INSERT INTO HENDI.PRODUCTS (PRODUCT_ID, PRODUCT_NAME, DESCRIPTION, STANDARD_COST, LIST_PRICE, CATEGORY_ID)
VALUES (103, 'EVGA 11G-P4-6598-KR', 'Chipset:GeForce GTX 1080 Ti,Memory:11GBCore Clock:1.56GHz', 663.54, 809.99, 2);
INSERT INTO HENDI.PRODUCTS (PRODUCT_ID, PRODUCT_NAME, DESCRIPTION, STANDARD_COST, LIST_PRICE, CATEGORY_ID)
VALUES (86, 'MSI GTX 1080 TI SEA HAWK X', 'Chipset:GeForce GTX 1080 Ti,Memory:11GBCore Clock:1.57GHz', 691.32, 804.98,
        2);
INSERT INTO HENDI.PRODUCTS (PRODUCT_ID, PRODUCT_NAME, DESCRIPTION, STANDARD_COST, LIST_PRICE, CATEGORY_ID)
VALUES (3, 'Corsair CB-9060011-WW', 'Chipset:GeForce GTX 1080 Ti,Memory:11GBCore Clock:1.57GHz', 573.51, 799.99, 2);
INSERT INTO HENDI.PRODUCTS (PRODUCT_ID, PRODUCT_NAME, DESCRIPTION, STANDARD_COST, LIST_PRICE, CATEGORY_ID)
VALUES (174, 'MSI GTX 1080 TI AERO 11G OC', 'Chipset:GeForce GTX 1080 Ti,Memory:11GBCore Clock:1.51GHz', 715.72, 798.26,
        2);
INSERT INTO HENDI.PRODUCTS (PRODUCT_ID, PRODUCT_NAME, DESCRIPTION, STANDARD_COST, LIST_PRICE, CATEGORY_ID)
VALUES (175, 'NVIDIA VCQM4000-PB', 'Chipset:Quadro M4000,Memory:8GBCore Clock:N/A', 682.09, 790, 2);
INSERT INTO HENDI.PRODUCTS (PRODUCT_ID, PRODUCT_NAME, DESCRIPTION, STANDARD_COST, LIST_PRICE, CATEGORY_ID)
VALUES (58, 'Gigabyte GV-N108TAORUS X-11GD', 'Chipset:GeForce GTX 1080 Ti,Memory:11GBCore Clock:1.61GHz', 688.35,
        784.98, 2);
INSERT INTO HENDI.PRODUCTS (PRODUCT_ID, PRODUCT_NAME, DESCRIPTION, STANDARD_COST, LIST_PRICE, CATEGORY_ID)
VALUES (270, 'Gigabyte GV-N1070WF2OC-8GD', 'Chipset:GeForce GTX 1070,Memory:8GBCore Clock:1.56GHz', 551.62, 769.99, 2);
INSERT INTO HENDI.PRODUCTS (PRODUCT_ID, PRODUCT_NAME, DESCRIPTION, STANDARD_COST, LIST_PRICE, CATEGORY_ID)
VALUES (223, 'MSI GeForce GTX 1080 TI ARMOR 11G OC', 'Chipset:GeForce GTX 1080 Ti,Memory:11GBCore Clock:1.48GHz',
        644.19, 764.98, 2);
INSERT INTO HENDI.PRODUCTS (PRODUCT_ID, PRODUCT_NAME, DESCRIPTION, STANDARD_COST, LIST_PRICE, CATEGORY_ID)
VALUES (90, 'EVGA 11G-P4-6696-KR', 'Chipset:GeForce GTX 1080 Ti,Memory:11GBCore Clock:1.56GHz', 594.46, 759.99, 2);
INSERT INTO HENDI.PRODUCTS (PRODUCT_ID, PRODUCT_NAME, DESCRIPTION, STANDARD_COST, LIST_PRICE, CATEGORY_ID)
VALUES (220, 'MSI GeForce GTX 1080 Ti GAMING X 11G', 'Chipset:GeForce GTX 1080 Ti,Memory:11GBCore Clock:1.57GHz',
        666.59, 759.99, 2);
INSERT INTO HENDI.PRODUCTS (PRODUCT_ID, PRODUCT_NAME, DESCRIPTION, STANDARD_COST, LIST_PRICE, CATEGORY_ID)
VALUES (221, 'Zotac ZT-P10810C-10P', 'Chipset:GeForce GTX 1080 Ti,Memory:11GBCore Clock:1.65GHz', 535.03, 759.99, 2);
INSERT INTO HENDI.PRODUCTS (PRODUCT_ID, PRODUCT_NAME, DESCRIPTION, STANDARD_COST, LIST_PRICE, CATEGORY_ID)
VALUES (269, 'Zotac ZT-P10810D-10P', 'Chipset:GeForce GTX 1080 Ti,Memory:11GBCore Clock:1.57GHz', 580.1, 759.99, 2);
INSERT INTO HENDI.PRODUCTS (PRODUCT_ID, PRODUCT_NAME, DESCRIPTION, STANDARD_COST, LIST_PRICE, CATEGORY_ID)
VALUES (87, 'PNY VCGGTX1080T11XGPB-OC', 'Chipset:GeForce GTX 1080 Ti,Memory:11GBCore Clock:1.53GHz', 600.92, 759.99, 2);
INSERT INTO HENDI.PRODUCTS (PRODUCT_ID, PRODUCT_NAME, DESCRIPTION, STANDARD_COST, LIST_PRICE, CATEGORY_ID)
VALUES (222, 'Zotac ZT-P10810G-10P', 'Chipset:GeForce GTX 1080 Ti,Memory:11GBCore Clock:1.51GHz', 598.25, 754.98, 2);
INSERT INTO HENDI.PRODUCTS (PRODUCT_ID, PRODUCT_NAME, DESCRIPTION, STANDARD_COST, LIST_PRICE, CATEGORY_ID)
VALUES (88, 'Gigabyte GV-N98TWF3OC-6GD', 'Chipset:GeForce GTX 980 Ti,Memory:6GBCore Clock:1.06GHz', 633.29, 749.99, 2);
INSERT INTO HENDI.PRODUCTS (PRODUCT_ID, PRODUCT_NAME, DESCRIPTION, STANDARD_COST, LIST_PRICE, CATEGORY_ID)
VALUES (89, 'PNY VCGGTX780T3XPB-OC', 'Chipset:GeForce GTX 780 Ti,Memory:3GBCore Clock:980MHz', 592.12, 749.99, 2);
INSERT INTO HENDI.PRODUCTS (PRODUCT_ID, PRODUCT_NAME, DESCRIPTION, STANDARD_COST, LIST_PRICE, CATEGORY_ID)
VALUES (236, 'MSI GTX 980 Ti Gaming 6G', 'Chipset:GeForce GTX 980 Ti,Memory:6GBCore Clock:1.18GHz', 539.98, 745.32, 2);
INSERT INTO HENDI.PRODUCTS (PRODUCT_ID, PRODUCT_NAME, DESCRIPTION, STANDARD_COST, LIST_PRICE, CATEGORY_ID)
VALUES (237, 'Gigabyte GV-N108TAORUS-11GD', 'Chipset:GeForce GTX 1080 Ti,Memory:11GBCore Clock:1.59GHz', 605.3, 744.98,
        2);
INSERT INTO HENDI.PRODUCTS (PRODUCT_ID, PRODUCT_NAME, DESCRIPTION, STANDARD_COST, LIST_PRICE, CATEGORY_ID)
VALUES (238, 'EVGA 06G-P4-4998-KR', 'Chipset:GeForce GTX 980 Ti,Memory:6GBCore Clock:1.19GHz', 521.03, 741.78, 2);
INSERT INTO HENDI.PRODUCTS (PRODUCT_ID, PRODUCT_NAME, DESCRIPTION, STANDARD_COST, LIST_PRICE, CATEGORY_ID)
VALUES (239, 'MSI GTX 1080 Ti DUKE 11G OC', 'Chipset:GeForce GTX 1080 Ti,Memory:11GBCore Clock:1.53GHz', 555.07, 739.99,
        2);
INSERT INTO HENDI.PRODUCTS (PRODUCT_ID, PRODUCT_NAME, DESCRIPTION, STANDARD_COST, LIST_PRICE, CATEGORY_ID)
VALUES (244, 'Crucial', 'Speed:DDR4-2133,Type:288-pin DIMM,CAS:15Module:4x16GBSize:64GB', 1139.23, 1620.99, 5);
INSERT INTO HENDI.PRODUCTS (PRODUCT_ID, PRODUCT_NAME, DESCRIPTION, STANDARD_COST, LIST_PRICE, CATEGORY_ID)
VALUES (261, 'G.Skill TridentZ RGB', 'Speed:DDR4-3200,Type:288-pin DIMM,CAS:14Module:8x16GBSize:128GB', 1330.26,
        1504.99, 5);
INSERT INTO HENDI.PRODUCTS (PRODUCT_ID, PRODUCT_NAME, DESCRIPTION, STANDARD_COST, LIST_PRICE, CATEGORY_ID)
VALUES (262, 'Corsair Dominator Platinum', 'Speed:DDR4-3200,Type:288-pin DIMM,CAS:16Module:8x16GBSize:128GB', 1051.97,
        1449.99, 5);
INSERT INTO HENDI.PRODUCTS (PRODUCT_ID, PRODUCT_NAME, DESCRIPTION, STANDARD_COST, LIST_PRICE, CATEGORY_ID)
VALUES (265, 'G.Skill Trident Z', 'Speed:DDR4-3200,Type:288-pin DIMM,CAS:14Module:8x16GBSize:128GB', 1163.49, 1431.99,
        5);
INSERT INTO HENDI.PRODUCTS (PRODUCT_ID, PRODUCT_NAME, DESCRIPTION, STANDARD_COST, LIST_PRICE, CATEGORY_ID)
VALUES (266, 'G.Skill Trident Z RGB', 'Speed:DDR4-3333,Type:288-pin DIMM,CAS:16Module:8x16GBSize:128GB', 1174.36,
        1418.99, 5);
INSERT INTO HENDI.PRODUCTS (PRODUCT_ID, PRODUCT_NAME, DESCRIPTION, STANDARD_COST, LIST_PRICE, CATEGORY_ID)
VALUES (279, 'G.Skill Ripjaws V Series', 'Speed:DDR4-3000,Type:288-pin DIMM,CAS:14Module:8x16GBSize:128GB', 1139.87,
        1318.99, 5);
INSERT INTO HENDI.PRODUCTS (PRODUCT_ID, PRODUCT_NAME, DESCRIPTION, STANDARD_COST, LIST_PRICE, CATEGORY_ID)
VALUES (35, 'Corsair Dominator Platinum', 'Speed:DDR4-2800,Type:288-pin DIMM,CAS:15Module:8x16GBSize:128GB', 1131.68,
        1314.99, 5);
INSERT INTO HENDI.PRODUCTS (PRODUCT_ID, PRODUCT_NAME, DESCRIPTION, STANDARD_COST, LIST_PRICE, CATEGORY_ID)
VALUES (36, 'Corsair Vengeance LPX', 'Speed:DDR4-3000,Type:288-pin DIMM,CAS:15Module:8x16GBSize:128GB', 912.98, 1299.99,
        5);
INSERT INTO HENDI.PRODUCTS (PRODUCT_ID, PRODUCT_NAME, DESCRIPTION, STANDARD_COST, LIST_PRICE, CATEGORY_ID)
VALUES (37, 'Corsair Dominator Platinum', 'Speed:DDR4-2666,Type:288-pin DIMM,CAS:15Module:8x16GBSize:128GB', 1068.66,
        1264.99, 5);
INSERT INTO HENDI.PRODUCTS (PRODUCT_ID, PRODUCT_NAME, DESCRIPTION, STANDARD_COST, LIST_PRICE, CATEGORY_ID)
VALUES (38, 'Corsair Vengeance LPX', 'Speed:DDR4-2400,Type:288-pin DIMM,CAS:15Module:8x16GBSize:128GB', 1019.51,
        1199.99, 5);
INSERT INTO HENDI.PRODUCTS (PRODUCT_ID, PRODUCT_NAME, DESCRIPTION, STANDARD_COST, LIST_PRICE, CATEGORY_ID)
VALUES (65, 'Corsair Dominator Platinum', 'Speed:DDR4-2400,Type:288-pin DIMM,CAS:15Module:8x16GBSize:128GB', 1002.47,
        1199.99, 5);
INSERT INTO HENDI.PRODUCTS (PRODUCT_ID, PRODUCT_NAME, DESCRIPTION, STANDARD_COST, LIST_PRICE, CATEGORY_ID)
VALUES (276, 'Corsair Vengeance LPX', 'Speed:DDR4-2666,Type:288-pin DIMM,CAS:15Module:8x16GBSize:128GB', 867.52,
        1163.99, 5);
INSERT INTO HENDI.PRODUCTS (PRODUCT_ID, PRODUCT_NAME, DESCRIPTION, STANDARD_COST, LIST_PRICE, CATEGORY_ID)
VALUES (196, 'Corsair Vengeance LPX', 'Speed:DDR4-2133,Type:288-pin DIMM,CAS:15Module:8x16GBSize:128GB', 821.91,
        1099.99, 5);
INSERT INTO HENDI.PRODUCTS (PRODUCT_ID, PRODUCT_NAME, DESCRIPTION, STANDARD_COST, LIST_PRICE, CATEGORY_ID)
VALUES (272, 'G.Skill Ripjaws 4 Series', 'Speed:DDR4-2800,Type:288-pin DIMM,CAS:15Module:8x16GBSize:128GB', 834.06,
        1073.99, 5);
INSERT INTO HENDI.PRODUCTS (PRODUCT_ID, PRODUCT_NAME, DESCRIPTION, STANDARD_COST, LIST_PRICE, CATEGORY_ID)
VALUES (195, 'G.Skill Ripjaws 4 Series', 'Speed:DDR4-2400,Type:288-pin DIMM,CAS:14Module:8x16GBSize:128GB', 836.03,
        1055.99, 5);
INSERT INTO HENDI.PRODUCTS (PRODUCT_ID, PRODUCT_NAME, DESCRIPTION, STANDARD_COST, LIST_PRICE, CATEGORY_ID)
VALUES (67, 'Kingston HyperX Beast', 'Speed:DDR3-1866,Type:240-pin DIMM,CAS:10Module:8x8GBSize:64GB', 708.91, 863.05,
        5);
INSERT INTO HENDI.PRODUCTS (PRODUCT_ID, PRODUCT_NAME, DESCRIPTION, STANDARD_COST, LIST_PRICE, CATEGORY_ID)
VALUES (10, 'Crucial', 'Speed:DDR4-2133,Type:288-pin DIMM,CAS:15Module:2x16GBSize:32GB', 580.33, 811.99, 5);
INSERT INTO HENDI.PRODUCTS (PRODUCT_ID, PRODUCT_NAME, DESCRIPTION, STANDARD_COST, LIST_PRICE, CATEGORY_ID)
VALUES (112, 'Corsair Vengeance Pro', 'Speed:DDR3-2133,Type:240-pin DIMM,CAS:11Module:8x8GBSize:64GB', 596.25, 808.92,
        5);
INSERT INTO HENDI.PRODUCTS (PRODUCT_ID, PRODUCT_NAME, DESCRIPTION, STANDARD_COST, LIST_PRICE, CATEGORY_ID)
VALUES (282, 'Corsair Dominator Platinum', 'Speed:DDR4-3200,Type:288-pin DIMM,CAS:15Module:8x8GBSize:64GB', 700.5,
        804.99, 5);
INSERT INTO HENDI.PRODUCTS (PRODUCT_ID, PRODUCT_NAME, DESCRIPTION, STANDARD_COST, LIST_PRICE, CATEGORY_ID)
VALUES (197, 'G.Skill Trident Z RGB', 'Speed:DDR4-3600,Type:288-pin DIMM,CAS:17Module:4x16GBSize:64GB', 622.47, 799.99,
        5);
INSERT INTO HENDI.PRODUCTS (PRODUCT_ID, PRODUCT_NAME, DESCRIPTION, STANDARD_COST, LIST_PRICE, CATEGORY_ID)
VALUES (18, 'Crucial', 'Speed:DDR4-2400,Type:288-pin DIMM,CAS:17Module:1x64GBSize:64GB', 604.04, 799, 5);
INSERT INTO HENDI.PRODUCTS (PRODUCT_ID, PRODUCT_NAME, DESCRIPTION, STANDARD_COST, LIST_PRICE, CATEGORY_ID)
VALUES (125, 'G.Skill Trident Z', 'Speed:DDR4-3600,Type:288-pin DIMM,CAS:17Module:4x16GBSize:64GB', 594.04, 768.99, 5);
INSERT INTO HENDI.PRODUCTS (PRODUCT_ID, PRODUCT_NAME, DESCRIPTION, STANDARD_COST, LIST_PRICE, CATEGORY_ID)
VALUES (68, 'Crucial', 'Speed:DDR4-2133,Type:288-pin DIMM,CAS:15Module:4x16GBSize:64GB', 590.13, 766.11, 5);
INSERT INTO HENDI.PRODUCTS (PRODUCT_ID, PRODUCT_NAME, DESCRIPTION, STANDARD_COST, LIST_PRICE, CATEGORY_ID)
VALUES (283, 'G.Skill Trident Z', 'Speed:DDR4-3200,Type:288-pin DIMM,CAS:14Module:8x8GBSize:64GB', 647.83, 760.99, 5);
INSERT INTO HENDI.PRODUCTS (PRODUCT_ID, PRODUCT_NAME, DESCRIPTION, STANDARD_COST, LIST_PRICE, CATEGORY_ID)
VALUES (277, 'G.Skill Trident Z', 'Speed:DDR4-3200,Type:288-pin DIMM,CAS:14Module:8x8GBSize:64GB', 556.8, 758.99, 5);
INSERT INTO HENDI.PRODUCTS (PRODUCT_ID, PRODUCT_NAME, DESCRIPTION, STANDARD_COST, LIST_PRICE, CATEGORY_ID)
VALUES (21, 'Corsair Dominator Platinum', 'Speed:DDR4-3466,Type:288-pin DIMM,CAS:16Module:4x16GBSize:64GB', 609.89,
        749.99, 5);
INSERT INTO HENDI.PRODUCTS (PRODUCT_ID, PRODUCT_NAME, DESCRIPTION, STANDARD_COST, LIST_PRICE, CATEGORY_ID)
VALUES (128, 'Kingston', 'Speed:DDR4-2133,Type:288-pin DIMM,CAS:15Module:4x16GBSize:64GB', 650.48, 741.63, 5);
INSERT INTO HENDI.PRODUCTS (PRODUCT_ID, PRODUCT_NAME, DESCRIPTION, STANDARD_COST, LIST_PRICE, CATEGORY_ID)
VALUES (129, 'Corsair Vengeance LPX', 'Speed:DDR4-3333,Type:288-pin DIMM,CAS:15Module:4x16GBSize:64GB', 609.53, 734.99,
        5);
INSERT INTO HENDI.PRODUCTS (PRODUCT_ID, PRODUCT_NAME, DESCRIPTION, STANDARD_COST, LIST_PRICE, CATEGORY_ID)
VALUES (116, 'G.Skill Trident Z', 'Speed:DDR4-3400,Type:288-pin DIMM,CAS:16Module:4x16GBSize:64GB', 565.39, 731.99, 5);
INSERT INTO HENDI.PRODUCTS (PRODUCT_ID, PRODUCT_NAME, DESCRIPTION, STANDARD_COST, LIST_PRICE, CATEGORY_ID)
VALUES (15, 'G.Skill Trident Z', 'Speed:DDR4-3466,Type:288-pin DIMM,CAS:16Module:4x16GBSize:64GB', 601.56, 725.99, 5);
INSERT INTO HENDI.PRODUCTS (PRODUCT_ID, PRODUCT_NAME, DESCRIPTION, STANDARD_COST, LIST_PRICE, CATEGORY_ID)
VALUES (122, 'G.Skill Trident Z', 'Speed:DDR4-3333,Type:288-pin DIMM,CAS:16Module:4x16GBSize:64GB', 532.27, 722.99, 5);
INSERT INTO HENDI.PRODUCTS (PRODUCT_ID, PRODUCT_NAME, DESCRIPTION, STANDARD_COST, LIST_PRICE, CATEGORY_ID)
VALUES (121, 'G.Skill Ripjaws V Series', 'Speed:DDR4-3200,Type:288-pin DIMM,CAS:14Module:8x8GBSize:64GB', 603.22,
        721.99, 5);
INSERT INTO HENDI.PRODUCTS (PRODUCT_ID, PRODUCT_NAME, DESCRIPTION, STANDARD_COST, LIST_PRICE, CATEGORY_ID)
VALUES (20, 'Corsair Dominator Platinum', 'Speed:DDR4-3200,Type:288-pin DIMM,CAS:15Module:4x16GBSize:64GB', 616.53,
        719.99, 5);
INSERT INTO HENDI.PRODUCTS (PRODUCT_ID, PRODUCT_NAME, DESCRIPTION, STANDARD_COST, LIST_PRICE, CATEGORY_ID)
VALUES (127, 'Corsair Dominator Platinum', 'Speed:DDR4-3333,Type:288-pin DIMM,CAS:15Module:4x16GBSize:64GB', 538.55,
        719.99, 5);
INSERT INTO HENDI.PRODUCTS (PRODUCT_ID, PRODUCT_NAME, DESCRIPTION, STANDARD_COST, LIST_PRICE, CATEGORY_ID)
VALUES (109, 'G.Skill Trident Z', 'Speed:DDR4-3200,Type:288-pin DIMM,CAS:14Module:4x16GBSize:64GB', 585.26, 713.99, 5);
INSERT INTO HENDI.PRODUCTS (PRODUCT_ID, PRODUCT_NAME, DESCRIPTION, STANDARD_COST, LIST_PRICE, CATEGORY_ID)
VALUES (202, 'G.Skill Trident Z', 'Speed:DDR4-3200,Type:288-pin DIMM,CAS:14Module:4x16GBSize:64GB', 533.21, 713.99, 5);
INSERT INTO HENDI.PRODUCTS (PRODUCT_ID, PRODUCT_NAME, DESCRIPTION, STANDARD_COST, LIST_PRICE, CATEGORY_ID)
VALUES (113, 'G.Skill Trident Z', 'Speed:DDR4-3200,Type:288-pin DIMM,CAS:15Module:4x16GBSize:64GB', 580.21, 704.99, 5);
INSERT INTO HENDI.PRODUCTS (PRODUCT_ID, PRODUCT_NAME, DESCRIPTION, STANDARD_COST, LIST_PRICE, CATEGORY_ID)
VALUES (13, 'G.Skill Ripjaws V Series', 'Speed:DDR4-3333,Type:288-pin DIMM,CAS:16Module:4x16GBSize:64GB', 618.63,
        704.99, 5);
INSERT INTO HENDI.PRODUCTS (PRODUCT_ID, PRODUCT_NAME, DESCRIPTION, STANDARD_COST, LIST_PRICE, CATEGORY_ID)
VALUES (14, 'G.Skill Ripjaws V Series', 'Speed:DDR4-3333,Type:288-pin DIMM,CAS:16Module:4x16GBSize:64GB', 633.65,
        704.99, 5);
INSERT INTO HENDI.PRODUCTS (PRODUCT_ID, PRODUCT_NAME, DESCRIPTION, STANDARD_COST, LIST_PRICE, CATEGORY_ID)
VALUES (115, 'Corsair Vengeance LPX', 'Speed:DDR4-3200,Type:288-pin DIMM,CAS:15Module:8x8GBSize:64GB', 565.73, 699.99,
        5);
INSERT INTO HENDI.PRODUCTS (PRODUCT_ID, PRODUCT_NAME, DESCRIPTION, STANDARD_COST, LIST_PRICE, CATEGORY_ID)
VALUES (118, 'Corsair Dominator Platinum', 'Speed:DDR4-2800,Type:288-pin DIMM,CAS:15Module:8x8GBSize:64GB', 578.46,
        699.89, 5);
INSERT INTO HENDI.PRODUCTS (PRODUCT_ID, PRODUCT_NAME, DESCRIPTION, STANDARD_COST, LIST_PRICE, CATEGORY_ID)
VALUES (17, 'Corsair Vengeance LPX', 'Speed:DDR4-3333,Type:288-pin DIMM,CAS:15Module:4x16GBSize:64GB', 595.42, 699.01,
        5);
INSERT INTO HENDI.PRODUCTS (PRODUCT_ID, PRODUCT_NAME, DESCRIPTION, STANDARD_COST, LIST_PRICE, CATEGORY_ID)
VALUES (117, 'G.Skill Ripjaws V Series', 'Speed:DDR4-3200,Type:288-pin DIMM,CAS:14Module:4x16GBSize:64GB', 617.62,
        695.99, 5);
INSERT INTO HENDI.PRODUCTS (PRODUCT_ID, PRODUCT_NAME, DESCRIPTION, STANDARD_COST, LIST_PRICE, CATEGORY_ID)
VALUES (77, 'G.Skill Ripjaws V Series', 'Speed:DDR4-3200,Type:288-pin DIMM,CAS:14Module:4x16GBSize:64GB', 577.25,
        695.99, 5);
INSERT INTO HENDI.PRODUCTS (PRODUCT_ID, PRODUCT_NAME, DESCRIPTION, STANDARD_COST, LIST_PRICE, CATEGORY_ID)
VALUES (78, 'G.Skill Ripjaws V Series', 'Speed:DDR4-3200,Type:288-pin DIMM,CAS:15Module:4x16GBSize:64GB', 517.78,
        686.99, 5);
INSERT INTO HENDI.PRODUCTS (PRODUCT_ID, PRODUCT_NAME, DESCRIPTION, STANDARD_COST, LIST_PRICE, CATEGORY_ID)
VALUES (204, 'G.Skill Ripjaws V Series', 'Speed:DDR4-3200,Type:288-pin DIMM,CAS:15Module:4x16GBSize:64GB', 546.64,
        686.99, 5);
INSERT INTO HENDI.PRODUCTS (PRODUCT_ID, PRODUCT_NAME, DESCRIPTION, STANDARD_COST, LIST_PRICE, CATEGORY_ID)
VALUES (7, 'G.Skill Ripjaws V Series', 'Speed:DDR4-3200,Type:288-pin DIMM,CAS:15Module:8x8GBSize:64GB', 602.4, 680.99,
        5);
INSERT INTO HENDI.PRODUCTS (PRODUCT_ID, PRODUCT_NAME, DESCRIPTION, STANDARD_COST, LIST_PRICE, CATEGORY_ID)
VALUES (278, 'G.Skill Ripjaws V Series', 'Speed:DDR4-3000,Type:288-pin DIMM,CAS:14Module:8x8GBSize:64GB', 546.05,
        677.99, 5);
INSERT INTO HENDI.PRODUCTS (PRODUCT_ID, PRODUCT_NAME, DESCRIPTION, STANDARD_COST, LIST_PRICE, CATEGORY_ID)
VALUES (203, 'Kingston', 'Speed:DDR3-1333,Type:240-pin DIMM,CAS:9Module:4x16GBSize:64GB', 556.84, 671.38, 5);
INSERT INTO HENDI.PRODUCTS (PRODUCT_ID, PRODUCT_NAME, DESCRIPTION, STANDARD_COST, LIST_PRICE, CATEGORY_ID)
VALUES (79, 'Corsair Dominator Platinum', 'Speed:DDR4-2666,Type:288-pin DIMM,CAS:15Module:8x8GBSize:64GB', 537.63,
        659.99, 5);
INSERT INTO HENDI.PRODUCTS (PRODUCT_ID, PRODUCT_NAME, DESCRIPTION, STANDARD_COST, LIST_PRICE, CATEGORY_ID)
VALUES (201, 'Kingston', 'Speed:DDR3-1600,Type:240-pin DIMM,CAS:11Module:4x8GBSize:32GB', 566.98, 653.5, 5);
INSERT INTO HENDI.PRODUCTS (PRODUCT_ID, PRODUCT_NAME, DESCRIPTION, STANDARD_COST, LIST_PRICE, CATEGORY_ID)
VALUES (205, 'G.Skill Trident X', 'Speed:DDR3-3100,Type:240-pin DIMM,CAS:12Module:2x4GBSize:8GB', 507.32, 649.99, 5);
INSERT INTO HENDI.PRODUCTS (PRODUCT_ID, PRODUCT_NAME, DESCRIPTION, STANDARD_COST, LIST_PRICE, CATEGORY_ID)
VALUES (29, 'Corsair Vengeance LPX', 'Speed:DDR4-3200,Type:288-pin DIMM,CAS:15Module:4x16GBSize:64GB', 571.7, 645.99,
        5);
INSERT INTO HENDI.PRODUCTS (PRODUCT_ID, PRODUCT_NAME, DESCRIPTION, STANDARD_COST, LIST_PRICE, CATEGORY_ID)
VALUES (138, 'G.Skill Ripjaws V Series', 'Speed:DDR4-3000,Type:288-pin DIMM,CAS:14Module:4x16GBSize:64GB', 499.09,
        645.99, 5);
INSERT INTO HENDI.PRODUCTS (PRODUCT_ID, PRODUCT_NAME, DESCRIPTION, STANDARD_COST, LIST_PRICE, CATEGORY_ID)
VALUES (30, 'G.Skill Ripjaws V Series', 'Speed:DDR4-2800,Type:288-pin DIMM,CAS:14Module:4x16GBSize:64GB', 452.54, 645.2,
        5);
INSERT INTO HENDI.PRODUCTS (PRODUCT_ID, PRODUCT_NAME, DESCRIPTION, STANDARD_COST, LIST_PRICE, CATEGORY_ID)
VALUES (107, 'Kingston', 'Speed:DDR3-1600,Type:240-pin DIMM,CAS:11Module:4x16GBSize:64GB', 474.18, 644, 5);
INSERT INTO HENDI.PRODUCTS (PRODUCT_ID, PRODUCT_NAME, DESCRIPTION, STANDARD_COST, LIST_PRICE, CATEGORY_ID)
VALUES (126, 'G.Skill Ripjaws V Series', 'Speed:DDR4-3200,Type:288-pin DIMM,CAS:16Module:8x8GBSize:64GB', 510.93,
        640.99, 5);
INSERT INTO HENDI.PRODUCTS (PRODUCT_ID, PRODUCT_NAME, DESCRIPTION, STANDARD_COST, LIST_PRICE, CATEGORY_ID)
VALUES (1, 'G.Skill Ripjaws V Series', 'Speed:DDR4-3000,Type:288-pin DIMM,CAS:15Module:8x8GBSize:64GB', 450.36, 640.99,
        5);
INSERT INTO HENDI.PRODUCTS (PRODUCT_ID, PRODUCT_NAME, DESCRIPTION, STANDARD_COST, LIST_PRICE, CATEGORY_ID)
VALUES (101, 'Kingston HyperX Predator', 'Speed:DDR4-3000,Type:288-pin DIMM,CAS:15Module:4x16GBSize:64GB', 471.78,
        635.99, 5);
INSERT INTO HENDI.PRODUCTS (PRODUCT_ID, PRODUCT_NAME, DESCRIPTION, STANDARD_COST, LIST_PRICE, CATEGORY_ID)
VALUES (190, 'Supermicro X10SDV-8C-TLN4F', 'CPU:Xeon D-1541,Form Factor:Mini ITX,RAM Slots:4,Max RAM:64GB', 664.29,
        948.99, 4);
INSERT INTO HENDI.PRODUCTS (PRODUCT_ID, PRODUCT_NAME, DESCRIPTION, STANDARD_COST, LIST_PRICE, CATEGORY_ID)
VALUES (62, 'Intel DP35DPM', 'CPU:LGA775,Form Factor:ATX,RAM Slots:4,Max RAM:8GB', 626.22, 789.79, 4);
INSERT INTO HENDI.PRODUCTS (PRODUCT_ID, PRODUCT_NAME, DESCRIPTION, STANDARD_COST, LIST_PRICE, CATEGORY_ID)
VALUES (189, 'Asus X99-E-10G WS', 'CPU:LGA2011-3,Form Factor:SSI CEB,RAM Slots:8,Max RAM:128GB', 582.02, 649, 4);
INSERT INTO HENDI.PRODUCTS (PRODUCT_ID, PRODUCT_NAME, DESCRIPTION, STANDARD_COST, LIST_PRICE, CATEGORY_ID)
VALUES (191, 'Asus ROG MAXIMUS IX EXTREME', 'CPU:LGA1151,Form Factor:EATX,RAM Slots:4,Max RAM:64GB', 480.89, 573.99, 4);
INSERT INTO HENDI.PRODUCTS (PRODUCT_ID, PRODUCT_NAME, DESCRIPTION, STANDARD_COST, LIST_PRICE, CATEGORY_ID)
VALUES (63, 'Asus RAMPAGE V EXTREME', 'CPU:LGA2011-3,Form Factor:EATX,RAM Slots:8,Max RAM:64GB', 459, 572.96, 4);
INSERT INTO HENDI.PRODUCTS (PRODUCT_ID, PRODUCT_NAME, DESCRIPTION, STANDARD_COST, LIST_PRICE, CATEGORY_ID)
VALUES (193, 'Asus Z10PE-D8 WS', 'CPU:LGA2011-3 x 2,Form Factor:SSI EEB,RAM Slots:8,Max RAM:512GB', 504.14, 561.59, 4);
INSERT INTO HENDI.PRODUCTS (PRODUCT_ID, PRODUCT_NAME, DESCRIPTION, STANDARD_COST, LIST_PRICE, CATEGORY_ID)
VALUES (271, 'MSI X99A GODLIKE GAMING CARBON', 'CPU:LGA2011-3,Form Factor:EATX,RAM Slots:8,Max RAM:128GB', 415, 549.59,
        4);
INSERT INTO HENDI.PRODUCTS (PRODUCT_ID, PRODUCT_NAME, DESCRIPTION, STANDARD_COST, LIST_PRICE, CATEGORY_ID)
VALUES (64, 'Supermicro H8DG6-F', 'CPU:G34 x 2,Form Factor:EATX,RAM Slots:16,Max RAM:512GB', 416.64, 525.99, 4);
INSERT INTO HENDI.PRODUCTS (PRODUCT_ID, PRODUCT_NAME, DESCRIPTION, STANDARD_COST, LIST_PRICE, CATEGORY_ID)
VALUES (192, 'Asus Rampage V Edition 10', 'CPU:LGA2011-3,Form Factor:EATX,RAM Slots:8,Max RAM:128GB', 452.5, 519.99, 4);
INSERT INTO HENDI.PRODUCTS (PRODUCT_ID, PRODUCT_NAME, DESCRIPTION, STANDARD_COST, LIST_PRICE, CATEGORY_ID)
VALUES (225, 'Gigabyte GA-Z270X-Gaming 9', 'CPU:LGA1151,Form Factor:EATX,RAM Slots:4,Max RAM:64GB', 380.05, 503.98, 4);
INSERT INTO HENDI.PRODUCTS (PRODUCT_ID, PRODUCT_NAME, DESCRIPTION, STANDARD_COST, LIST_PRICE, CATEGORY_ID)
VALUES (252, 'Gigabyte X299 AORUS Gaming 9', 'CPU:LGA2066,Form Factor:ATX,RAM Slots:8,Max RAM:128GB', 395.24, 499.99,
        4);
INSERT INTO HENDI.PRODUCTS (PRODUCT_ID, PRODUCT_NAME, DESCRIPTION, STANDARD_COST, LIST_PRICE, CATEGORY_ID)
VALUES (274, 'ASRock E3C224D4M-16RE', 'CPU:LGA1150,Form Factor:ATX,RAM Slots:4,Max RAM:32GB', 364.79, 499.99, 4);
INSERT INTO HENDI.PRODUCTS (PRODUCT_ID, PRODUCT_NAME, DESCRIPTION, STANDARD_COST, LIST_PRICE, CATEGORY_ID)
VALUES (61, 'Asus PRIME X299-DELUXE', 'CPU:LGA2066,Form Factor:ATX,RAM Slots:8,Max RAM:128GB', 409.92, 487.3, 4);
INSERT INTO HENDI.PRODUCTS (PRODUCT_ID, PRODUCT_NAME, DESCRIPTION, STANDARD_COST, LIST_PRICE, CATEGORY_ID)
VALUES (188, 'Asus X99-E WS/USB 3.1', 'CPU:LGA2011-3,Form Factor:SSI CEB,RAM Slots:8,Max RAM:128GB', 428.89, 482.49, 4);
INSERT INTO HENDI.PRODUCTS (PRODUCT_ID, PRODUCT_NAME, DESCRIPTION, STANDARD_COST, LIST_PRICE, CATEGORY_ID)
VALUES (28, 'Supermicro X9SRH-7TF', 'CPU:LGA2011,Form Factor:ATX,RAM Slots:8,Max RAM:64GB', 411.64, 479.99, 4);
INSERT INTO HENDI.PRODUCTS (PRODUCT_ID, PRODUCT_NAME, DESCRIPTION, STANDARD_COST, LIST_PRICE, CATEGORY_ID)
VALUES (137, 'Asus Z10PE-D16 WS', 'CPU:LGA2011-3 x 2,Form Factor:SSI EEB,RAM Slots:16,Max RAM:1TB', 332.52, 469.99, 4);
INSERT INTO HENDI.PRODUCTS (PRODUCT_ID, PRODUCT_NAME, DESCRIPTION, STANDARD_COST, LIST_PRICE, CATEGORY_ID)
VALUES (32, 'ASRock X99 Extreme11', 'CPU:LGA2011-3,Form Factor:EATX,RAM Slots:8,Max RAM:128GB', 380.55, 469.99, 4);
INSERT INTO HENDI.PRODUCTS (PRODUCT_ID, PRODUCT_NAME, DESCRIPTION, STANDARD_COST, LIST_PRICE, CATEGORY_ID)
VALUES (31, 'Supermicro MBD-X10DAX', 'CPU:LGA2011-3 x 2,Form Factor:EATX,RAM Slots:16,Max RAM:', 385.24, 443.72, 4);
INSERT INTO HENDI.PRODUCTS (PRODUCT_ID, PRODUCT_NAME, DESCRIPTION, STANDARD_COST, LIST_PRICE, CATEGORY_ID)
VALUES (84, 'Asus X99-DELUXE/U3.1', 'CPU:LGA2011-3,Form Factor:ATX,RAM Slots:8,Max RAM:64GB', 332.38, 440.3, 4);
INSERT INTO HENDI.PRODUCTS (PRODUCT_ID, PRODUCT_NAME, DESCRIPTION, STANDARD_COST, LIST_PRICE, CATEGORY_ID)
VALUES (141, 'Supermicro X11SSL-CF', 'CPU:LGA1151,Form Factor:Micro ATX,RAM Slots:4,Max RAM:64GB', 317.81, 419.99, 4);
INSERT INTO HENDI.PRODUCTS (PRODUCT_ID, PRODUCT_NAME, DESCRIPTION, STANDARD_COST, LIST_PRICE, CATEGORY_ID)
VALUES (34, 'Asus KGPE-D16', 'CPU:G34 x 2,Form Factor:SSI EEB,RAM Slots:16,Max RAM:256GB', 360.72, 417.98, 4);
INSERT INTO HENDI.PRODUCTS (PRODUCT_ID, PRODUCT_NAME, DESCRIPTION, STANDARD_COST, LIST_PRICE, CATEGORY_ID)
VALUES (143, 'Asus Z10PE-D16', 'CPU:LGA2011-3 Narrow x 2,Form Factor:SSI EEB,RAM Slots:16,Max RAM:1TB', 293.3, 402.99,
        4);
INSERT INTO HENDI.PRODUCTS (PRODUCT_ID, PRODUCT_NAME, DESCRIPTION, STANDARD_COST, LIST_PRICE, CATEGORY_ID)
VALUES (217, 'ASRock C2750D4I', 'CPU:Atom C2750,Form Factor:Mini ITX,RAM Slots:4,Max RAM:64GB', 339.55, 401.98, 4);
INSERT INTO HENDI.PRODUCTS (PRODUCT_ID, PRODUCT_NAME, DESCRIPTION, STANDARD_COST, LIST_PRICE, CATEGORY_ID)
VALUES (66, 'Gigabyte X299 AORUS Gaming 7', 'CPU:LGA2066,Form Factor:ATX,RAM Slots:8,Max RAM:128GB', 283.91, 399.99, 4);
INSERT INTO HENDI.PRODUCTS (PRODUCT_ID, PRODUCT_NAME, DESCRIPTION, STANDARD_COST, LIST_PRICE, CATEGORY_ID)
VALUES (275, 'MSI X99A GODLIKE GAMING', 'CPU:LGA2011-3,Form Factor:EATX,RAM Slots:8,Max RAM:128GB', 302.95, 399.99, 4);
INSERT INTO HENDI.PRODUCTS (PRODUCT_ID, PRODUCT_NAME, DESCRIPTION, STANDARD_COST, LIST_PRICE, CATEGORY_ID)
VALUES (194, 'MSI X299 GAMING M7 ACK', 'CPU:LGA2066,Form Factor:ATX,RAM Slots:8,Max RAM:128GB', 278.71, 397.42, 4);
INSERT INTO HENDI.PRODUCTS (PRODUCT_ID, PRODUCT_NAME, DESCRIPTION, STANDARD_COST, LIST_PRICE, CATEGORY_ID)
VALUES (156, 'Supermicro MBD-X10DRI-O', 'CPU:LGA2011-3 Narrow x 2,Form Factor:EATX,RAM Slots:16,Max RAM:1TB', 291.34,
        394.99, 4);
INSERT INTO HENDI.PRODUCTS (PRODUCT_ID, PRODUCT_NAME, DESCRIPTION, STANDARD_COST, LIST_PRICE, CATEGORY_ID)
VALUES (157, 'Asus MAXIMUS IX FORMULA', 'CPU:LGA1151,Form Factor:ATX,RAM Slots:4,Max RAM:64GB', 339.12, 388.99, 4);
INSERT INTO HENDI.PRODUCTS (PRODUCT_ID, PRODUCT_NAME, DESCRIPTION, STANDARD_COST, LIST_PRICE, CATEGORY_ID)
VALUES (170, 'Asus X99-DELUXE II', 'CPU:LGA2011-3,Form Factor:ATX,RAM Slots:8,Max RAM:128GB', 289.33, 383.98, 4);
INSERT INTO HENDI.PRODUCTS (PRODUCT_ID, PRODUCT_NAME, DESCRIPTION, STANDARD_COST, LIST_PRICE, CATEGORY_ID)
VALUES (171, 'ASRock Fatal1ty X299 Professional Gaming i9', 'CPU:LGA2066,Form Factor:ATX,RAM Slots:8,Max RAM:128GB',
        287.5, 382.98, 4);
INSERT INTO HENDI.PRODUCTS (PRODUCT_ID, PRODUCT_NAME, DESCRIPTION, STANDARD_COST, LIST_PRICE, CATEGORY_ID)
VALUES (172, 'ASRock EP2C612 WS', 'CPU:LGA2011-3 x 2,Form Factor:SSI EEB,RAM Slots:8,Max RAM:', 308.84, 358.49, 4);
INSERT INTO HENDI.PRODUCTS (PRODUCT_ID, PRODUCT_NAME, DESCRIPTION, STANDARD_COST, LIST_PRICE, CATEGORY_ID)
VALUES (173, 'ASRock Z270 SuperCarrier', 'CPU:LGA1151,Form Factor:ATX,RAM Slots:4,Max RAM:64GB', 264.35, 353.98, 4);
INSERT INTO HENDI.PRODUCTS (PRODUCT_ID, PRODUCT_NAME, DESCRIPTION, STANDARD_COST, LIST_PRICE, CATEGORY_ID)
VALUES (187, 'Asus MAXIMUS VIII EXTREME/ASSEMBLY', 'CPU:LGA1151,Form Factor:EATX,RAM Slots:4,Max RAM:64GB', 253.41,
        353.98, 4);
INSERT INTO HENDI.PRODUCTS (PRODUCT_ID, PRODUCT_NAME, DESCRIPTION, STANDARD_COST, LIST_PRICE, CATEGORY_ID)
VALUES (224, 'Asus STRIX X299-E GAMING', 'CPU:LGA2066,Form Factor:ATX,RAM Slots:8,Max RAM:128GB', 306, 349.99, 4);
INSERT INTO HENDI.PRODUCTS (PRODUCT_ID, PRODUCT_NAME, DESCRIPTION, STANDARD_COST, LIST_PRICE, CATEGORY_ID)
VALUES (246, 'Gigabyte X299 AORUS Ultra Gaming', 'CPU:LGA2066,Form Factor:ATX,RAM Slots:8,Max RAM:128GB', 287.78,
        343.99, 4);
INSERT INTO HENDI.PRODUCTS (PRODUCT_ID, PRODUCT_NAME, DESCRIPTION, STANDARD_COST, LIST_PRICE, CATEGORY_ID)
VALUES (247, 'Asus TUF X299 MARK 1', 'CPU:LGA2066,Form Factor:ATX,RAM Slots:8,Max RAM:128GB', 241.15, 339.99, 4);
INSERT INTO HENDI.PRODUCTS (PRODUCT_ID, PRODUCT_NAME, DESCRIPTION, STANDARD_COST, LIST_PRICE, CATEGORY_ID)
VALUES (250, 'Asus Z170-WS', 'CPU:LGA1151,Form Factor:ATX,RAM Slots:4,Max RAM:64GB', 279.4, 338.99, 4);
INSERT INTO HENDI.PRODUCTS (PRODUCT_ID, PRODUCT_NAME, DESCRIPTION, STANDARD_COST, LIST_PRICE, CATEGORY_ID)
VALUES (251, 'MSI X299 GAMING PRO CARBON AC', 'CPU:LGA2066,Form Factor:ATX,RAM Slots:8,Max RAM:128GB', 238.8, 337.81,
        4);
INSERT INTO HENDI.PRODUCTS (PRODUCT_ID, PRODUCT_NAME, DESCRIPTION, STANDARD_COST, LIST_PRICE, CATEGORY_ID)
VALUES (287, 'MSI X99A XPOWER GAMING TITANIUM', 'CPU:LGA2011-3,Form Factor:EATX,RAM Slots:8,Max RAM:128GB', 257.23,
        329.99, 4);
INSERT INTO HENDI.PRODUCTS (PRODUCT_ID, PRODUCT_NAME, DESCRIPTION, STANDARD_COST, LIST_PRICE, CATEGORY_ID)
VALUES (288, 'Asus ROG STRIX X99 GAMING', 'CPU:LGA2011-3,Form Factor:ATX,RAM Slots:8,Max RAM:128GB', 255.86, 319.99, 4);
INSERT INTO HENDI.PRODUCTS (PRODUCT_ID, PRODUCT_NAME, DESCRIPTION, STANDARD_COST, LIST_PRICE, CATEGORY_ID)
VALUES (179, 'Asus SABERTOOTH X99', 'CPU:LGA2011-3,Form Factor:ATX,RAM Slots:8,Max RAM:64GB', 252.57, 312.67, 4);
INSERT INTO HENDI.PRODUCTS (PRODUCT_ID, PRODUCT_NAME, DESCRIPTION, STANDARD_COST, LIST_PRICE, CATEGORY_ID)
VALUES (226, 'Asus PRIME X299-A', 'CPU:LGA2066,Form Factor:ATX,RAM Slots:8,Max RAM:128GB', 274.56, 309.85, 4);
INSERT INTO HENDI.PRODUCTS (PRODUCT_ID, PRODUCT_NAME, DESCRIPTION, STANDARD_COST, LIST_PRICE, CATEGORY_ID)
VALUES (227, 'Gigabyte GA-X99-UD5 WIFI', 'CPU:LGA2011-3,Form Factor:EATX,RAM Slots:8,Max RAM:64GB', 217.83, 305, 4);
INSERT INTO HENDI.PRODUCTS (PRODUCT_ID, PRODUCT_NAME, DESCRIPTION, STANDARD_COST, LIST_PRICE, CATEGORY_ID)
VALUES (39, 'ASRock EP2C602-4L/D16', 'CPU:LGA2011 x 2,Form Factor:SSI EEB,RAM Slots:16,Max RAM:512GB', 225.47, 301.99,
        4);
INSERT INTO HENDI.PRODUCTS (PRODUCT_ID, PRODUCT_NAME, DESCRIPTION, STANDARD_COST, LIST_PRICE, CATEGORY_ID)
VALUES (40, 'MSI Z170A KRAIT GAMING 3X', 'CPU:LGA1151,Form Factor:ATX,RAM Slots:4,Max RAM:64GB', 245.4, 299.89, 4);
INSERT INTO HENDI.PRODUCTS (PRODUCT_ID, PRODUCT_NAME, DESCRIPTION, STANDARD_COST, LIST_PRICE, CATEGORY_ID)
VALUES (41, 'MSI Z170 Krait Gaming', 'CPU:LGA1151,Form Factor:ATX,RAM Slots:4,Max RAM:64GB', 231.58, 299.89, 4);
INSERT INTO HENDI.PRODUCTS (PRODUCT_ID, PRODUCT_NAME, DESCRIPTION, STANDARD_COST, LIST_PRICE, CATEGORY_ID)
VALUES (42, 'MSI Z170A KRAIT GAMING', 'CPU:LGA1151,Form Factor:ATX,RAM Slots:4,Max RAM:64GB', 262.4, 299.89, 4);
INSERT INTO HENDI.PRODUCTS (PRODUCT_ID, PRODUCT_NAME, DESCRIPTION, STANDARD_COST, LIST_PRICE, CATEGORY_ID)
VALUES (43, 'Asus MAXIMUS IX CODE', 'CPU:LGA1151,Form Factor:ATX,RAM Slots:4,Max RAM:64GB', 266.15, 298.98, 4);
INSERT INTO HENDI.PRODUCTS (PRODUCT_ID, PRODUCT_NAME, DESCRIPTION, STANDARD_COST, LIST_PRICE, CATEGORY_ID)
VALUES (134, 'Asus Sabertooth 990FX', 'CPU:AM3+,Form Factor:ATX,RAM Slots:4,Max RAM:32GB', 252.31, 295.72, 4);
INSERT INTO HENDI.PRODUCTS (PRODUCT_ID, PRODUCT_NAME, DESCRIPTION, STANDARD_COST, LIST_PRICE, CATEGORY_ID)
VALUES (140, 'MSI X99A WORKSTATION', 'CPU:LGA2011-3,Form Factor:ATX,RAM Slots:8,Max RAM:128GB', 239.95, 289.97, 4);
INSERT INTO HENDI.PRODUCTS (PRODUCT_ID, PRODUCT_NAME, DESCRIPTION, STANDARD_COST, LIST_PRICE, CATEGORY_ID)
VALUES (144, 'Intel DG43RK', 'CPU:LGA775,Form Factor:Micro ATX,RAM Slots:4,Max RAM:8GB', 219.69, 289.79, 4);
INSERT INTO HENDI.PRODUCTS (PRODUCT_ID, PRODUCT_NAME, DESCRIPTION, STANDARD_COST, LIST_PRICE, CATEGORY_ID)
VALUES (145, 'Asus VANGUARD B85', 'CPU:LGA1150,Form Factor:Micro ATX,RAM Slots:4,Max RAM:32GB', 258.1, 287, 4);
INSERT INTO HENDI.PRODUCTS (PRODUCT_ID, PRODUCT_NAME, DESCRIPTION, STANDARD_COST, LIST_PRICE, CATEGORY_ID)
VALUES (146, 'EVGA Z270 Classified K', 'CPU:LGA1151,Form Factor:EATX,RAM Slots:4,Max RAM:64GB', 234.26, 283.98, 4);
INSERT INTO HENDI.PRODUCTS (PRODUCT_ID, PRODUCT_NAME, DESCRIPTION, STANDARD_COST, LIST_PRICE, CATEGORY_ID)
VALUES (147, 'EVGA Classified', 'CPU:LGA2011-3,Form Factor:EATX,RAM Slots:8,Max RAM:128GB', 240.62, 283.98, 4);
INSERT INTO HENDI.PRODUCTS (PRODUCT_ID, PRODUCT_NAME, DESCRIPTION, STANDARD_COST, LIST_PRICE, CATEGORY_ID)
VALUES (148, 'MSI Z270 XPOWER GAMING TITANIUM', 'CPU:LGA1151,Form Factor:ATX,RAM Slots:4,Max RAM:64GB', 212.69, 282.98,
        4);
INSERT INTO HENDI.PRODUCTS (PRODUCT_ID, PRODUCT_NAME, DESCRIPTION, STANDARD_COST, LIST_PRICE, CATEGORY_ID)
VALUES (149, 'ASRock X299 Taichi', 'CPU:LGA2066,Form Factor:ATX,RAM Slots:8,Max RAM:128GB', 214.36, 282.98, 4);
INSERT INTO HENDI.PRODUCTS (PRODUCT_ID, PRODUCT_NAME, DESCRIPTION, STANDARD_COST, LIST_PRICE, CATEGORY_ID)
VALUES (150, 'MSI X299 TOMAHAWK ARCTIC', 'CPU:LGA2066,Form Factor:ATX,RAM Slots:8,Max RAM:128GB', 223.92, 281.98, 4);
INSERT INTO HENDI.PRODUCTS (PRODUCT_ID, PRODUCT_NAME, DESCRIPTION, STANDARD_COST, LIST_PRICE, CATEGORY_ID)
VALUES (151, 'Supermicro X10SAT-O', 'CPU:LGA1150,Form Factor:ATX,RAM Slots:4,Max RAM:32GB', 207.08, 281.97, 4);
INSERT INTO HENDI.PRODUCTS (PRODUCT_ID, PRODUCT_NAME, DESCRIPTION, STANDARD_COST, LIST_PRICE, CATEGORY_ID)
VALUES (152, 'Gigabyte X299 AORUS Gaming 3', 'CPU:LGA2066,Form Factor:ATX,RAM Slots:8,Max RAM:128GB', 227.48, 280.98,
        4);
INSERT INTO HENDI.PRODUCTS (PRODUCT_ID, PRODUCT_NAME, DESCRIPTION, STANDARD_COST, LIST_PRICE, CATEGORY_ID)
VALUES (180, 'Supermicro MBD-X10DAL-I-O', 'CPU:LGA2011-3 x 2,Form Factor:ATX,RAM Slots:8,Max RAM:512GB', 239.28, 279.99,
        4);
INSERT INTO HENDI.PRODUCTS (PRODUCT_ID, PRODUCT_NAME, DESCRIPTION, STANDARD_COST, LIST_PRICE, CATEGORY_ID)
VALUES (268, 'Western Digital WD10EZEX', 'Series:Caviar Blue,Type:7200RPM,Capacity:1TB,Cache:64MB', 35.83, 47.88, 5);
INSERT INTO HENDI.PRODUCTS (PRODUCT_ID, PRODUCT_NAME, DESCRIPTION, STANDARD_COST, LIST_PRICE, CATEGORY_ID)
VALUES (24, 'Seagate ST2000DM006', 'Series:Barracuda,Type:7200RPM,Capacity:2TB,Cache:64MB', 47.93, 66.89, 5);
INSERT INTO HENDI.PRODUCTS (PRODUCT_ID, PRODUCT_NAME, DESCRIPTION, STANDARD_COST, LIST_PRICE, CATEGORY_ID)
VALUES (25, 'Samsung MZ-75E250B/AM', 'Series:850 EVO-Series,Type:SSD,Capacity:250GB,Cache:N/A', 87.98, 104.88, 5);
INSERT INTO HENDI.PRODUCTS (PRODUCT_ID, PRODUCT_NAME, DESCRIPTION, STANDARD_COST, LIST_PRICE, CATEGORY_ID)
VALUES (26, 'Samsung MZ-75E500B/AM', 'Series:850 EVO-Series,Type:SSD,Capacity:500GB,Cache:N/A', 157.81, 178.09, 5);
INSERT INTO HENDI.PRODUCTS (PRODUCT_ID, PRODUCT_NAME, DESCRIPTION, STANDARD_COST, LIST_PRICE, CATEGORY_ID)
VALUES (104, 'SanDisk SDSSDA-240G-G26', 'Series:SSD PLUS,Type:SSD,Capacity:240GB,Cache:N/A', 61.1, 83.88, 5);
INSERT INTO HENDI.PRODUCTS (PRODUCT_ID, PRODUCT_NAME, DESCRIPTION, STANDARD_COST, LIST_PRICE, CATEGORY_ID)
VALUES (135, 'Samsung MZ-V6E250', 'Series:960 EVO,Type:SSD,Capacity:250GB,Cache:512MB', 92.98, 127.88, 5);
INSERT INTO HENDI.PRODUCTS (PRODUCT_ID, PRODUCT_NAME, DESCRIPTION, STANDARD_COST, LIST_PRICE, CATEGORY_ID)
VALUES (284, 'Kingston SA400S37/120G', 'Series:A400,Type:SSD,Capacity:120GB,Cache:N/A', 40.63, 54.99, 5);
INSERT INTO HENDI.PRODUCTS (PRODUCT_ID, PRODUCT_NAME, DESCRIPTION, STANDARD_COST, LIST_PRICE, CATEGORY_ID)
VALUES (285, 'Samsung MZ-75E1T0B/AM', 'Series:850 EVO-Series,Type:SSD,Capacity:1TB,Cache:N/A', 260.23, 339.99, 5);
INSERT INTO HENDI.PRODUCTS (PRODUCT_ID, PRODUCT_NAME, DESCRIPTION, STANDARD_COST, LIST_PRICE, CATEGORY_ID)
VALUES (286, 'Samsung MZ-V6E500', 'Series:960 EVO,Type:SSD,Capacity:500GB,Cache:512MB', 209.62, 234, 5);
INSERT INTO HENDI.PRODUCTS (PRODUCT_ID, PRODUCT_NAME, DESCRIPTION, STANDARD_COST, LIST_PRICE, CATEGORY_ID)
VALUES (22, 'Seagate ST3000DM008', 'Series:Barracuda,Type:7200RPM,Capacity:3TB,Cache:64MB', 61.63, 83.61, 5);
INSERT INTO HENDI.PRODUCTS (PRODUCT_ID, PRODUCT_NAME, DESCRIPTION, STANDARD_COST, LIST_PRICE, CATEGORY_ID)
VALUES (23, 'Western Digital WDS250G1B0A', 'Series:Blue,Type:SSD,Capacity:250GB,Cache:N/A', 72.54, 89.89, 5);
INSERT INTO HENDI.PRODUCTS (PRODUCT_ID, PRODUCT_NAME, DESCRIPTION, STANDARD_COST, LIST_PRICE, CATEGORY_ID)
VALUES (33, 'ADATA ASU800SS-128GT-C', 'Series:Ultimate SU800,Type:SSD,Capacity:128GB,Cache:N/A', 37.78, 52.65, 5);
INSERT INTO HENDI.PRODUCTS (PRODUCT_ID, PRODUCT_NAME, DESCRIPTION, STANDARD_COST, LIST_PRICE, CATEGORY_ID)
VALUES (44, 'Seagate ST1000DM010', 'Series:BarraCuda,Type:7200RPM,Capacity:1TB,Cache:64MB', 42.18, 49.37, 5);
INSERT INTO HENDI.PRODUCTS (PRODUCT_ID, PRODUCT_NAME, DESCRIPTION, STANDARD_COST, LIST_PRICE, CATEGORY_ID)
VALUES (49, 'Samsung MZ-75E4T0B', 'Series:850 EVO,Type:SSD,Capacity:4TB,Cache:4GB', 1153.64, 1499.99, 5);
INSERT INTO HENDI.PRODUCTS (PRODUCT_ID, PRODUCT_NAME, DESCRIPTION, STANDARD_COST, LIST_PRICE, CATEGORY_ID)
VALUES (50, 'Intel SSDPECME040T401', 'Series:DC P3608,Type:SSD,Capacity:4TB,Cache:N/A', 7123.66, 8867.99, 5);
INSERT INTO HENDI.PRODUCTS (PRODUCT_ID, PRODUCT_NAME, DESCRIPTION, STANDARD_COST, LIST_PRICE, CATEGORY_ID)
VALUES (130, 'Western Digital WD2003FZEX', 'Series:BLACK SERIES,Type:7200RPM,Capacity:2TB,Cache:64MB', 91.76, 117.45,
        5);
INSERT INTO HENDI.PRODUCTS (PRODUCT_ID, PRODUCT_NAME, DESCRIPTION, STANDARD_COST, LIST_PRICE, CATEGORY_ID)
VALUES (131, 'Samsung MZ-V6P512BW', 'Series:960 PRO,Type:SSD,Capacity:512GB,Cache:512MB', 223.99, 279.99, 5);
INSERT INTO HENDI.PRODUCTS (PRODUCT_ID, PRODUCT_NAME, DESCRIPTION, STANDARD_COST, LIST_PRICE, CATEGORY_ID)
VALUES (139, 'Hitachi HUS724030ALE641', 'Series:Ultrastar 7K4000,Type:7200RPM,Capacity:3TB,Cache:64MB', 54.03, 65.92,
        5);
INSERT INTO HENDI.PRODUCTS (PRODUCT_ID, PRODUCT_NAME, DESCRIPTION, STANDARD_COST, LIST_PRICE, CATEGORY_ID)
VALUES (208, 'Samsung MZ-V6P2T0BW', 'Series:960 Pro,Type:SSD,Capacity:2TB,Cache:2GB', 840.11, 1199.99, 5);
INSERT INTO HENDI.PRODUCTS (PRODUCT_ID, PRODUCT_NAME, DESCRIPTION, STANDARD_COST, LIST_PRICE, CATEGORY_ID)
VALUES (229, 'Seagate ST10000DM0004', 'Series:BarraCuda Pro,Type:7200RPM,Capacity:10TB,Cache:256MB', 284.23, 399.99, 5);
INSERT INTO HENDI.PRODUCTS (PRODUCT_ID, PRODUCT_NAME, DESCRIPTION, STANDARD_COST, LIST_PRICE, CATEGORY_ID)
VALUES (230, 'ADATA ASU800SS-512GT-C', 'Series:Ultimate SU800,Type:SSD,Capacity:512GB,Cache:N/A', 113.29, 136.69, 5);
INSERT INTO HENDI.PRODUCTS (PRODUCT_ID, PRODUCT_NAME, DESCRIPTION, STANDARD_COST, LIST_PRICE, CATEGORY_ID)
VALUES (231, 'Samsung MZ-V6E1T0', 'Series:960 EVO,Type:SSD,Capacity:1TB,Cache:1000MB', 358.06, 449.99, 5);
INSERT INTO HENDI.PRODUCTS (PRODUCT_ID, PRODUCT_NAME, DESCRIPTION, STANDARD_COST, LIST_PRICE, CATEGORY_ID)
VALUES (232, 'Western Digital WD1003FZEX', 'Series:BLACK SERIES,Type:7200RPM,Capacity:1TB,Cache:64MB', 61.76, 70.89, 5);
INSERT INTO HENDI.PRODUCTS (PRODUCT_ID, PRODUCT_NAME, DESCRIPTION, STANDARD_COST, LIST_PRICE, CATEGORY_ID)
VALUES (233, 'SanDisk SDSSDA-120G-G26', 'Series:SSD PLUS,Type:SSD,Capacity:120GB,Cache:N/A', 52.7, 59.99, 5);
INSERT INTO HENDI.PRODUCTS (PRODUCT_ID, PRODUCT_NAME, DESCRIPTION, STANDARD_COST, LIST_PRICE, CATEGORY_ID)
VALUES (234, 'Crucial CT525MX300SSD1', 'Series:MX300,Type:SSD,Capacity:525GB,Cache:N/A', 135.59, 150.99, 5);
INSERT INTO HENDI.PRODUCTS (PRODUCT_ID, PRODUCT_NAME, DESCRIPTION, STANDARD_COST, LIST_PRICE, CATEGORY_ID)
VALUES (235, 'Hitachi A7K1000-1000', 'Series:Ultrastar,Type:7200RPM,Capacity:1TB,Cache:32MB', 29.94, 41.99, 5);
INSERT INTO HENDI.PRODUCTS (PRODUCT_ID, PRODUCT_NAME, DESCRIPTION, STANDARD_COST, LIST_PRICE, CATEGORY_ID)
VALUES (253, 'Samsung MZ-V6P1T0BW', 'Series:960 Pro,Type:SSD,Capacity:1TB,Cache:1GB', 466.49, 579.99, 5);
INSERT INTO HENDI.PRODUCTS (PRODUCT_ID, PRODUCT_NAME, DESCRIPTION, STANDARD_COST, LIST_PRICE, CATEGORY_ID)
VALUES (254, 'Samsung MZ-7KE256BW', 'Series:850 Pro Series,Type:SSD,Capacity:256GB,Cache:N/A', 97.19, 119.99, 5);
INSERT INTO HENDI.PRODUCTS (PRODUCT_ID, PRODUCT_NAME, DESCRIPTION, STANDARD_COST, LIST_PRICE, CATEGORY_ID)
VALUES (255, 'Seagate ST2000DX002', 'Series:FireCuda,Type:Hybrid,Capacity:2TB,Cache:64MB', 64.48, 90.99, 5);
INSERT INTO HENDI.PRODUCTS (PRODUCT_ID, PRODUCT_NAME, DESCRIPTION, STANDARD_COST, LIST_PRICE, CATEGORY_ID)
VALUES (256, 'Western Digital WD5000AACS', 'Series:Caviar Green,Type:5400RPM,Capacity:500GB,Cache:16MB', 20.14, 26.99,
        5);
INSERT INTO HENDI.PRODUCTS (PRODUCT_ID, PRODUCT_NAME, DESCRIPTION, STANDARD_COST, LIST_PRICE, CATEGORY_ID)
VALUES (257, 'SanDisk SDSSDHII-240G-G25', 'Series:Ultra II,Type:SSD,Capacity:240GB,Cache:N/A', 73.39, 84.95, 5);
INSERT INTO HENDI.PRODUCTS (PRODUCT_ID, PRODUCT_NAME, DESCRIPTION, STANDARD_COST, LIST_PRICE, CATEGORY_ID)
VALUES (258, 'PNY SSD7CS1311-120-RB', 'Series:CS1311,Type:SSD,Capacity:120GB,Cache:N/A', 50.59, 57.98, 5);
INSERT INTO HENDI.PRODUCTS (PRODUCT_ID, PRODUCT_NAME, DESCRIPTION, STANDARD_COST, LIST_PRICE, CATEGORY_ID)
VALUES (259, 'PNY SSD9SC240GMDA-RB', 'Series:XLR8,Type:SSD,Capacity:240GB,Cache:N/A', 58.4, 80.72, 5);
INSERT INTO HENDI.PRODUCTS (PRODUCT_ID, PRODUCT_NAME, DESCRIPTION, STANDARD_COST, LIST_PRICE, CATEGORY_ID)
VALUES (260, 'Crucial CT1050MX300SSD1', 'Series:MX300,Type:SSD,Capacity:1.1TB,Cache:N/A', 192.52, 267.99, 5);
INSERT INTO HENDI.PRODUCTS (PRODUCT_ID, PRODUCT_NAME, DESCRIPTION, STANDARD_COST, LIST_PRICE, CATEGORY_ID)
VALUES (263, 'Western Digital WDS250G1B0B', 'Series:Blue,Type:SSD,Capacity:250GB,Cache:N/A', 70.71, 89.99, 5);
INSERT INTO HENDI.PRODUCTS (PRODUCT_ID, PRODUCT_NAME, DESCRIPTION, STANDARD_COST, LIST_PRICE, CATEGORY_ID)
VALUES (264, 'Samsung MZ-75E120B/AM', 'Series:850 EVO-Series,Type:SSD,Capacity:120GB,Cache:N/A', 74.41, 88.99, 5);
INSERT INTO HENDI.PRODUCTS (PRODUCT_ID, PRODUCT_NAME, DESCRIPTION, STANDARD_COST, LIST_PRICE, CATEGORY_ID)
VALUES (280, 'Western Digital WDS500G1B0B', 'Series:Blue,Type:SSD,Capacity:500GB,Cache:N/A', 106.89, 149.88, 5);
INSERT INTO HENDI.PRODUCTS (PRODUCT_ID, PRODUCT_NAME, DESCRIPTION, STANDARD_COST, LIST_PRICE, CATEGORY_ID)
VALUES (60, 'Hitachi HUA723020ALA640', 'Series:Ultrastar 7K3000,Type:7200RPM,Capacity:2TB,Cache:64MB', 45.18, 59.99, 5);
INSERT INTO HENDI.PRODUCTS (PRODUCT_ID, PRODUCT_NAME, DESCRIPTION, STANDARD_COST, LIST_PRICE, CATEGORY_ID)
VALUES (94, 'Western Digital WD2500AVVS', 'Series:AV-GP,Type:5400RPM,Capacity:250GB,Cache:8MB', 12.63, 15.55, 5);
INSERT INTO HENDI.PRODUCTS (PRODUCT_ID, PRODUCT_NAME, DESCRIPTION, STANDARD_COST, LIST_PRICE, CATEGORY_ID)
VALUES (99, 'Seagate ST1000DX002', 'Series:FireCuda,Type:Hybrid,Capacity:1TB,Cache:64MB', 55.41, 68.06, 5);
INSERT INTO HENDI.PRODUCTS (PRODUCT_ID, PRODUCT_NAME, DESCRIPTION, STANDARD_COST, LIST_PRICE, CATEGORY_ID)
VALUES (100, 'Crucial CT275MX300SSD1', 'Series:MX300,Type:SSD,Capacity:275GB,Cache:N/A', 79.21, 97.88, 5);
INSERT INTO HENDI.PRODUCTS (PRODUCT_ID, PRODUCT_NAME, DESCRIPTION, STANDARD_COST, LIST_PRICE, CATEGORY_ID)
VALUES (168, 'Seagate ST31000340NS - FFP', 'Series:Barracuda ES,Type:7200RPM,Capacity:1TB,Cache:32MB', 34.4, 43.99, 5);
INSERT INTO HENDI.PRODUCTS (PRODUCT_ID, PRODUCT_NAME, DESCRIPTION, STANDARD_COST, LIST_PRICE, CATEGORY_ID)
VALUES (273, 'Western Digital WD101KRYZ', 'Series:Gold,Type:7200RPM,Capacity:10TB,Cache:256MB', 313.96, 443.64, 5);
INSERT INTO HENDI.PRODUCTS (PRODUCT_ID, PRODUCT_NAME, DESCRIPTION, STANDARD_COST, LIST_PRICE, CATEGORY_ID)
VALUES (55, 'Crucial CT525MX300SSD4', 'Series:MX300,Type:SSD,Capacity:525GB,Cache:N/A', 121.92, 150.99, 5);
INSERT INTO HENDI.PRODUCTS (PRODUCT_ID, PRODUCT_NAME, DESCRIPTION, STANDARD_COST, LIST_PRICE, CATEGORY_ID)
VALUES (56, 'Western Digital WD2500AAJS', 'Series:Caviar Blue,Type:7200RPM,Capacity:250GB,Cache:8MB', 15.23, 16.99, 5);
INSERT INTO HENDI.PRODUCTS (PRODUCT_ID, PRODUCT_NAME, DESCRIPTION, STANDARD_COST, LIST_PRICE, CATEGORY_ID)
VALUES (57, 'Western Digital WD20EZRZ', 'Series:Blue,Type:5400RPM,Capacity:2TB,Cache:64MB', 58.01, 67.34, 5);
INSERT INTO HENDI.PRODUCTS (PRODUCT_ID, PRODUCT_NAME, DESCRIPTION, STANDARD_COST, LIST_PRICE, CATEGORY_ID)
VALUES (95, 'Western Digital WDS256G1X0C', 'Series:Black PCIe,Type:SSD,Capacity:256GB,Cache:N/A', 85.87, 109.99, 5);
INSERT INTO HENDI.PRODUCTS (PRODUCT_ID, PRODUCT_NAME, DESCRIPTION, STANDARD_COST, LIST_PRICE, CATEGORY_ID)
VALUES (96, 'SanDisk SDSSDHII-480G-G25', 'Series:Ultra II,Type:SSD,Capacity:480GB,Cache:N/A', 102.62, 141.56, 5);
INSERT INTO HENDI.PRODUCTS (PRODUCT_ID, PRODUCT_NAME, DESCRIPTION, STANDARD_COST, LIST_PRICE, CATEGORY_ID)
VALUES (97, 'Kingston SV300S37A/120G', 'Series:SSDNow V300 Series,Type:SSD,Capacity:120GB,Cache:N/A', 45.93, 59.87, 5);

REM INSERTING into HENDI.CUSTOMERS
SET DEFINE OFF;
INSERT INTO HENDI.CUSTOMERS (CUSTOMER_ID, NAME, ADDRESS, CREDIT_LIMIT, WEBSITE)
VALUES (177, 'United Continental Holdings', '2904 S Salina St, Syracuse, NY', 5000,
        'http://www.unitedcontinentalholdings.com');
INSERT INTO HENDI.CUSTOMERS (CUSTOMER_ID, NAME, ADDRESS, CREDIT_LIMIT, WEBSITE)
VALUES (180, 'INTL FCStone', '5344 Haverford Ave, Philadelphia, PA', 5000, 'http://www.intlfcstone.com');
INSERT INTO HENDI.CUSTOMERS (CUSTOMER_ID, NAME, ADDRESS, CREDIT_LIMIT, WEBSITE)
VALUES (184, 'Publix Super Markets', '1795 Wu Meng, Muang Chonburi, ', 1200, 'http://www.publix.com');
INSERT INTO HENDI.CUSTOMERS (CUSTOMER_ID, NAME, ADDRESS, CREDIT_LIMIT, WEBSITE)
VALUES (187, 'ConocoPhillips', 'Walpurgisstr 69, Munich, ', 2400, 'http://www.conocophillips.com');
INSERT INTO HENDI.CUSTOMERS (CUSTOMER_ID, NAME, ADDRESS, CREDIT_LIMIT, WEBSITE)
VALUES (190, '3M', 'Via Frenzy 6903, Roma, ', 1200, 'http://www.3m.com');
INSERT INTO HENDI.CUSTOMERS (CUSTOMER_ID, NAME, ADDRESS, CREDIT_LIMIT, WEBSITE)
VALUES (192, 'Exelon', 'Via Luminosa 162, Firenze, ', 500, 'http://www.exeloncorp.com');
INSERT INTO HENDI.CUSTOMERS (CUSTOMER_ID, NAME, ADDRESS, CREDIT_LIMIT, WEBSITE)
VALUES (208, 'Tesoro', 'Via Notoriosa 1942, Firenze, ', 500, 'http://www.tsocorp.com');
INSERT INTO HENDI.CUSTOMERS (CUSTOMER_ID, NAME, ADDRESS, CREDIT_LIMIT, WEBSITE)
VALUES (207, 'Northwestern Mutual', '1831 No Wong, Peking, ', 3600, 'http://www.northwesternmutual.com');
INSERT INTO HENDI.CUSTOMERS (CUSTOMER_ID, NAME, ADDRESS, CREDIT_LIMIT, WEBSITE)
VALUES (200, 'Enterprise Products Partners', 'Via Notoriosa 1949, Firenze, ', 2400,
        'http://www.enterpriseproducts.com');
INSERT INTO HENDI.CUSTOMERS (CUSTOMER_ID, NAME, ADDRESS, CREDIT_LIMIT, WEBSITE)
VALUES (204, 'Rite Aid', 'Piazza Cacchiatore 23, San Giminiano, ', 3600, 'http://www.riteaid.com');
INSERT INTO HENDI.CUSTOMERS (CUSTOMER_ID, NAME, ADDRESS, CREDIT_LIMIT, WEBSITE)
VALUES (212, 'Qualcomm', 'Piazza Svizzera, Milano, ', 500, 'http://www.qualcomm.com');
INSERT INTO HENDI.CUSTOMERS (CUSTOMER_ID, NAME, ADDRESS, CREDIT_LIMIT, WEBSITE)
VALUES (216, 'EMC', 'Via Delle Grazie 11, San Giminiano, ', 700, 'http://www.emc.com');
INSERT INTO HENDI.CUSTOMERS (CUSTOMER_ID, NAME, ADDRESS, CREDIT_LIMIT, WEBSITE)
VALUES (220, 'Time Warner Cable', '1597 Legend St, Mysore, Kar', 3700, 'http://www.twc.com');
INSERT INTO HENDI.CUSTOMERS (CUSTOMER_ID, NAME, ADDRESS, CREDIT_LIMIT, WEBSITE)
VALUES (223, 'Northrop Grumman', '1606 Sangam Blvd, New Delhi, ', 5000, 'http://www.northropgrumman.com');
INSERT INTO HENDI.CUSTOMERS (CUSTOMER_ID, NAME, ADDRESS, CREDIT_LIMIT, WEBSITE)
VALUES (39, 'Lear', '2115 N Towne Ln Ne, Cedar Rapids, IA', 500, 'http://www.lear.com');
INSERT INTO HENDI.CUSTOMERS (CUSTOMER_ID, NAME, ADDRESS, CREDIT_LIMIT, WEBSITE)
VALUES (43, 'Facebook', '5112 Sw 9Th St, Des Moines, IA', 500, 'http://www.facebook.com');
INSERT INTO HENDI.CUSTOMERS (CUSTOMER_ID, NAME, ADDRESS, CREDIT_LIMIT, WEBSITE)
VALUES (46, 'Supervalu', '8989 N Port Washington Rd, Milwaukee, WI', 500, 'http://www.supervalu.com');
INSERT INTO HENDI.CUSTOMERS (CUSTOMER_ID, NAME, ADDRESS, CREDIT_LIMIT, WEBSITE)
VALUES (49, 'NextEra Energy', '4715 Sprecher Rd, Madison, WI', 600, 'http://www.nexteraenergy.com');
INSERT INTO HENDI.CUSTOMERS (CUSTOMER_ID, NAME, ADDRESS, CREDIT_LIMIT, WEBSITE)
VALUES (52, 'PG&E Corp.', '8600 W National Ave, Milwaukee, WI', 700, 'http://www.pge.com');
INSERT INTO HENDI.CUSTOMERS (CUSTOMER_ID, NAME, ADDRESS, CREDIT_LIMIT, WEBSITE)
VALUES (55, 'Goodyear Tire & Rubber', '600 N Broadway Fl 1, Milwaukee, WI', 700, 'http://www.goodyear.com');
INSERT INTO HENDI.CUSTOMERS (CUSTOMER_ID, NAME, ADDRESS, CREDIT_LIMIT, WEBSITE)
VALUES (59, 'Micron Technology', '411 E Wisconsin Ave # 2550, Milwaukee, WI', 700, 'http://www.micron.com');
INSERT INTO HENDI.CUSTOMERS (CUSTOMER_ID, NAME, ADDRESS, CREDIT_LIMIT, WEBSITE)
VALUES (62, 'ConAgra Foods', '122 E Dayton St, Madison, WI', 900, 'http://www.conagrafoods.com');
INSERT INTO HENDI.CUSTOMERS (CUSTOMER_ID, NAME, ADDRESS, CREDIT_LIMIT, WEBSITE)
VALUES (66, 'Bank of New York Mellon Corp.', '666 22Nd Ave Ne, Minneapolis, MN', 1200, 'http://www.bnymellon.com');
INSERT INTO HENDI.CUSTOMERS (CUSTOMER_ID, NAME, ADDRESS, CREDIT_LIMIT, WEBSITE)
VALUES (71, 'Genuine Parts', '200 1St St Sw, Rochester, MN', 1200, 'http://www.genpt.com');
INSERT INTO HENDI.CUSTOMERS (CUSTOMER_ID, NAME, ADDRESS, CREDIT_LIMIT, WEBSITE)
VALUES (75, 'Omnicom Group', '2134 W Genesee St, Syracuse, NY', 1200, 'http://www.omnicomgroup.com');
INSERT INTO HENDI.CUSTOMERS (CUSTOMER_ID, NAME, ADDRESS, CREDIT_LIMIT, WEBSITE)
VALUES (79, 'Monsanto', '137 Lark St, Albany, NY', 1200, 'http://www.monsanto.com');
INSERT INTO HENDI.CUSTOMERS (CUSTOMER_ID, NAME, ADDRESS, CREDIT_LIMIT, WEBSITE)
VALUES (83, 'National Oilwell Varco', '1 Palisade Ave Fl 2, Yonkers, NY', 1200, 'http://www.nov.com');
INSERT INTO HENDI.CUSTOMERS (CUSTOMER_ID, NAME, ADDRESS, CREDIT_LIMIT, WEBSITE)
VALUES (86, 'Marriott International', 'Po Box 2152, Buffalo, NY', 1200, 'http://www.marriott.com');
INSERT INTO HENDI.CUSTOMERS (CUSTOMER_ID, NAME, ADDRESS, CREDIT_LIMIT, WEBSITE)
VALUES (228, 'Kinder Morgan', '1614 Gitanjali Rd, Calcutta, ', 5000, 'http://www.kindermorgan.com');
INSERT INTO HENDI.CUSTOMERS (CUSTOMER_ID, NAME, ADDRESS, CREDIT_LIMIT, WEBSITE)
VALUES (231, 'Molina Healthcare', '1617 Crackers St, Bangalore - India, Kar', 300, 'http://www.molinahealthcare.com');
INSERT INTO HENDI.CUSTOMERS (CUSTOMER_ID, NAME, ADDRESS, CREDIT_LIMIT, WEBSITE)
VALUES (235, 'Lincoln National', '1622 Roja St, Chennai, Tam', 5000, 'http://www.lfg.com');
INSERT INTO HENDI.CUSTOMERS (CUSTOMER_ID, NAME, ADDRESS, CREDIT_LIMIT, WEBSITE)
VALUES (238, 'C.H. Robinson Worldwide', '1628 Pataudi St, New Delhi, ', 1900, 'http://www.chrobinson.com');
INSERT INTO HENDI.CUSTOMERS (CUSTOMER_ID, NAME, ADDRESS, CREDIT_LIMIT, WEBSITE)
VALUES (242, 'Synnex', '1647 Suspense St, Cochin, Ker', 500, 'http://www.synnex.com');
INSERT INTO HENDI.CUSTOMERS (CUSTOMER_ID, NAME, ADDRESS, CREDIT_LIMIT, WEBSITE)
VALUES (245, 'HollyFrontier', '1656 Veterans Rd, Chennai, Tam', 2500, 'http://www.hollyfrontier.com');
INSERT INTO HENDI.CUSTOMERS (CUSTOMER_ID, NAME, ADDRESS, CREDIT_LIMIT, WEBSITE)
VALUES (249, 'PBF Energy', 'Piazza Quattre Stagioni 4, Roma, ', 3700, 'http://www.pbfenergy.com');
INSERT INTO HENDI.CUSTOMERS (CUSTOMER_ID, NAME, ADDRESS, CREDIT_LIMIT, WEBSITE)
VALUES (255, 'Waste Management', 'Via Di Firenze 231, Roma, ', 2400, 'http://www.wm.com');
INSERT INTO HENDI.CUSTOMERS (CUSTOMER_ID, NAME, ADDRESS, CREDIT_LIMIT, WEBSITE)
VALUES (259, 'Parker-Hannifin', 'Canale Grande 2, Roma, ', 700, 'http://www.parker.com');
INSERT INTO HENDI.CUSTOMERS (CUSTOMER_ID, NAME, ADDRESS, CREDIT_LIMIT, WEBSITE)
VALUES (263, 'Farmers Insurance Exchange', 'Via Dello Croce 93, Tellaro, ', 100, 'http://www.farmers.com');
INSERT INTO HENDI.CUSTOMERS (CUSTOMER_ID, NAME, ADDRESS, CREDIT_LIMIT, WEBSITE)
VALUES (268, 'VF', '1971 Limelight Blvd, Samutprakarn, ', 1200, 'http://www.vfc.com');
INSERT INTO HENDI.CUSTOMERS (CUSTOMER_ID, NAME, ADDRESS, CREDIT_LIMIT, WEBSITE)
VALUES (313, 'Hertz Global Holdings', '1616 Crackers Blvd, Bangalore - India, Kar', 5000, 'http://www.hertz.com');
INSERT INTO HENDI.CUSTOMERS (CUSTOMER_ID, NAME, ADDRESS, CREDIT_LIMIT, WEBSITE)
VALUES (319, 'BB&T Corp.', '1668 Chong Tao, Beijing, ', 200, 'http://www.bbt.com');
INSERT INTO HENDI.CUSTOMERS (CUSTOMER_ID, NAME, ADDRESS, CREDIT_LIMIT, WEBSITE)
VALUES (32, 'Global Partners', '1135 Catherine St, Ann Arbor, MI', 400, 'http://www.globalp.com');
INSERT INTO HENDI.CUSTOMERS (CUSTOMER_ID, NAME, ADDRESS, CREDIT_LIMIT, WEBSITE)
VALUES (63, 'Sempra Energy', '633 S Hawley Rd, Milwaukee, WI', 900, 'http://www.sempra.com');
INSERT INTO HENDI.CUSTOMERS (CUSTOMER_ID, NAME, ADDRESS, CREDIT_LIMIT, WEBSITE)
VALUES (78, 'Precision Castparts', '726 Union St, Hudson, NY', 1200, 'http://www.precast.com');
INSERT INTO HENDI.CUSTOMERS (CUSTOMER_ID, NAME, ADDRESS, CREDIT_LIMIT, WEBSITE)
VALUES (111, 'W.W. Grainger', '378 S Negley Ave, Pittsburgh, PA', 1500, 'http://www.grainger.com');
INSERT INTO HENDI.CUSTOMERS (CUSTOMER_ID, NAME, ADDRESS, CREDIT_LIMIT, WEBSITE)
VALUES (125, 'Air Products & Chemicals', '612 Jefferson Ave, Scranton, PA', 2300, 'http://www.airproducts.com');
INSERT INTO HENDI.CUSTOMERS (CUSTOMER_ID, NAME, ADDRESS, CREDIT_LIMIT, WEBSITE)
VALUES (163, 'Charter Communications', '802 North Ave, Pittsburgh, PA', 3600, 'http://www.charter.com');
INSERT INTO HENDI.CUSTOMERS (CUSTOMER_ID, NAME, ADDRESS, CREDIT_LIMIT, WEBSITE)
VALUES (195, 'Applied Materials', 'Via Dolorosa 69, Tellaro, ', 700, 'http://www.appliedmaterials.com');
INSERT INTO HENDI.CUSTOMERS (CUSTOMER_ID, NAME, ADDRESS, CREDIT_LIMIT, WEBSITE)
VALUES (206, 'Ally Financial', 'Via Notoriosa 1949, Ventimiglia, ', 3600, 'http://www.ally.com');
INSERT INTO HENDI.CUSTOMERS (CUSTOMER_ID, NAME, ADDRESS, CREDIT_LIMIT, WEBSITE)
VALUES (218, 'Lennar', '1592 Silverado St, Bangalore, Kar', 700, 'http://www.lennar.com');
INSERT INTO HENDI.CUSTOMERS (CUSTOMER_ID, NAME, ADDRESS, CREDIT_LIMIT, WEBSITE)
VALUES (243, 'Hormel Foods', '1648 Anamika St, Cochin, Ker', 500, 'http://www.hormelfoods.com');
INSERT INTO HENDI.CUSTOMERS (CUSTOMER_ID, NAME, ADDRESS, CREDIT_LIMIT, WEBSITE)
VALUES (254, 'PayPal Holdings', 'Via Dello Croce 93, Roma, ', 1200, 'http://www.paypal.com');
INSERT INTO HENDI.CUSTOMERS (CUSTOMER_ID, NAME, ADDRESS, CREDIT_LIMIT, WEBSITE)
VALUES (266, 'Autoliv', 'Via Delle Capeletti 52, San Giminiano, ', 400, 'http://www.autoliv.com');
INSERT INTO HENDI.CUSTOMERS (CUSTOMER_ID, NAME, ADDRESS, CREDIT_LIMIT, WEBSITE)
VALUES (294, 'Corning', 'Pfannenstilstr 13, Egg, ZH', 2300, 'http://www.corning.com');
INSERT INTO HENDI.CUSTOMERS (CUSTOMER_ID, NAME, ADDRESS, CREDIT_LIMIT, WEBSITE)
VALUES (301, 'Univar', '1598 Legend St, Bangalore, Kar', 5000, 'http://www.univar.com');
INSERT INTO HENDI.CUSTOMERS (CUSTOMER_ID, NAME, ADDRESS, CREDIT_LIMIT, WEBSITE)
VALUES (314, 'Thrivent Financial for Lutherans', '1617 Crackers St, Bangalore - India, Kar', 900,
        'http://www.thrivent.com');
INSERT INTO HENDI.CUSTOMERS (CUSTOMER_ID, NAME, ADDRESS, CREDIT_LIMIT, WEBSITE)
VALUES (88, 'Walmart', '1790 Grand Blvd, Schenectady, NY', 1200, 'http://www.walmart.com');
INSERT INTO HENDI.CUSTOMERS (CUSTOMER_ID, NAME, ADDRESS, CREDIT_LIMIT, WEBSITE)
VALUES (89, 'Exxon Mobil', '7 Ingelside Ln, White Plains, NY', 1200, 'http://www.exxonmobil.com');
INSERT INTO HENDI.CUSTOMERS (CUSTOMER_ID, NAME, ADDRESS, CREDIT_LIMIT, WEBSITE)
VALUES (90, 'Apple', '18 Glenridge Rd, Schenectady, NY', 1200, 'http://www.apple.com');
INSERT INTO HENDI.CUSTOMERS (CUSTOMER_ID, NAME, ADDRESS, CREDIT_LIMIT, WEBSITE)
VALUES (91, 'Berkshire Hathaway', '6432 Rising Sun Ave, Philadelphia, PA', 1200, 'http://www.berkshirehathaway.com');
INSERT INTO HENDI.CUSTOMERS (CUSTOMER_ID, NAME, ADDRESS, CREDIT_LIMIT, WEBSITE)
VALUES (92, 'McKesson', 'Rr 10, Reading, PA', 1200, 'http://www.mckesson.com');
INSERT INTO HENDI.CUSTOMERS (CUSTOMER_ID, NAME, ADDRESS, CREDIT_LIMIT, WEBSITE)
VALUES (93, 'UnitedHealth Group', '2455 Rose Garden Rd, Pittsburgh, PA', 1200, 'http://www.unitedhealthgroup.com');
INSERT INTO HENDI.CUSTOMERS (CUSTOMER_ID, NAME, ADDRESS, CREDIT_LIMIT, WEBSITE)
VALUES (94, 'CVS Health', '1812 Timberline Rd, Altoona, PA', 1200, 'http://www.cvshealth.com');
INSERT INTO HENDI.CUSTOMERS (CUSTOMER_ID, NAME, ADDRESS, CREDIT_LIMIT, WEBSITE)
VALUES (95, 'General Motors', '141 Schiller St, Reading, PA', 1200, 'http://www.gm.com');
INSERT INTO HENDI.CUSTOMERS (CUSTOMER_ID, NAME, ADDRESS, CREDIT_LIMIT, WEBSITE)
VALUES (96, 'Ford Motor', '1126 Pawlings Rd, Norristown, PA', 1200, 'http://www.ford.com');
INSERT INTO HENDI.CUSTOMERS (CUSTOMER_ID, NAME, ADDRESS, CREDIT_LIMIT, WEBSITE)
VALUES (97, 'AT&T', '55 Church Hill Rd, Reading, PA', 1200, 'http://www.att.com');
INSERT INTO HENDI.CUSTOMERS (CUSTOMER_ID, NAME, ADDRESS, CREDIT_LIMIT, WEBSITE)
VALUES (98, 'General Electric', '354 N Prince St, Lancaster, PA', 1200, 'http://www.ge.com');
INSERT INTO HENDI.CUSTOMERS (CUSTOMER_ID, NAME, ADDRESS, CREDIT_LIMIT, WEBSITE)
VALUES (99, 'AmerisourceBergen', '115 Chestnut St, Philadelphia, PA', 1400, 'http://www.amerisourcebergen.com');
INSERT INTO HENDI.CUSTOMERS (CUSTOMER_ID, NAME, ADDRESS, CREDIT_LIMIT, WEBSITE)
VALUES (100, 'Verizon', '2899 Grand Ave, Pittsburgh, PA', 1400, 'http://www.verizon.com');
INSERT INTO HENDI.CUSTOMERS (CUSTOMER_ID, NAME, ADDRESS, CREDIT_LIMIT, WEBSITE)
VALUES (101, 'Chevron', 'Po Box 39, Indiana, PA', 1400, 'http://www.chevron.com');
INSERT INTO HENDI.CUSTOMERS (CUSTOMER_ID, NAME, ADDRESS, CREDIT_LIMIT, WEBSITE)
VALUES (102, 'Costco', '1604 Broadway Ave, Pittsburgh, PA', 1400, 'http://www.costco.com');
INSERT INTO HENDI.CUSTOMERS (CUSTOMER_ID, NAME, ADDRESS, CREDIT_LIMIT, WEBSITE)
VALUES (103, 'Fannie Mae', '4734 Liberty Ave, Pittsburgh, PA', 1400, 'http://www.fanniemae.com');
INSERT INTO HENDI.CUSTOMERS (CUSTOMER_ID, NAME, ADDRESS, CREDIT_LIMIT, WEBSITE)
VALUES (104, 'Kroger', '21 Thornwood Rd, Harrisburg, PA', 1400, 'http://www.thekrogerco.com');
INSERT INTO HENDI.CUSTOMERS (CUSTOMER_ID, NAME, ADDRESS, CREDIT_LIMIT, WEBSITE)
VALUES (105, 'Amazon.com', '3725 W Lake Rd, Erie, PA', 1400, 'http://www.amazon.com');
INSERT INTO HENDI.CUSTOMERS (CUSTOMER_ID, NAME, ADDRESS, CREDIT_LIMIT, WEBSITE)
VALUES (106, 'Walgreens Boots Alliance', '1808 4Th Ave, Altoona, PA', 1400, 'http://www.walgreensbootsalliance.com');
INSERT INTO HENDI.CUSTOMERS (CUSTOMER_ID, NAME, ADDRESS, CREDIT_LIMIT, WEBSITE)
VALUES (107, 'HP', 'Station Sq, Pittsburgh, PA', 1400, 'http://www.hp.com');
INSERT INTO HENDI.CUSTOMERS (CUSTOMER_ID, NAME, ADDRESS, CREDIT_LIMIT, WEBSITE)
VALUES (108, 'Cardinal Health', '4020 Garden Ave, Erie, PA', 1400, 'http://www.cardinal.com');
INSERT INTO HENDI.CUSTOMERS (CUSTOMER_ID, NAME, ADDRESS, CREDIT_LIMIT, WEBSITE)
VALUES (109, 'Express Scripts Holding', '100 N Peach St, Philadelphia, PA', 1400, 'http://www.express-scripts.com');
INSERT INTO HENDI.CUSTOMERS (CUSTOMER_ID, NAME, ADDRESS, CREDIT_LIMIT, WEBSITE)
VALUES (110, 'J.P. Morgan Chase', '835 Heister Ln, Reading, PA', 1400, 'http://www.jpmorganchase.com');
INSERT INTO HENDI.CUSTOMERS (CUSTOMER_ID, NAME, ADDRESS, CREDIT_LIMIT, WEBSITE)
VALUES (112, 'Boeing', '5643 N 5Th St, Philadelphia, PA', 1500, 'http://www.boeing.com');
INSERT INTO HENDI.CUSTOMERS (CUSTOMER_ID, NAME, ADDRESS, CREDIT_LIMIT, WEBSITE)
VALUES (113, 'Microsoft', '1401 W Warren Rd, Bradford, PA', 1500, 'http://www.microsoft.com');
INSERT INTO HENDI.CUSTOMERS (CUSTOMER_ID, NAME, ADDRESS, CREDIT_LIMIT, WEBSITE)
VALUES (114, 'Bank of America Corp.', '815 Freeport Rd, Pittsburgh, PA', 1500, 'http://www.bankofamerica.com');
INSERT INTO HENDI.CUSTOMERS (CUSTOMER_ID, NAME, ADDRESS, CREDIT_LIMIT, WEBSITE)
VALUES (115, 'Wells Fargo', '327 N Washington Ave # 300, Scranton, PA', 1900, 'http://www.wellsfargo.com');
INSERT INTO HENDI.CUSTOMERS (CUSTOMER_ID, NAME, ADDRESS, CREDIT_LIMIT, WEBSITE)
VALUES (117, 'Home Depot', '4901 Locust Ln, Harrisburg, PA', 2300, 'http://www.homedepot.com');
INSERT INTO HENDI.CUSTOMERS (CUSTOMER_ID, NAME, ADDRESS, CREDIT_LIMIT, WEBSITE)
VALUES (118, 'Citigroup', '3376 Perrysville Ave, Pittsburgh, PA', 2300, 'http://www.citigroup.com');
INSERT INTO HENDI.CUSTOMERS (CUSTOMER_ID, NAME, ADDRESS, CREDIT_LIMIT, WEBSITE)
VALUES (119, 'Phillips 66', '220 Penn Ave # 300, Scranton, PA', 2300, 'http://www.phillips66.com');
INSERT INTO HENDI.CUSTOMERS (CUSTOMER_ID, NAME, ADDRESS, CREDIT_LIMIT, WEBSITE)
VALUES (121, 'IBM', '522 Swede St, Norristown, PA', 2300, 'http://www.ibm.com');
INSERT INTO HENDI.CUSTOMERS (CUSTOMER_ID, NAME, ADDRESS, CREDIT_LIMIT, WEBSITE)
VALUES (122, 'Valero Energy', '7708 City Ave, Philadelphia, PA', 2300, 'http://www.valero.com');
INSERT INTO HENDI.CUSTOMERS (CUSTOMER_ID, NAME, ADDRESS, CREDIT_LIMIT, WEBSITE)
VALUES (123, 'Anthem', '1801 Lititz Pike, Lancaster, PA', 2300, 'http://www.antheminc.com');
INSERT INTO HENDI.CUSTOMERS (CUSTOMER_ID, NAME, ADDRESS, CREDIT_LIMIT, WEBSITE)
VALUES (124, 'Procter & Gamble', '101 E Olney Ave, Philadelphia, PA', 2300, 'http://www.pg.com');
INSERT INTO HENDI.CUSTOMERS (CUSTOMER_ID, NAME, ADDRESS, CREDIT_LIMIT, WEBSITE)
VALUES (127, 'Alphabet', '36 W 34Th St, Erie, PA', 2400, 'http://www.google.com');
INSERT INTO HENDI.CUSTOMERS (CUSTOMER_ID, NAME, ADDRESS, CREDIT_LIMIT, WEBSITE)
VALUES (128, 'Comcast', '1007 Mount Royal Blvd, Pittsburgh, PA', 2400, 'http://www.comcastcorporation.com');
INSERT INTO HENDI.CUSTOMERS (CUSTOMER_ID, NAME, ADDRESS, CREDIT_LIMIT, WEBSITE)
VALUES (129, 'Target', '601 Market St, Philadelphia, PA', 2400, 'http://www.target.com');
INSERT INTO HENDI.CUSTOMERS (CUSTOMER_ID, NAME, ADDRESS, CREDIT_LIMIT, WEBSITE)
VALUES (132, 'MetLife', '5122 Sinclair Ln, Baltimore, MD', 2400, 'http://www.metlife.com');
INSERT INTO HENDI.CUSTOMERS (CUSTOMER_ID, NAME, ADDRESS, CREDIT_LIMIT, WEBSITE)
VALUES (133, 'Archer Daniels Midland', '680 Bel Air Rd, Bel Air, MD', 2400, 'http://www.adm.com');
INSERT INTO HENDI.CUSTOMERS (CUSTOMER_ID, NAME, ADDRESS, CREDIT_LIMIT, WEBSITE)
VALUES (135, 'Freddie Mac', '8004 Stansbury Rd, Baltimore, MD', 2400, 'http://www.freddiemac.com');
INSERT INTO HENDI.CUSTOMERS (CUSTOMER_ID, NAME, ADDRESS, CREDIT_LIMIT, WEBSITE)
VALUES (136, 'PepsiCo', '10209 Yearling Dr, Rockville, MD', 2400, 'http://www.pepsico.com');
INSERT INTO HENDI.CUSTOMERS (CUSTOMER_ID, NAME, ADDRESS, CREDIT_LIMIT, WEBSITE)
VALUES (137, 'United Technologies', '3000 Greenmount Ave, Baltimore, MD', 2400, 'http://www.utc.com');
INSERT INTO HENDI.CUSTOMERS (CUSTOMER_ID, NAME, ADDRESS, CREDIT_LIMIT, WEBSITE)
VALUES (139, 'Lowe?s', '1262 Vocke Rd, Cumberland, MD', 2400, 'http://www.lowes.com');
INSERT INTO HENDI.CUSTOMERS (CUSTOMER_ID, NAME, ADDRESS, CREDIT_LIMIT, WEBSITE)
VALUES (140, 'UPS', '3314 Eastern Ave, Baltimore, MD', 2400, 'http://www.ups.com');
INSERT INTO HENDI.CUSTOMERS (CUSTOMER_ID, NAME, ADDRESS, CREDIT_LIMIT, WEBSITE)
VALUES (142, 'Prudential Financial', '11200 Scaggsville Rd, Laurel, MD', 2400, 'http://www.prudential.com');
INSERT INTO HENDI.CUSTOMERS (CUSTOMER_ID, NAME, ADDRESS, CREDIT_LIMIT, WEBSITE)
VALUES (144, 'Humana', '2300 Harford Rd, Baltimore, MD', 2400, 'http://www.humana.com');
INSERT INTO HENDI.CUSTOMERS (CUSTOMER_ID, NAME, ADDRESS, CREDIT_LIMIT, WEBSITE)
VALUES (145, 'Disney', '2 2Nd St # A, Ocean City, MD', 2400, 'http://www.disney.com');
INSERT INTO HENDI.CUSTOMERS (CUSTOMER_ID, NAME, ADDRESS, CREDIT_LIMIT, WEBSITE)
VALUES (146, 'Cisco Systems', '6917 W Oklahoma Ave, Milwaukee, WI', 2400, 'http://www.cisco.com');
INSERT INTO HENDI.CUSTOMERS (CUSTOMER_ID, NAME, ADDRESS, CREDIT_LIMIT, WEBSITE)
VALUES (148, 'Dow Chemical', '160 Glenwood Ave, Minneapolis, MN', 2400, 'http://www.dow.com');
INSERT INTO HENDI.CUSTOMERS (CUSTOMER_ID, NAME, ADDRESS, CREDIT_LIMIT, WEBSITE)
VALUES (149, 'Sysco', '6915 Grand Ave, Hammond, IN', 2400, 'http://www.sysco.com');
INSERT INTO HENDI.CUSTOMERS (CUSTOMER_ID, NAME, ADDRESS, CREDIT_LIMIT, WEBSITE)
VALUES (151, 'Caterpillar', '65 Cadillac Sq # 2701, Detroit, MI', 2500, 'http://www.caterpillar.com');
INSERT INTO HENDI.CUSTOMERS (CUSTOMER_ID, NAME, ADDRESS, CREDIT_LIMIT, WEBSITE)
VALUES (152, 'Lockheed Martin', '3435 Tuscany Dr Se, Grand Rapids, MI', 2500, 'http://www.lockheedmartin.com');
INSERT INTO HENDI.CUSTOMERS (CUSTOMER_ID, NAME, ADDRESS, CREDIT_LIMIT, WEBSITE)
VALUES (155, 'Coca-Cola', '810 1St Ave, Council Bluffs, IA', 3500, 'http://www.coca-colacompany.com');
INSERT INTO HENDI.CUSTOMERS (CUSTOMER_ID, NAME, ADDRESS, CREDIT_LIMIT, WEBSITE)
VALUES (156, 'HCA Holdings', '500 W Oklahoma Ave, Milwaukee, WI', 3500, 'http://www.hcahealthcare.com');
INSERT INTO HENDI.CUSTOMERS (CUSTOMER_ID, NAME, ADDRESS, CREDIT_LIMIT, WEBSITE)
VALUES (159, 'Energy Transfer Equity', '1721 E Lake St, Minneapolis, MN', 3600, 'http://www.energytransfer.com');
INSERT INTO HENDI.CUSTOMERS (CUSTOMER_ID, NAME, ADDRESS, CREDIT_LIMIT, WEBSITE)
VALUES (160, 'Tyson Foods', '255 Great Arrow Ave, Buffalo, NY', 3600, 'http://www.tysonfoods.com');
INSERT INTO HENDI.CUSTOMERS (CUSTOMER_ID, NAME, ADDRESS, CREDIT_LIMIT, WEBSITE)
VALUES (162, 'Delta Air Lines', '6640 Campbell Blvd, Lockport, NY', 3600, 'http://www.delta.com');
INSERT INTO HENDI.CUSTOMERS (CUSTOMER_ID, NAME, ADDRESS, CREDIT_LIMIT, WEBSITE)
VALUES (164, 'Nationwide', '1136 Arch St, Philadelphia, PA', 3600, 'http://www.nationwide.com');
INSERT INTO HENDI.CUSTOMERS (CUSTOMER_ID, NAME, ADDRESS, CREDIT_LIMIT, WEBSITE)
VALUES (166, 'Best Buy', 'Rt 6 E, Warren, PA', 3700, 'http://www.bestbuy.com');
INSERT INTO HENDI.CUSTOMERS (CUSTOMER_ID, NAME, ADDRESS, CREDIT_LIMIT, WEBSITE)
VALUES (167, 'Merck', '1924 Bedford St, Cumberland, MD', 3700, 'http://www.merck.com');
INSERT INTO HENDI.CUSTOMERS (CUSTOMER_ID, NAME, ADDRESS, CREDIT_LIMIT, WEBSITE)
VALUES (169, 'Liberty Mutual Insurance Group', '2713 N Bendix Dr, South Bend, IN', 3700,
        'http://www.libertymutual.com');
INSERT INTO HENDI.CUSTOMERS (CUSTOMER_ID, NAME, ADDRESS, CREDIT_LIMIT, WEBSITE)
VALUES (171, 'Honeywell International', '752 W Huron St, Pontiac, MI', 3700, 'http://www.honeywell.com');
INSERT INTO HENDI.CUSTOMERS (CUSTOMER_ID, NAME, ADDRESS, CREDIT_LIMIT, WEBSITE)
VALUES (173, 'Massachusetts Mutual Life Insurance', '1330 N Memorial Dr, Racine, WI', 5000,
        'http://www.massmutual.com');
INSERT INTO HENDI.CUSTOMERS (CUSTOMER_ID, NAME, ADDRESS, CREDIT_LIMIT, WEBSITE)
VALUES (175, 'Morgan Stanley', '8 Automation Ln, Albany, NY', 5000, 'http://www.morganstanley.com');
INSERT INTO HENDI.CUSTOMERS (CUSTOMER_ID, NAME, ADDRESS, CREDIT_LIMIT, WEBSITE)
VALUES (176, 'Cigna', '811 N Brandywine Ave, Schenectady, NY', 5000, 'http://www.cigna.com');
INSERT INTO HENDI.CUSTOMERS (CUSTOMER_ID, NAME, ADDRESS, CREDIT_LIMIT, WEBSITE)
VALUES (178, 'Allstate', '3025 Sussex Ave, Pittsburgh, PA', 5000, 'http://www.allstate.com');
INSERT INTO HENDI.CUSTOMERS (CUSTOMER_ID, NAME, ADDRESS, CREDIT_LIMIT, WEBSITE)
VALUES (179, 'TIAA', '932 High St, Lancaster, PA', 5000, 'http://www.tiaa.org');
INSERT INTO HENDI.CUSTOMERS (CUSTOMER_ID, NAME, ADDRESS, CREDIT_LIMIT, WEBSITE)
VALUES (181, 'CHS', '6959 Tulip St, Philadelphia, PA', 5000, 'http://www.chsinc.com');
INSERT INTO HENDI.CUSTOMERS (CUSTOMER_ID, NAME, ADDRESS, CREDIT_LIMIT, WEBSITE)
VALUES (182, 'American Express', '511 S Central Ave # A, Baltimore, MD', 5000, 'http://www.americanexpress.com');
INSERT INTO HENDI.CUSTOMERS (CUSTOMER_ID, NAME, ADDRESS, CREDIT_LIMIT, WEBSITE)
VALUES (183, 'Gilead Sciences', '400 E Joppa Rd, Baltimore, MD', 5000, 'http://www.gilead.com');
INSERT INTO HENDI.CUSTOMERS (CUSTOMER_ID, NAME, ADDRESS, CREDIT_LIMIT, WEBSITE)
VALUES (185, 'General Dynamics', '1796 Tsing Tao, Muang Nonthaburi, ', 1200, 'http://www.generaldynamics.com');
INSERT INTO HENDI.CUSTOMERS (CUSTOMER_ID, NAME, ADDRESS, CREDIT_LIMIT, WEBSITE)
VALUES (186, 'TJX', '1810 Tucker Crt, Mumbai, ', 5000, 'http://www.tjx.com');
INSERT INTO HENDI.CUSTOMERS (CUSTOMER_ID, NAME, ADDRESS, CREDIT_LIMIT, WEBSITE)
VALUES (188, 'Nike', 'Sendlinger Tor 4, Munich, ', 2400, 'http://www.nike.com');
INSERT INTO HENDI.CUSTOMERS (CUSTOMER_ID, NAME, ADDRESS, CREDIT_LIMIT, WEBSITE)
VALUES (189, 'World Fuel Services', 'Theresienstr 15, Munich, ', 2400, 'http://www.wfscorp.com');
INSERT INTO HENDI.CUSTOMERS (CUSTOMER_ID, NAME, ADDRESS, CREDIT_LIMIT, WEBSITE)
VALUES (191, 'Mondelez International', '1822 Ironweed St, Toronto, ONT', 1200, 'http://www.mondelezinternational.com');
INSERT INTO HENDI.CUSTOMERS (CUSTOMER_ID, NAME, ADDRESS, CREDIT_LIMIT, WEBSITE)
VALUES (193, 'Twenty-First Century Fox', 'Via Notoriosa 1932 Rd, Firenze, ', 500, 'http://www.21cf.com');
INSERT INTO HENDI.CUSTOMERS (CUSTOMER_ID, NAME, ADDRESS, CREDIT_LIMIT, WEBSITE)
VALUES (194, 'Deere', 'Via Notoriosa 1941, Firenze, ', 500, 'http://www.johndeere.com');
INSERT INTO HENDI.CUSTOMERS (CUSTOMER_ID, NAME, ADDRESS, CREDIT_LIMIT, WEBSITE)
VALUES (209, 'Time Warner', 'Via Delle Grazie 11, Tellaro, ', 2400, 'http://www.timewarner.com');
INSERT INTO HENDI.CUSTOMERS (CUSTOMER_ID, NAME, ADDRESS, CREDIT_LIMIT, WEBSITE)
VALUES (196, 'DuPont', 'Via Notoriosa 1943, Firenze, ', 2400, 'http://www.dupont.com');
INSERT INTO HENDI.CUSTOMERS (CUSTOMER_ID, NAME, ADDRESS, CREDIT_LIMIT, WEBSITE)
VALUES (197, 'Avnet', 'Via Luminosa 162, Tellaro, ', 700, 'http://www.avnet.com');
INSERT INTO HENDI.CUSTOMERS (CUSTOMER_ID, NAME, ADDRESS, CREDIT_LIMIT, WEBSITE)
VALUES (199, 'Macy?s', 'Via Di Firenze 231, Tellaro, ', 700, 'http://www.macysinc.com');
INSERT INTO HENDI.CUSTOMERS (CUSTOMER_ID, NAME, ADDRESS, CREDIT_LIMIT, WEBSITE)
VALUES (201, 'Travelers Cos.', 'Via Frenzy 6903, Tellaro, ', 3600, 'http://www.travelers.com');
INSERT INTO HENDI.CUSTOMERS (CUSTOMER_ID, NAME, ADDRESS, CREDIT_LIMIT, WEBSITE)
VALUES (203, 'Philip Morris International', 'Piazza Quattre Stagioni 4, San Giminiano, ', 3600, 'http://www.pmi.com');
INSERT INTO HENDI.CUSTOMERS (CUSTOMER_ID, NAME, ADDRESS, CREDIT_LIMIT, WEBSITE)
VALUES (205, 'Tech Data', 'Via Notoriosa 1932, Tellaro, ', 3600, 'http://www.techdata.com');
INSERT INTO HENDI.CUSTOMERS (CUSTOMER_ID, NAME, ADDRESS, CREDIT_LIMIT, WEBSITE)
VALUES (211, 'McDonald?s', '2034 Sabrina Rd, Samutprakarn, ', 3700, 'http://www.aboutmcdonalds.com');
INSERT INTO HENDI.CUSTOMERS (CUSTOMER_ID, NAME, ADDRESS, CREDIT_LIMIT, WEBSITE)
VALUES (213, 'Sears Holdings', 'Ruella Delle Spiriti, Milano, ', 500, 'http://www.searsholdings.com');
INSERT INTO HENDI.CUSTOMERS (CUSTOMER_ID, NAME, ADDRESS, CREDIT_LIMIT, WEBSITE)
VALUES (215, 'Capital One Financial', 'Via Delle Capeletti 52, San Giminiano, ', 1500, 'http://www.capitalone.com');
INSERT INTO HENDI.CUSTOMERS (CUSTOMER_ID, NAME, ADDRESS, CREDIT_LIMIT, WEBSITE)
VALUES (217, 'USAA', 'Via Delli Capelli 2, San Giminiano, ', 700, 'http://www.usaa.com');
INSERT INTO HENDI.CUSTOMERS (CUSTOMER_ID, NAME, ADDRESS, CREDIT_LIMIT, WEBSITE)
VALUES (219, 'Duke Energy', '1593 Silverado St, Bangalore, Kar', 5000, 'http://www.duke-energy.com');
INSERT INTO HENDI.CUSTOMERS (CUSTOMER_ID, NAME, ADDRESS, CREDIT_LIMIT, WEBSITE)
VALUES (221, 'Halliburton', '1602 Sholay St, Chennai, Tam', 1500, 'http://www.halliburton.com');
INSERT INTO HENDI.CUSTOMERS (CUSTOMER_ID, NAME, ADDRESS, CREDIT_LIMIT, WEBSITE)
VALUES (224, 'Arrow Electronics', '1607 Sangam Blvd, New Delhi, ', 5000, 'http://www.arrow.com');
INSERT INTO HENDI.CUSTOMERS (CUSTOMER_ID, NAME, ADDRESS, CREDIT_LIMIT, WEBSITE)
VALUES (1, 'Raytheon', '514 W Superior St, Kokomo, IN', 100, 'http://www.raytheon.com');
INSERT INTO HENDI.CUSTOMERS (CUSTOMER_ID, NAME, ADDRESS, CREDIT_LIMIT, WEBSITE)
VALUES (2, 'Plains GP Holdings', '2515 Bloyd Ave, Indianapolis, IN', 100, 'http://www.plainsallamerican.com');
INSERT INTO HENDI.CUSTOMERS (CUSTOMER_ID, NAME, ADDRESS, CREDIT_LIMIT, WEBSITE)
VALUES (3, 'US Foods Holding', '8768 N State Rd 37, Bloomington, IN', 100, 'http://www.usfoods.com');
INSERT INTO HENDI.CUSTOMERS (CUSTOMER_ID, NAME, ADDRESS, CREDIT_LIMIT, WEBSITE)
VALUES (4, 'AbbVie', '6445 Bay Harbor Ln, Indianapolis, IN', 100, 'http://www.abbvie.com');
INSERT INTO HENDI.CUSTOMERS (CUSTOMER_ID, NAME, ADDRESS, CREDIT_LIMIT, WEBSITE)
VALUES (5, 'Centene', '4019 W 3Rd St, Bloomington, IN', 100, 'http://www.centene.com');
INSERT INTO HENDI.CUSTOMERS (CUSTOMER_ID, NAME, ADDRESS, CREDIT_LIMIT, WEBSITE)
VALUES (6, 'Community Health Systems', '1608 Portage Ave, South Bend, IN', 100, 'http://www.chs.net');
INSERT INTO HENDI.CUSTOMERS (CUSTOMER_ID, NAME, ADDRESS, CREDIT_LIMIT, WEBSITE)
VALUES (7, 'Alcoa', '23943 Us Highway 33, Elkhart, IN', 100, 'http://www.alcoa.com');
INSERT INTO HENDI.CUSTOMERS (CUSTOMER_ID, NAME, ADDRESS, CREDIT_LIMIT, WEBSITE)
VALUES (8, 'International Paper', '136 E Market St # 800, Indianapolis, IN', 100, 'http://www.internationalpaper.com');
INSERT INTO HENDI.CUSTOMERS (CUSTOMER_ID, NAME, ADDRESS, CREDIT_LIMIT, WEBSITE)
VALUES (9, 'Emerson Electric', '1905 College St, South Bend, IN', 100, 'http://www.emerson.com');
INSERT INTO HENDI.CUSTOMERS (CUSTOMER_ID, NAME, ADDRESS, CREDIT_LIMIT, WEBSITE)
VALUES (10, 'Union Pacific', '3512 Rockville Rd # 137C, Indianapolis, IN', 200, 'http://www.up.com');
INSERT INTO HENDI.CUSTOMERS (CUSTOMER_ID, NAME, ADDRESS, CREDIT_LIMIT, WEBSITE)
VALUES (11, 'Amgen', '1303 E University St, Bloomington, IN', 200, 'http://www.amgen.com');
INSERT INTO HENDI.CUSTOMERS (CUSTOMER_ID, NAME, ADDRESS, CREDIT_LIMIT, WEBSITE)
VALUES (12, 'U.S. Bancorp', '115 N Weinbach Ave, Evansville, IN', 200, 'http://www.usbank.com');
INSERT INTO HENDI.CUSTOMERS (CUSTOMER_ID, NAME, ADDRESS, CREDIT_LIMIT, WEBSITE)
VALUES (13, 'Staples', '2067 Rollett Ln, Evansville, IN', 200, 'http://www.staples.com');
INSERT INTO HENDI.CUSTOMERS (CUSTOMER_ID, NAME, ADDRESS, CREDIT_LIMIT, WEBSITE)
VALUES (14, 'Danaher', '1105 E Allendale Dr, Bloomington, IN', 200, 'http://www.danaher.com');
INSERT INTO HENDI.CUSTOMERS (CUSTOMER_ID, NAME, ADDRESS, CREDIT_LIMIT, WEBSITE)
VALUES (15, 'Whirlpool', '18305 Van Dyke St, Detroit, MI', 200, 'http://www.whirlpoolcorp.com');
INSERT INTO HENDI.CUSTOMERS (CUSTOMER_ID, NAME, ADDRESS, CREDIT_LIMIT, WEBSITE)
VALUES (16, 'Aflac', 'Lucas Dr Bldg 348, Detroit, MI', 200, 'http://www.aflac.com');
INSERT INTO HENDI.CUSTOMERS (CUSTOMER_ID, NAME, ADDRESS, CREDIT_LIMIT, WEBSITE)
VALUES (17, 'AutoNation', '1801 Monroe Ave Nw, Grand Rapids, MI', 200, 'http://www.autonation.com');
INSERT INTO HENDI.CUSTOMERS (CUSTOMER_ID, NAME, ADDRESS, CREDIT_LIMIT, WEBSITE)
VALUES (18, 'Progressive', '4925 Kendrick St Se, Grand Rapids, MI', 200, 'http://www.progressive.com');
INSERT INTO HENDI.CUSTOMERS (CUSTOMER_ID, NAME, ADDRESS, CREDIT_LIMIT, WEBSITE)
VALUES (19, 'Abbott Laboratories', '3310 Dixie Ct, Saginaw, MI', 200, 'http://www.abbott.com');
INSERT INTO HENDI.CUSTOMERS (CUSTOMER_ID, NAME, ADDRESS, CREDIT_LIMIT, WEBSITE)
VALUES (20, 'Dollar General', '113 Washington Sq N, Lansing, MI', 200, 'http://www.dollargeneral.com');
INSERT INTO HENDI.CUSTOMERS (CUSTOMER_ID, NAME, ADDRESS, CREDIT_LIMIT, WEBSITE)
VALUES (21, 'Tenet Healthcare', '2500 S Pennsylvania Ave, Lansing, MI', 200, 'http://www.tenethealth.com');
INSERT INTO HENDI.CUSTOMERS (CUSTOMER_ID, NAME, ADDRESS, CREDIT_LIMIT, WEBSITE)
VALUES (22, 'Eli Lilly', '3213 S Cedar St, Lansing, MI', 200, 'http://www.lilly.com');
INSERT INTO HENDI.CUSTOMERS (CUSTOMER_ID, NAME, ADDRESS, CREDIT_LIMIT, WEBSITE)
VALUES (24, 'Southwest Airlines', '6654 W Lafayette St, Detroit, MI', 200, 'http://www.southwest.com');
INSERT INTO HENDI.CUSTOMERS (CUSTOMER_ID, NAME, ADDRESS, CREDIT_LIMIT, WEBSITE)
VALUES (25, 'Penske Automotive Group', '27 Benton Rd, Saginaw, MI', 200, 'http://www.penskeautomotive.com');
INSERT INTO HENDI.CUSTOMERS (CUSTOMER_ID, NAME, ADDRESS, CREDIT_LIMIT, WEBSITE)
VALUES (26, 'ManpowerGroup', '8201 Livernois Ave, Detroit, MI', 300, 'http://www.manpowergroup.com');
INSERT INTO HENDI.CUSTOMERS (CUSTOMER_ID, NAME, ADDRESS, CREDIT_LIMIT, WEBSITE)
VALUES (28, 'Kohl?s', '3100 E Eisenhower Pky # 100, Ann Arbor, MI', 300, 'http://www.kohlscorporation.com');
INSERT INTO HENDI.CUSTOMERS (CUSTOMER_ID, NAME, ADDRESS, CREDIT_LIMIT, WEBSITE)
VALUES (29, 'Starbucks', '952 Vassar Dr, Kalamazoo, MI', 400, 'http://www.starbucks.com');
INSERT INTO HENDI.CUSTOMERS (CUSTOMER_ID, NAME, ADDRESS, CREDIT_LIMIT, WEBSITE)
VALUES (30, 'Paccar', '150 W Jefferson Ave # 2500, Detroit, MI', 400, 'http://www.paccar.com');
INSERT INTO HENDI.CUSTOMERS (CUSTOMER_ID, NAME, ADDRESS, CREDIT_LIMIT, WEBSITE)
VALUES (31, 'Cummins', '40 Pearl St Nw # 1020, Grand Rapids, MI', 400, 'http://www.cummins.com');
INSERT INTO HENDI.CUSTOMERS (CUSTOMER_ID, NAME, ADDRESS, CREDIT_LIMIT, WEBSITE)
VALUES (33, 'Altria Group', '301 E Genesee Ave, Saginaw, MI', 400, 'http://www.altria.com');
INSERT INTO HENDI.CUSTOMERS (CUSTOMER_ID, NAME, ADDRESS, CREDIT_LIMIT, WEBSITE)
VALUES (34, 'Xerox', '9936 Dexter Ave, Detroit, MI', 400, 'http://www.xerox.com');
INSERT INTO HENDI.CUSTOMERS (CUSTOMER_ID, NAME, ADDRESS, CREDIT_LIMIT, WEBSITE)
VALUES (35, 'Kimberly-Clark', '1660 University Ter, Ann Arbor, MI', 400, 'http://www.kimberly-clark.com');
INSERT INTO HENDI.CUSTOMERS (CUSTOMER_ID, NAME, ADDRESS, CREDIT_LIMIT, WEBSITE)
VALUES (36, 'Hartford Financial Services Group', '15713 N East St, Lansing, MI', 400, 'http://www.thehartford.com');
INSERT INTO HENDI.CUSTOMERS (CUSTOMER_ID, NAME, ADDRESS, CREDIT_LIMIT, WEBSITE)
VALUES (38, 'Kraft Heinz', '10315 Hickman Rd, Des Moines, IA', 500, 'http://www.kraftheinzcompany.com');
INSERT INTO HENDI.CUSTOMERS (CUSTOMER_ID, NAME, ADDRESS, CREDIT_LIMIT, WEBSITE)
VALUES (40, 'Fluor', '1928 Sherwood Dr, Council Bluffs, IA', 500, 'http://www.fluor.com');
INSERT INTO HENDI.CUSTOMERS (CUSTOMER_ID, NAME, ADDRESS, CREDIT_LIMIT, WEBSITE)
VALUES (41, 'AECOM', '2102 E Kimberly Rd, Davenport, IA', 500, 'http://www.aecom.com');
INSERT INTO HENDI.CUSTOMERS (CUSTOMER_ID, NAME, ADDRESS, CREDIT_LIMIT, WEBSITE)
VALUES (44, 'Jabil Circuit', '221 3Rd Ave Se # 300, Cedar Rapids, IA', 500, 'http://www.jabil.com');
INSERT INTO HENDI.CUSTOMERS (CUSTOMER_ID, NAME, ADDRESS, CREDIT_LIMIT, WEBSITE)
VALUES (45, 'CenturyLink', '2120 Heights Dr, Eau Claire, WI', 500, 'http://www.centurylink.com');
INSERT INTO HENDI.CUSTOMERS (CUSTOMER_ID, NAME, ADDRESS, CREDIT_LIMIT, WEBSITE)
VALUES (47, 'General Mills', '6555 W Good Hope Rd, Milwaukee, WI', 600, 'http://www.generalmills.com');
INSERT INTO HENDI.CUSTOMERS (CUSTOMER_ID, NAME, ADDRESS, CREDIT_LIMIT, WEBSITE)
VALUES (48, 'Southern', '1314 N Stoughton Rd, Madison, WI', 600, 'http://www.southerncompany.com');
INSERT INTO HENDI.CUSTOMERS (CUSTOMER_ID, NAME, ADDRESS, CREDIT_LIMIT, WEBSITE)
VALUES (50, 'Thermo Fisher Scientific', '6161 N 64Th St, Milwaukee, WI', 700, 'http://www.thermofisher.com');
INSERT INTO HENDI.CUSTOMERS (CUSTOMER_ID, NAME, ADDRESS, CREDIT_LIMIT, WEBSITE)
VALUES (51, 'American Electric Power', '11016 W Lincoln Ave, Milwaukee, WI', 700, 'http://www.aep.com');
INSERT INTO HENDI.CUSTOMERS (CUSTOMER_ID, NAME, ADDRESS, CREDIT_LIMIT, WEBSITE)
VALUES (53, 'NGL Energy Partners', '615 N Sherman Ave, Madison, WI', 700, 'http://www.nglenergypartners.com');
INSERT INTO HENDI.CUSTOMERS (CUSTOMER_ID, NAME, ADDRESS, CREDIT_LIMIT, WEBSITE)
VALUES (54, 'Bristol-Myers Squibb', '512 E Grand Ave, Beloit, WI', 700, 'http://www.bms.com');
INSERT INTO HENDI.CUSTOMERS (CUSTOMER_ID, NAME, ADDRESS, CREDIT_LIMIT, WEBSITE)
VALUES (56, 'Nucor', '5235 N Ironwood Ln, Milwaukee, WI', 700, 'http://www.nucor.com');
INSERT INTO HENDI.CUSTOMERS (CUSTOMER_ID, NAME, ADDRESS, CREDIT_LIMIT, WEBSITE)
VALUES (57, 'PNC Financial Services Group', '322 E Michigan St, Milwaukee, WI', 700, 'http://www.pnc.com');
INSERT INTO HENDI.CUSTOMERS (CUSTOMER_ID, NAME, ADDRESS, CREDIT_LIMIT, WEBSITE)
VALUES (58, 'Health Net', '1400 Bellinger St Fl 4, Eau Claire, WI', 700, 'http://www.healthnet.com');
INSERT INTO HENDI.CUSTOMERS (CUSTOMER_ID, NAME, ADDRESS, CREDIT_LIMIT, WEBSITE)
VALUES (60, 'Colgate-Palmolive', '808 3Rd St # 100, Wausau, WI', 700, 'http://www.colgatepalmolive.com');
INSERT INTO HENDI.CUSTOMERS (CUSTOMER_ID, NAME, ADDRESS, CREDIT_LIMIT, WEBSITE)
VALUES (61, 'Freeport-McMoRan', '300 Crooks St, Green Bay, WI', 900, 'http://www.fcx.com');
INSERT INTO HENDI.CUSTOMERS (CUSTOMER_ID, NAME, ADDRESS, CREDIT_LIMIT, WEBSITE)
VALUES (64, 'Gap', '2122 Campbell Rd, La Crosse, WI', 1200, 'http://www.gapinc.com');
INSERT INTO HENDI.CUSTOMERS (CUSTOMER_ID, NAME, ADDRESS, CREDIT_LIMIT, WEBSITE)
VALUES (65, 'Baker Hughes', '3324 N Oakland Ave, Milwaukee, WI', 1200, 'http://www.bakerhughes.com');
INSERT INTO HENDI.CUSTOMERS (CUSTOMER_ID, NAME, ADDRESS, CREDIT_LIMIT, WEBSITE)
VALUES (67, 'Dollar Tree', '1501 Lowry Ave N, Minneapolis, MN', 1200, 'http://www.dollartree.com');
INSERT INTO HENDI.CUSTOMERS (CUSTOMER_ID, NAME, ADDRESS, CREDIT_LIMIT, WEBSITE)
VALUES (69, 'Whole Foods Market', '4200 Yosemite Ave S, Minneapolis, MN', 1200, 'http://www.wholefoodsmarket.com');
INSERT INTO HENDI.CUSTOMERS (CUSTOMER_ID, NAME, ADDRESS, CREDIT_LIMIT, WEBSITE)
VALUES (70, 'PPG Industries', '2800 Chicago Ave # 100, Minneapolis, MN', 1200, 'http://www.ppg.com');
INSERT INTO HENDI.CUSTOMERS (CUSTOMER_ID, NAME, ADDRESS, CREDIT_LIMIT, WEBSITE)
VALUES (72, 'Icahn Enterprises', '314 W Superior St # 1015, Duluth, MN', 1200, 'http://www.ielp.com');
INSERT INTO HENDI.CUSTOMERS (CUSTOMER_ID, NAME, ADDRESS, CREDIT_LIMIT, WEBSITE)
VALUES (74, 'Performance Food Group', '2720 Brewerton Rd, Syracuse, NY', 1200, 'http://www.pfgc.com');
INSERT INTO HENDI.CUSTOMERS (CUSTOMER_ID, NAME, ADDRESS, CREDIT_LIMIT, WEBSITE)
VALUES (76, 'DISH Network', '1522 Main St, Niagara Falls, NY', 1200, 'http://www.dish.com');
INSERT INTO HENDI.CUSTOMERS (CUSTOMER_ID, NAME, ADDRESS, CREDIT_LIMIT, WEBSITE)
VALUES (77, 'FirstEnergy', '49 N Pine Ave, Albany, NY', 1200, 'http://www.firstenergycorp.com');
INSERT INTO HENDI.CUSTOMERS (CUSTOMER_ID, NAME, ADDRESS, CREDIT_LIMIT, WEBSITE)
VALUES (80, 'AES', '33 Fulton St, Poughkeepsie, NY', 1200, 'http://www.aes.com');
INSERT INTO HENDI.CUSTOMERS (CUSTOMER_ID, NAME, ADDRESS, CREDIT_LIMIT, WEBSITE)
VALUES (81, 'CarMax', '2360 Maxon Rd, Schenectady, NY', 1200, 'http://www.carmax.com');
INSERT INTO HENDI.CUSTOMERS (CUSTOMER_ID, NAME, ADDRESS, CREDIT_LIMIT, WEBSITE)
VALUES (84, 'NRG Energy', '500 S Salina St # 500, Syracuse, NY', 1200, 'http://www.nrgenergy.com');
INSERT INTO HENDI.CUSTOMERS (CUSTOMER_ID, NAME, ADDRESS, CREDIT_LIMIT, WEBSITE)
VALUES (85, 'Western Digital', '33 Pine St, Lockport, NY', 1200, 'http://www.westerndigital.com');
INSERT INTO HENDI.CUSTOMERS (CUSTOMER_ID, NAME, ADDRESS, CREDIT_LIMIT, WEBSITE)
VALUES (226, 'Office Depot', '1612 Talaivar St, Chennai, Tam', 5000, 'http://www.officedepot.com');
INSERT INTO HENDI.CUSTOMERS (CUSTOMER_ID, NAME, ADDRESS, CREDIT_LIMIT, WEBSITE)
VALUES (227, 'Nordstrom', '1613 Victoria St, Calcutta, ', 5000, 'http://www.nordstrom.com');
INSERT INTO HENDI.CUSTOMERS (CUSTOMER_ID, NAME, ADDRESS, CREDIT_LIMIT, WEBSITE)
VALUES (229, 'Aramark', '1615 Crackers Crt, Chennai - India, ', 300, 'http://www.aramark.com');
INSERT INTO HENDI.CUSTOMERS (CUSTOMER_ID, NAME, ADDRESS, CREDIT_LIMIT, WEBSITE)
VALUES (230, 'DaVita HealthCare Partners', '1616 Mr. India Ln, Bombay - India, Kar', 300, 'http://www.davita.com');
INSERT INTO HENDI.CUSTOMERS (CUSTOMER_ID, NAME, ADDRESS, CREDIT_LIMIT, WEBSITE)
VALUES (232, 'WellCare Health Plans', '1618 Villains St, New Delhi - India, ', 1200, 'http://www.wellcare.com');
INSERT INTO HENDI.CUSTOMERS (CUSTOMER_ID, NAME, ADDRESS, CREDIT_LIMIT, WEBSITE)
VALUES (233, 'CBS', '1619 Bowlers Rd, Chandigarh, Har', 1200, 'http://www.cbscorporation.com');
INSERT INTO HENDI.CUSTOMERS (CUSTOMER_ID, NAME, ADDRESS, CREDIT_LIMIT, WEBSITE)
VALUES (234, 'Visa', '1620 Sixers Crt, Bombay, Kar', 5000, 'http://www.visa.com');
INSERT INTO HENDI.CUSTOMERS (CUSTOMER_ID, NAME, ADDRESS, CREDIT_LIMIT, WEBSITE)
VALUES (236, 'Ecolab', '1623 Hey Ram St, Chennai - India, ', 5000, 'http://www.ecolab.com');
INSERT INTO HENDI.CUSTOMERS (CUSTOMER_ID, NAME, ADDRESS, CREDIT_LIMIT, WEBSITE)
VALUES (237, 'Kellogg', '1627 Sowdagar St, New Delhi, ', 1900, 'http://www.kelloggcompany.com');
INSERT INTO HENDI.CUSTOMERS (CUSTOMER_ID, NAME, ADDRESS, CREDIT_LIMIT, WEBSITE)
VALUES (239, 'Textron', '1632 Splash St, Chandigarh, Har', 2500, 'http://www.textron.com');
INSERT INTO HENDI.CUSTOMERS (CUSTOMER_ID, NAME, ADDRESS, CREDIT_LIMIT, WEBSITE)
VALUES (240, 'Loews', '1636 Pretty Blvd, Bangalore, Kar', 5000, 'http://www.loews.com');
INSERT INTO HENDI.CUSTOMERS (CUSTOMER_ID, NAME, ADDRESS, CREDIT_LIMIT, WEBSITE)
VALUES (241, 'Illinois Tool Works', '1646 Brazil Blvd, Chennai, Tam', 500, 'http://www.itw.com');
INSERT INTO HENDI.CUSTOMERS (CUSTOMER_ID, NAME, ADDRESS, CREDIT_LIMIT, WEBSITE)
VALUES (244, 'Viacom', '1650 Teesri Manjil Crt, Kashmir, ', 3700, 'http://www.viacom.com');
INSERT INTO HENDI.CUSTOMERS (CUSTOMER_ID, NAME, ADDRESS, CREDIT_LIMIT, WEBSITE)
VALUES (246, 'Land O?Lakes', '1662 Talaivar St, Chennai, Tam', 1500, 'http://www.landolakesinc.com');
INSERT INTO HENDI.CUSTOMERS (CUSTOMER_ID, NAME, ADDRESS, CREDIT_LIMIT, WEBSITE)
VALUES (248, 'Devon Energy', 'Piazza Del Congresso 22, Roma, ', 3700, 'http://www.devonenergy.com');
INSERT INTO HENDI.CUSTOMERS (CUSTOMER_ID, NAME, ADDRESS, CREDIT_LIMIT, WEBSITE)
VALUES (251, 'Yum Brands', 'Ruella Delle Spiriti, Roma, ', 500, 'http://www.yum.com');
INSERT INTO HENDI.CUSTOMERS (CUSTOMER_ID, NAME, ADDRESS, CREDIT_LIMIT, WEBSITE)
VALUES (252, 'Texas Instruments', 'Via Del Disegno 194, Roma, ', 500, 'http://www.ti.com');
INSERT INTO HENDI.CUSTOMERS (CUSTOMER_ID, NAME, ADDRESS, CREDIT_LIMIT, WEBSITE)
VALUES (253, 'CDW', 'Via Delle Capeletti 52, Roma, ', 500, 'http://www.cdw.com');
INSERT INTO HENDI.CUSTOMERS (CUSTOMER_ID, NAME, ADDRESS, CREDIT_LIMIT, WEBSITE)
VALUES (256, 'Marsh & McLennan', 'Via Dolorosa 69, Roma, ', 2400, 'http://www.mmc.com');
INSERT INTO HENDI.CUSTOMERS (CUSTOMER_ID, NAME, ADDRESS, CREDIT_LIMIT, WEBSITE)
VALUES (257, 'Chesapeake Energy', 'Via Notoriosa 1942, Ventimiglia, ', 700, 'http://www.chk.com');
INSERT INTO HENDI.CUSTOMERS (CUSTOMER_ID, NAME, ADDRESS, CREDIT_LIMIT, WEBSITE)
VALUES (260, 'Occidental Petroleum', 'Piazza Cacchiatore 23, Roma, ', 700, 'http://www.oxy.com');
INSERT INTO HENDI.CUSTOMERS (CUSTOMER_ID, NAME, ADDRESS, CREDIT_LIMIT, WEBSITE)
VALUES (261, 'Guardian Life Ins. Co. of America', 'Via Del Disegno 194, San Giminiano, ', 600,
        'http://www.guardianlife.com');
INSERT INTO HENDI.CUSTOMERS (CUSTOMER_ID, NAME, ADDRESS, CREDIT_LIMIT, WEBSITE)
VALUES (264, 'J.C. Penney', 'Via Dello Croce 93, San Giminiano, ', 400, 'http://www.jcpenney.com');
INSERT INTO HENDI.CUSTOMERS (CUSTOMER_ID, NAME, ADDRESS, CREDIT_LIMIT, WEBSITE)
VALUES (265, 'Consolidated Edison', 'Ruella Delle Spiriti, San Giminiano, ', 400, 'http://www.conedison.com');
INSERT INTO HENDI.CUSTOMERS (CUSTOMER_ID, NAME, ADDRESS, CREDIT_LIMIT, WEBSITE)
VALUES (267, 'Cognizant Technology Solutions', 'Via Delli Capelli 2, Tellaro, ', 400, 'http://www.cognizant.com');
INSERT INTO HENDI.CUSTOMERS (CUSTOMER_ID, NAME, ADDRESS, CREDIT_LIMIT, WEBSITE)
VALUES (269, 'Ameriprise Financial', 'Harmoniegasse 3, Baden-Daettwil, AG', 500, 'http://www.ameriprise.com');
INSERT INTO HENDI.CUSTOMERS (CUSTOMER_ID, NAME, ADDRESS, CREDIT_LIMIT, WEBSITE)
VALUES (271, 'Computer Sciences', 'Alfred E. Neumann-Weg 3, Baden-Daettwil, AG', 500, 'http://www.csc.com');
INSERT INTO HENDI.CUSTOMERS (CUSTOMER_ID, NAME, ADDRESS, CREDIT_LIMIT, WEBSITE)
VALUES (272, 'L Brands', 'Dr. Herbert Bitto Str 23, Baden-Daettwil, AG', 2300, 'http://www.lb.com');
INSERT INTO HENDI.CUSTOMERS (CUSTOMER_ID, NAME, ADDRESS, CREDIT_LIMIT, WEBSITE)
VALUES (273, 'Jacobs Engineering Group', 'Taefernstr 4, Baden-Daettwil, AG', 2300, 'http://www.jacobs.com');
INSERT INTO HENDI.CUSTOMERS (CUSTOMER_ID, NAME, ADDRESS, CREDIT_LIMIT, WEBSITE)
VALUES (275, 'Principal Financial', 'Helebardenweg 5, Baden-Daettwil, AG', 3500, 'http://www.principal.com');
INSERT INTO HENDI.CUSTOMERS (CUSTOMER_ID, NAME, ADDRESS, CREDIT_LIMIT, WEBSITE)
VALUES (276, 'Ross Stores', 'Zum Freundlichen Nachbarn 5, Baden-Daettwil, AG', 3500, 'http://www.rossstores.com');
INSERT INTO HENDI.CUSTOMERS (CUSTOMER_ID, NAME, ADDRESS, CREDIT_LIMIT, WEBSITE)
VALUES (277, 'Bed Bath & Beyond', 'Ziegenwiese 3, Baden-Daettwil, AG', 3500, 'http://www.bedbathandbeyond.com');
INSERT INTO HENDI.CUSTOMERS (CUSTOMER_ID, NAME, ADDRESS, CREDIT_LIMIT, WEBSITE)
VALUES (278, 'CSX', 'Am Waldrand 5, Baden-Daettwil, AG', 3500, 'http://www.csx.com');
INSERT INTO HENDI.CUSTOMERS (CUSTOMER_ID, NAME, ADDRESS, CREDIT_LIMIT, WEBSITE)
VALUES (279, 'Toys ?R? Us', 'Zur Kantine 9, Baden-Daettwil, AG', 1200, 'http://www.toysrusinc.com');
INSERT INTO HENDI.CUSTOMERS (CUSTOMER_ID, NAME, ADDRESS, CREDIT_LIMIT, WEBSITE)
VALUES (280, 'Las Vegas Sands', 'Grosse Bahnhostrasse 3, Baden-Daettwil, AG', 1200, 'http://www.sands.com');
INSERT INTO HENDI.CUSTOMERS (CUSTOMER_ID, NAME, ADDRESS, CREDIT_LIMIT, WEBSITE)
VALUES (281, 'Leucadia National', 'Paradeplatz 4, Zuerich, ZH', 1200, 'http://www.leucadia.com');
INSERT INTO HENDI.CUSTOMERS (CUSTOMER_ID, NAME, ADDRESS, CREDIT_LIMIT, WEBSITE)
VALUES (282, 'Dominion Resources', 'Badenerstr 1941, Zuerich, ZH', 3500, 'http://www.dom.com');
INSERT INTO HENDI.CUSTOMERS (CUSTOMER_ID, NAME, ADDRESS, CREDIT_LIMIT, WEBSITE)
VALUES (283, 'United States Steel', 'Welschdoerfchen 1941, Chur, ZH', 3500, 'http://www.ussteel.com');
INSERT INTO HENDI.CUSTOMERS (CUSTOMER_ID, NAME, ADDRESS, CREDIT_LIMIT, WEBSITE)
VALUES (284, 'L-3 Communications', 'Le Reduit, Tschiertschen, GR', 1400, 'http://www.l-3com.com');
INSERT INTO HENDI.CUSTOMERS (CUSTOMER_ID, NAME, ADDRESS, CREDIT_LIMIT, WEBSITE)
VALUES (285, 'Edison International', 'Bendlehn, Trogen, SG', 1400, 'http://www.edisoninvestor.com');
INSERT INTO HENDI.CUSTOMERS (CUSTOMER_ID, NAME, ADDRESS, CREDIT_LIMIT, WEBSITE)
VALUES (286, 'Entergy', 'Spisertor 3, St. Gallen, SG', 1400, 'http://www.entergy.com');
INSERT INTO HENDI.CUSTOMERS (CUSTOMER_ID, NAME, ADDRESS, CREDIT_LIMIT, WEBSITE)
VALUES (287, 'ADP', 'Langstr 14, Zuerich, ZH', 700, 'http://www.adp.com');
INSERT INTO HENDI.CUSTOMERS (CUSTOMER_ID, NAME, ADDRESS, CREDIT_LIMIT, WEBSITE)
VALUES (288, 'First Data', 'Roessligasse 4, Zurich, ZH', 700, 'http://www.firstdata.com');
INSERT INTO HENDI.CUSTOMERS (CUSTOMER_ID, NAME, ADDRESS, CREDIT_LIMIT, WEBSITE)
VALUES (289, 'BlackRock', 'Zum Froehlichen Schweizer 3, Zurich, ZH', 5000, 'http://www.blackrock.com');
INSERT INTO HENDI.CUSTOMERS (CUSTOMER_ID, NAME, ADDRESS, CREDIT_LIMIT, WEBSITE)
VALUES (290, 'WestRock', 'Chrottenweg, Bern, BE', 5000, 'http://www.westrock.com');
INSERT INTO HENDI.CUSTOMERS (CUSTOMER_ID, NAME, ADDRESS, CREDIT_LIMIT, WEBSITE)
VALUES (291, 'Voya Financial', 'Bruppacher Str 3, Baden-Daettwil, AG', 5000, 'http://www.voya.com');
INSERT INTO HENDI.CUSTOMERS (CUSTOMER_ID, NAME, ADDRESS, CREDIT_LIMIT, WEBSITE)
VALUES (292, 'Sherwin-Williams', 'Limmatquai, Zuerich, ZH', 1800, 'http://www.sherwin.com');
INSERT INTO HENDI.CUSTOMERS (CUSTOMER_ID, NAME, ADDRESS, CREDIT_LIMIT, WEBSITE)
VALUES (293, 'Hilton Worldwide Holdings', 'Dreikoenigsstr 3, Zurich, ZH', 1800, 'http://www.hiltonworldwide.com');
INSERT INTO HENDI.CUSTOMERS (CUSTOMER_ID, NAME, ADDRESS, CREDIT_LIMIT, WEBSITE)
VALUES (295, 'R.R. Donnelley & Sons', 'Kreuzstr 32, Zurich, ZH', 2300, 'http://www.rrdonnelley.com');
INSERT INTO HENDI.CUSTOMERS (CUSTOMER_ID, NAME, ADDRESS, CREDIT_LIMIT, WEBSITE)
VALUES (296, 'Stanley Black & Decker', '1539 Stripes Rd, Baden-Daettwil, AG', 2300,
        'http://www.stanleyblackanddecker.com');
INSERT INTO HENDI.CUSTOMERS (CUSTOMER_ID, NAME, ADDRESS, CREDIT_LIMIT, WEBSITE)
VALUES (299, 'Murphy USA', '1593 Silverado St, Bangalore, Kar', 1400, 'http://corporate.murphyusa.com');
INSERT INTO HENDI.CUSTOMERS (CUSTOMER_ID, NAME, ADDRESS, CREDIT_LIMIT, WEBSITE)
VALUES (300, 'CBRE Group', '1596 Commando Blvd, Bangalore, Kar', 1200, 'http://www.cbre.com');
INSERT INTO HENDI.CUSTOMERS (CUSTOMER_ID, NAME, ADDRESS, CREDIT_LIMIT, WEBSITE)
VALUES (302, 'D.R. Horton', '1599 Legend Rd, Bangalore, Kar', 5000, 'http://www.drhorton.com');
INSERT INTO HENDI.CUSTOMERS (CUSTOMER_ID, NAME, ADDRESS, CREDIT_LIMIT, WEBSITE)
VALUES (303, 'Estee Lauder', '1600 Target Crt, Bangalore, Kar', 5000, 'http://www.elcompanies.com');
INSERT INTO HENDI.CUSTOMERS (CUSTOMER_ID, NAME, ADDRESS, CREDIT_LIMIT, WEBSITE)
VALUES (304, 'Praxair', '1603 Rebel St, Bangalore, Kar', 500, 'http://www.praxair.com');
INSERT INTO HENDI.CUSTOMERS (CUSTOMER_ID, NAME, ADDRESS, CREDIT_LIMIT, WEBSITE)
VALUES (305, 'Biogen', '1604 Volunteers Rd, Bangalore, Kar', 500, 'http://www.biogen.com');
INSERT INTO HENDI.CUSTOMERS (CUSTOMER_ID, NAME, ADDRESS, CREDIT_LIMIT, WEBSITE)
VALUES (307, 'State Street Corp.', '1607 Abwdrts St, Bangalore, Kar', 3500, 'http://www.statestreet.com');
INSERT INTO HENDI.CUSTOMERS (CUSTOMER_ID, NAME, ADDRESS, CREDIT_LIMIT, WEBSITE)
VALUES (308, 'Unum Group', '1608 Amadeus St, Bangalore, Kar', 3500, 'http://www.unum.com');
INSERT INTO HENDI.CUSTOMERS (CUSTOMER_ID, NAME, ADDRESS, CREDIT_LIMIT, WEBSITE)
VALUES (309, 'Reynolds American', '1610 Betrayal Crt, Bangalore, Kar', 5000, 'http://www.reynoldsamerican.com');
INSERT INTO HENDI.CUSTOMERS (CUSTOMER_ID, NAME, ADDRESS, CREDIT_LIMIT, WEBSITE)
VALUES (311, 'Group 1 Automotive', '1614 Crackers Rd, Bangalore - India, Kar', 2300, 'http://www.group1auto.com');
INSERT INTO HENDI.CUSTOMERS (CUSTOMER_ID, NAME, ADDRESS, CREDIT_LIMIT, WEBSITE)
VALUES (312, 'Henry Schein', '1615 Crackers Crt, Bangalore - India, Kar', 5000, 'http://www.henryschein.com');
INSERT INTO HENDI.CUSTOMERS (CUSTOMER_ID, NAME, ADDRESS, CREDIT_LIMIT, WEBSITE)
VALUES (315, 'Norfolk Southern', '1618 Footloose St, Bangalore - India, Kar', 900, 'http://www.nscorp.com');
INSERT INTO HENDI.CUSTOMERS (CUSTOMER_ID, NAME, ADDRESS, CREDIT_LIMIT, WEBSITE)
VALUES (316, 'Reinsurance Group of America', '1619 Footloose Rd, Bangalore - India, Kar', 900, 'http://www.rgare.com');
INSERT INTO HENDI.CUSTOMERS (CUSTOMER_ID, NAME, ADDRESS, CREDIT_LIMIT, WEBSITE)
VALUES (317, 'Public Service Enterprise Group', '1621 Gargon! Blvd, Bangalore - India, Kar', 600,
        'http://www.pseg.com');
INSERT INTO HENDI.CUSTOMERS (CUSTOMER_ID, NAME, ADDRESS, CREDIT_LIMIT, WEBSITE)
VALUES (23, 'DTE Energy', '8110 Jackson Rd, Ann Arbor, MI', 200, 'http://www.dteenergy.com');
INSERT INTO HENDI.CUSTOMERS (CUSTOMER_ID, NAME, ADDRESS, CREDIT_LIMIT, WEBSITE)
VALUES (27, 'Assurant', '101 N Falahee Rd, Jackson, MI', 300, 'http://www.assurant.com');
INSERT INTO HENDI.CUSTOMERS (CUSTOMER_ID, NAME, ADDRESS, CREDIT_LIMIT, WEBSITE)
VALUES (37, 'Huntsman', '555 John F Kennedy Rd, Dubuque, IA', 500, 'http://www.huntsman.com');
INSERT INTO HENDI.CUSTOMERS (CUSTOMER_ID, NAME, ADDRESS, CREDIT_LIMIT, WEBSITE)
VALUES (42, 'Becton Dickinson', '1691 Asbury Rd, Dubuque, IA', 500, 'http://www.bd.com');
INSERT INTO HENDI.CUSTOMERS (CUSTOMER_ID, NAME, ADDRESS, CREDIT_LIMIT, WEBSITE)
VALUES (68, 'AutoZone', '113 N 1St St, Minneapolis, MN', 1200, 'http://www.autozone.com');
INSERT INTO HENDI.CUSTOMERS (CUSTOMER_ID, NAME, ADDRESS, CREDIT_LIMIT, WEBSITE)
VALUES (73, 'Navistar International', '1409 Willow St # 600, Minneapolis, MN', 1200, 'http://www.navistar.com');
INSERT INTO HENDI.CUSTOMERS (CUSTOMER_ID, NAME, ADDRESS, CREDIT_LIMIT, WEBSITE)
VALUES (82, 'Discover Financial Services', '85 High St, Buffalo, NY', 1200, 'http://www.discoverfinancial.com');
INSERT INTO HENDI.CUSTOMERS (CUSTOMER_ID, NAME, ADDRESS, CREDIT_LIMIT, WEBSITE)
VALUES (87, 'Liberty Interactive', '2979 Hamburg St, Schenectady, NY', 1200, 'http://www.libertyinteractive.com');
INSERT INTO HENDI.CUSTOMERS (CUSTOMER_ID, NAME, ADDRESS, CREDIT_LIMIT, WEBSITE)
VALUES (116, 'Baxter International', '810 Race St, Philadelphia, PA', 1900, 'http://www.baxter.com');
INSERT INTO HENDI.CUSTOMERS (CUSTOMER_ID, NAME, ADDRESS, CREDIT_LIMIT, WEBSITE)
VALUES (120, 'Stryker', '135 S 18Th St # 1, Philadelphia, PA', 2300, 'http://www.stryker.com');
INSERT INTO HENDI.CUSTOMERS (CUSTOMER_ID, NAME, ADDRESS, CREDIT_LIMIT, WEBSITE)
VALUES (130, 'Western Refining', '5565 Baynton St, Philadelphia, PA', 2400, 'http://www.wnr.com');
INSERT INTO HENDI.CUSTOMERS (CUSTOMER_ID, NAME, ADDRESS, CREDIT_LIMIT, WEBSITE)
VALUES (154, 'Universal Health Services', '1751 Madison Ave, Council Bluffs, IA', 3500, 'http://www.uhsinc.com');
INSERT INTO HENDI.CUSTOMERS (CUSTOMER_ID, NAME, ADDRESS, CREDIT_LIMIT, WEBSITE)
VALUES (158, 'Owens & Minor', '310 Broadway St, Alexandria, MN', 3600, 'http://www.owens-minor.com');
INSERT INTO HENDI.CUSTOMERS (CUSTOMER_ID, NAME, ADDRESS, CREDIT_LIMIT, WEBSITE)
VALUES (168, 'Advance Auto Parts', '2674 Collingwood St, Detroit, MI', 3700, 'http://www.advanceautoparts.com');
INSERT INTO HENDI.CUSTOMERS (CUSTOMER_ID, NAME, ADDRESS, CREDIT_LIMIT, WEBSITE)
VALUES (172, 'MasterCard', '660 Woodward Ave # 2290, Detroit, MI', 3700, 'http://www.mastercard.com');
INSERT INTO HENDI.CUSTOMERS (CUSTOMER_ID, NAME, ADDRESS, CREDIT_LIMIT, WEBSITE)
VALUES (198, 'Eastman Chemical', '2017 Convoy St, Tokyo, ', 2400, 'http://www.eastman.com');
INSERT INTO HENDI.CUSTOMERS (CUSTOMER_ID, NAME, ADDRESS, CREDIT_LIMIT, WEBSITE)
VALUES (202, 'Sonic Automotive', 'Piazza Del Congresso 22, San Giminiano, ', 3600, 'http://www.sonicautomotive.com');
INSERT INTO HENDI.CUSTOMERS (CUSTOMER_ID, NAME, ADDRESS, CREDIT_LIMIT, WEBSITE)
VALUES (210, 'CST Brands', '2033 Spartacus St, Samutprakarn, ', 3700, 'http://www.cstbrands.com');
INSERT INTO HENDI.CUSTOMERS (CUSTOMER_ID, NAME, ADDRESS, CREDIT_LIMIT, WEBSITE)
VALUES (214, 'eBay', 'Via Del Disegno 194, Milano, ', 1500, 'http://www.ebay.com');
INSERT INTO HENDI.CUSTOMERS (CUSTOMER_ID, NAME, ADDRESS, CREDIT_LIMIT, WEBSITE)
VALUES (222, 'GameStop', '1605 Bazigar Crt, Pune, ', 5000, 'http://www.gamestopcorp.com');
INSERT INTO HENDI.CUSTOMERS (CUSTOMER_ID, NAME, ADDRESS, CREDIT_LIMIT, WEBSITE)
VALUES (225, 'Reliance Steel & Aluminum', '1609 Pakija Rd, New Delhi, ', 3700, 'http://www.rsac.com');
INSERT INTO HENDI.CUSTOMERS (CUSTOMER_ID, NAME, ADDRESS, CREDIT_LIMIT, WEBSITE)
VALUES (247, 'Celgene', '1667 2010 St, Batavia, Ker', 500, 'http://www.celgene.com');
INSERT INTO HENDI.CUSTOMERS (CUSTOMER_ID, NAME, ADDRESS, CREDIT_LIMIT, WEBSITE)
VALUES (250, 'Genworth Financial', 'Piazza Svizzera, Roma, ', 2400, 'http://www.genworth.com');
INSERT INTO HENDI.CUSTOMERS (CUSTOMER_ID, NAME, ADDRESS, CREDIT_LIMIT, WEBSITE)
VALUES (258, 'Priceline Group', 'Via Notoriosa 1943, Ventimiglia, ', 700, 'http://www.pricelinegroup.com');
INSERT INTO HENDI.CUSTOMERS (CUSTOMER_ID, NAME, ADDRESS, CREDIT_LIMIT, WEBSITE)
VALUES (262, 'MGM Resorts International', 'Piazza Svizzera, San Giminiano, ', 100, 'http://www.mgmresorts.com');
INSERT INTO HENDI.CUSTOMERS (CUSTOMER_ID, NAME, ADDRESS, CREDIT_LIMIT, WEBSITE)
VALUES (270, 'Fidelity National Financial', 'Sonnenberg 4, Baden-Daettwil, AG', 500, 'http://www.fnf.com');
INSERT INTO HENDI.CUSTOMERS (CUSTOMER_ID, NAME, ADDRESS, CREDIT_LIMIT, WEBSITE)
VALUES (274, 'Republic Services', 'Kreuzritterplatz 5, Baden-Daettwil, AG', 3500, 'http://www.republicservices.com');
INSERT INTO HENDI.CUSTOMERS (CUSTOMER_ID, NAME, ADDRESS, CREDIT_LIMIT, WEBSITE)
VALUES (298, 'Peter Kiewit Sons?', '1592 Silverado St, Bangalore, Kar', 1400, 'http://www.kiewit.com');
INSERT INTO HENDI.CUSTOMERS (CUSTOMER_ID, NAME, ADDRESS, CREDIT_LIMIT, WEBSITE)
VALUES (306, 'Mosaic', '1606 Volunteers Blvd, Bangalore, Kar', 3500, 'http://www.mosaicco.com');
INSERT INTO HENDI.CUSTOMERS (CUSTOMER_ID, NAME, ADDRESS, CREDIT_LIMIT, WEBSITE)
VALUES (310, 'Core-Mark Holding', '1611 Carmen Blvd, Bangalore, Kar', 5000, 'http://www.core-mark.com');
INSERT INTO HENDI.CUSTOMERS (CUSTOMER_ID, NAME, ADDRESS, CREDIT_LIMIT, WEBSITE)
VALUES (318, 'Cameron International', '1667 2010 St, Batavia, IL', 200, 'http://www.c-a-m.com');
INSERT INTO HENDI.CUSTOMERS (CUSTOMER_ID, NAME, ADDRESS, CREDIT_LIMIT, WEBSITE)
VALUES (297, 'Xcel Energy', '1540 Stripes Crt, Baden-Daettwil, AG', 400, 'http://www.xcelenergy.com');
INSERT INTO HENDI.CUSTOMERS (CUSTOMER_ID, NAME, ADDRESS, CREDIT_LIMIT, WEBSITE)
VALUES (126, 'State Farm Insurance Cos.', '223 4Th Ave # 1100, Pittsburgh, PA', 2300, 'http://www.statefarm.com');
INSERT INTO HENDI.CUSTOMERS (CUSTOMER_ID, NAME, ADDRESS, CREDIT_LIMIT, WEBSITE)
VALUES (131, 'Johnson & Johnson', '5640 Fishers Ln, Rockville, MD', 2400, 'http://www.jnj.com');
INSERT INTO HENDI.CUSTOMERS (CUSTOMER_ID, NAME, ADDRESS, CREDIT_LIMIT, WEBSITE)
VALUES (134, 'Marathon Petroleum', '4301 Ashland Ave, Baltimore, MD', 2400, 'http://www.marathonpetroleum.com');
INSERT INTO HENDI.CUSTOMERS (CUSTOMER_ID, NAME, ADDRESS, CREDIT_LIMIT, WEBSITE)
VALUES (138, 'Aetna', '200 E Fort Ave, Baltimore, MD', 2400, 'http://www.aetna.com');
INSERT INTO HENDI.CUSTOMERS (CUSTOMER_ID, NAME, ADDRESS, CREDIT_LIMIT, WEBSITE)
VALUES (141, 'AIG', '12817 Coastal Hwy, Ocean City, MD', 2400, 'http://www.aig.com');
INSERT INTO HENDI.CUSTOMERS (CUSTOMER_ID, NAME, ADDRESS, CREDIT_LIMIT, WEBSITE)
VALUES (143, 'Intel', '9435 Washington Blvd N # M, Laurel, MD', 2400, 'http://www.intel.com');
INSERT INTO HENDI.CUSTOMERS (CUSTOMER_ID, NAME, ADDRESS, CREDIT_LIMIT, WEBSITE)
VALUES (147, 'Pfizer', '206 S Broadway # 707, Rochester, MN', 2400, 'http://www.pfizer.com');
INSERT INTO HENDI.CUSTOMERS (CUSTOMER_ID, NAME, ADDRESS, CREDIT_LIMIT, WEBSITE)
VALUES (150, 'FedEx', '2215 Oak Industrial Dr Ne, Grand Rapids, MI', 2400, 'http://www.fedex.com');
INSERT INTO HENDI.CUSTOMERS (CUSTOMER_ID, NAME, ADDRESS, CREDIT_LIMIT, WEBSITE)
VALUES (153, 'New York Life Insurance', '215 4Th Ave Se, Cedar Rapids, IA', 2500, 'http://www.newyorklife.com');
INSERT INTO HENDI.CUSTOMERS (CUSTOMER_ID, NAME, ADDRESS, CREDIT_LIMIT, WEBSITE)
VALUES (157, 'Ingram Micro', '4811 S 76Th St # 205, Milwaukee, WI', 3600, 'http://www.ingrammicro.com');
INSERT INTO HENDI.CUSTOMERS (CUSTOMER_ID, NAME, ADDRESS, CREDIT_LIMIT, WEBSITE)
VALUES (161, 'American Airlines Group', '800 Carter St, Rochester, NY', 3600, 'http://www.aa.com');
INSERT INTO HENDI.CUSTOMERS (CUSTOMER_ID, NAME, ADDRESS, CREDIT_LIMIT, WEBSITE)
VALUES (165, 'Johnson Controls', '6Th And Master St, Philadelphia, PA', 3600, 'http://www.johnsoncontrols.com');
INSERT INTO HENDI.CUSTOMERS (CUSTOMER_ID, NAME, ADDRESS, CREDIT_LIMIT, WEBSITE)
VALUES (170, 'Goldman Sachs Group', '23985 Bedford Rd N, Battle Creek, MI', 3700, 'http://www.gs.com');
INSERT INTO HENDI.CUSTOMERS (CUSTOMER_ID, NAME, ADDRESS, CREDIT_LIMIT, WEBSITE)
VALUES (174, 'Oracle', '701 Seneca St, Buffalo, NY', 5000, 'http://www.oracle.com');


REM INSERTING into HENDI.CONTACTS
SET DEFINE OFF;
INSERT INTO HENDI.CONTACTS (CONTACT_ID, FIRST_NAME, LAST_NAME, EMAIL, PHONE, CUSTOMER_ID)
VALUES (1, 'Flor', 'Stone', 'flor.stone@raytheon.com', '+1 317 123 4104', 1);
INSERT INTO HENDI.CONTACTS (CONTACT_ID, FIRST_NAME, LAST_NAME, EMAIL, PHONE, CUSTOMER_ID)
VALUES (2, 'Lavera', 'Emerson', 'lavera.emerson@plainsallamerican.com', '+1 317 123 4111', 2);
INSERT INTO HENDI.CONTACTS (CONTACT_ID, FIRST_NAME, LAST_NAME, EMAIL, PHONE, CUSTOMER_ID)
VALUES (3, 'Fern', 'Head', 'fern.head@usfoods.com', '+1 812 123 4115', 3);
INSERT INTO HENDI.CONTACTS (CONTACT_ID, FIRST_NAME, LAST_NAME, EMAIL, PHONE, CUSTOMER_ID)
VALUES (4, 'Shyla', 'Ortiz', 'shyla.ortiz@abbvie.com', '+1 317 123 4126', 4);
INSERT INTO HENDI.CONTACTS (CONTACT_ID, FIRST_NAME, LAST_NAME, EMAIL, PHONE, CUSTOMER_ID)
VALUES (5, 'Jeni', 'Levy', 'jeni.levy@centene.com', '+1 812 123 4129', 5);
INSERT INTO HENDI.CONTACTS (CONTACT_ID, FIRST_NAME, LAST_NAME, EMAIL, PHONE, CUSTOMER_ID)
VALUES (6, 'Matthias', 'Hannah', 'matthias.hannah@chs.net', '+1 219 123 4136', 6);
INSERT INTO HENDI.CONTACTS (CONTACT_ID, FIRST_NAME, LAST_NAME, EMAIL, PHONE, CUSTOMER_ID)
VALUES (7, 'Matthias', 'Cruise', 'matthias.cruise@alcoa.com', '+1 219 123 4138', 7);
INSERT INTO HENDI.CONTACTS (CONTACT_ID, FIRST_NAME, LAST_NAME, EMAIL, PHONE, CUSTOMER_ID)
VALUES (8, 'Meenakshi', 'Mason', 'meenakshi.mason@internationalpaper.com', '+1 317 123 4141', 8);
INSERT INTO HENDI.CONTACTS (CONTACT_ID, FIRST_NAME, LAST_NAME, EMAIL, PHONE, CUSTOMER_ID)
VALUES (9, 'Christian', 'Cage', 'christian.cage@emerson.com', '+1 219 123 4142', 9);
INSERT INTO HENDI.CONTACTS (CONTACT_ID, FIRST_NAME, LAST_NAME, EMAIL, PHONE, CUSTOMER_ID)
VALUES (10, 'Charlie', 'Sutherland', 'charlie.sutherland@up.com', '+1 317 123 4146', 10);
INSERT INTO HENDI.CONTACTS (CONTACT_ID, FIRST_NAME, LAST_NAME, EMAIL, PHONE, CUSTOMER_ID)
VALUES (11, 'Charlie', 'Pacino', 'charlie.pacino@amgen.com', '+1 812 123 4150', 11);
INSERT INTO HENDI.CONTACTS (CONTACT_ID, FIRST_NAME, LAST_NAME, EMAIL, PHONE, CUSTOMER_ID)
VALUES (12, 'Guillaume', 'Jackson', 'guillaume.jackson@usbank.com', '+1 812 123 4151', 12);
INSERT INTO HENDI.CONTACTS (CONTACT_ID, FIRST_NAME, LAST_NAME, EMAIL, PHONE, CUSTOMER_ID)
VALUES (13, 'Daniel', 'Costner', 'daniel.costner@staples.com', '+1 812 123 4153', 13);
INSERT INTO HENDI.CONTACTS (CONTACT_ID, FIRST_NAME, LAST_NAME, EMAIL, PHONE, CUSTOMER_ID)
VALUES (14, 'Dianne', 'Derek', 'dianne.derek@danaher.com', '+1 812 123 4157', 14);
INSERT INTO HENDI.CONTACTS (CONTACT_ID, FIRST_NAME, LAST_NAME, EMAIL, PHONE, CUSTOMER_ID)
VALUES (15, 'Geraldine', 'Schneider', 'geraldine.schneider@whirlpoolcorp.com', '+1 313 123 4159', 15);
INSERT INTO HENDI.CONTACTS (CONTACT_ID, FIRST_NAME, LAST_NAME, EMAIL, PHONE, CUSTOMER_ID)
VALUES (16, 'Geraldine', 'Martin', 'geraldine.martin@aflac.com', '+1 313 123 4160', 16);
INSERT INTO HENDI.CONTACTS (CONTACT_ID, FIRST_NAME, LAST_NAME, EMAIL, PHONE, CUSTOMER_ID)
VALUES (17, 'Guillaume', 'Edwards', 'guillaume.edwards@autonation.com', '+1 616 123 4162', 17);
INSERT INTO HENDI.CONTACTS (CONTACT_ID, FIRST_NAME, LAST_NAME, EMAIL, PHONE, CUSTOMER_ID)
VALUES (18, 'Maurice', 'Mahoney', 'maurice.mahoney@progressive.com', '+1 616 123 4181', 18);
INSERT INTO HENDI.CONTACTS (CONTACT_ID, FIRST_NAME, LAST_NAME, EMAIL, PHONE, CUSTOMER_ID)
VALUES (19, 'Maurice', 'Hasan', 'maurice.hasan@abbott.com', '+1 517 123 4191', 19);
INSERT INTO HENDI.CONTACTS (CONTACT_ID, FIRST_NAME, LAST_NAME, EMAIL, PHONE, CUSTOMER_ID)
VALUES (20, 'Diane', 'Higgins', 'diane.higgins@dollargeneral.com', '+1 517 123 4199', 20);
INSERT INTO HENDI.CONTACTS (CONTACT_ID, FIRST_NAME, LAST_NAME, EMAIL, PHONE, CUSTOMER_ID)
VALUES (21, 'Dianne', 'Sen', 'dianne.sen@tenethealth.com', '+1 517 123 4201', 21);
INSERT INTO HENDI.CONTACTS (CONTACT_ID, FIRST_NAME, LAST_NAME, EMAIL, PHONE, CUSTOMER_ID)
VALUES (22, 'Maurice', 'Daltrey', 'maurice.daltrey@lilly.com', '+1 517 123 4206', 22);
INSERT INTO HENDI.CONTACTS (CONTACT_ID, FIRST_NAME, LAST_NAME, EMAIL, PHONE, CUSTOMER_ID)
VALUES (23, 'Tess', 'Roth', 'tess.roth@dteenergy.com', '+1 313 123 4219', 23);
INSERT INTO HENDI.CONTACTS (CONTACT_ID, FIRST_NAME, LAST_NAME, EMAIL, PHONE, CUSTOMER_ID)
VALUES (24, 'Ka', 'Kaufman', 'ka.kaufman@southwest.com', '+1 313 123 4222', 24);
INSERT INTO HENDI.CONTACTS (CONTACT_ID, FIRST_NAME, LAST_NAME, EMAIL, PHONE, CUSTOMER_ID)
VALUES (25, 'Sharyl', 'Montoya', 'sharyl.montoya@penskeautomotive.com', '+1 517 123 4225', 25);
INSERT INTO HENDI.CONTACTS (CONTACT_ID, FIRST_NAME, LAST_NAME, EMAIL, PHONE, CUSTOMER_ID)
VALUES (26, 'Daniel', 'Glass', 'daniel.glass@manpowergroup.com', '+1 313 123 4226', 26);
INSERT INTO HENDI.CONTACTS (CONTACT_ID, FIRST_NAME, LAST_NAME, EMAIL, PHONE, CUSTOMER_ID)
VALUES (27, 'Rena', 'Arnold', 'rena.arnold@assurant.com', '+1 517 123 4228', 27);
INSERT INTO HENDI.CONTACTS (CONTACT_ID, FIRST_NAME, LAST_NAME, EMAIL, PHONE, CUSTOMER_ID)
VALUES (28, 'Arlyne', 'Ingram', 'arlyne.ingram@kohlscorporation.com', '+1 313 123 4230', 28);
INSERT INTO HENDI.CONTACTS (CONTACT_ID, FIRST_NAME, LAST_NAME, EMAIL, PHONE, CUSTOMER_ID)
VALUES (29, 'Willie', 'Barrera', 'willie.barrera@starbucks.com', '+1 616 123 4234', 29);
INSERT INTO HENDI.CONTACTS (CONTACT_ID, FIRST_NAME, LAST_NAME, EMAIL, PHONE, CUSTOMER_ID)
VALUES (30, 'Mireya', 'Cochran', 'mireya.cochran@paccar.com', '+1 313 123 4242', 30);
INSERT INTO HENDI.CONTACTS (CONTACT_ID, FIRST_NAME, LAST_NAME, EMAIL, PHONE, CUSTOMER_ID)
VALUES (31, 'Marlene', 'Odom', 'marlene.odom@cummins.com', '+1 616 123 4245', 31);
INSERT INTO HENDI.CONTACTS (CONTACT_ID, FIRST_NAME, LAST_NAME, EMAIL, PHONE, CUSTOMER_ID)
VALUES (32, 'Jaclyn', 'Atkinson', 'jaclyn.atkinson@globalp.com', '+1 313 123 4248', 32);
INSERT INTO HENDI.CONTACTS (CONTACT_ID, FIRST_NAME, LAST_NAME, EMAIL, PHONE, CUSTOMER_ID)
VALUES (33, 'Al', 'Schultz', 'al.schultz@altria.com', '+1 517 123 4253', 33);
INSERT INTO HENDI.CONTACTS (CONTACT_ID, FIRST_NAME, LAST_NAME, EMAIL, PHONE, CUSTOMER_ID)
VALUES (34, 'Felicitas', 'Riley', 'felicitas.riley@xerox.com', '+1 313 123 4255', 34);
INSERT INTO HENDI.CONTACTS (CONTACT_ID, FIRST_NAME, LAST_NAME, EMAIL, PHONE, CUSTOMER_ID)
VALUES (35, 'Cora', 'Calhoun', 'cora.calhoun@kimberly-clark.com', '+1 313 123 4263', 35);
INSERT INTO HENDI.CONTACTS (CONTACT_ID, FIRST_NAME, LAST_NAME, EMAIL, PHONE, CUSTOMER_ID)
VALUES (36, 'Trula', 'Buckley', 'trula.buckley@thehartford.com', '+1 517 123 4265', 36);
INSERT INTO HENDI.CONTACTS (CONTACT_ID, FIRST_NAME, LAST_NAME, EMAIL, PHONE, CUSTOMER_ID)
VALUES (37, 'Sasha', 'Wallace', 'sasha.wallace@huntsman.com', '+1 319 123 4271', 37);
INSERT INTO HENDI.CONTACTS (CONTACT_ID, FIRST_NAME, LAST_NAME, EMAIL, PHONE, CUSTOMER_ID)
VALUES (38, 'Caitlin', 'Hill', 'caitlin.hill@kraftheinzcompany.com', '+1 515 123 4273', 38);
INSERT INTO HENDI.CONTACTS (CONTACT_ID, FIRST_NAME, LAST_NAME, EMAIL, PHONE, CUSTOMER_ID)
VALUES (39, 'Gino', 'Pickett', 'gino.pickett@lear.com', '+1 319 123 4278', 39);
INSERT INTO HENDI.CONTACTS (CONTACT_ID, FIRST_NAME, LAST_NAME, EMAIL, PHONE, CUSTOMER_ID)
VALUES (40, 'Amira', 'Macdonald', 'amira.macdonald@fluor.com', '+1 712 123 4280', 40);
INSERT INTO HENDI.CONTACTS (CONTACT_ID, FIRST_NAME, LAST_NAME, EMAIL, PHONE, CUSTOMER_ID)
VALUES (41, 'Mack', 'Morse', 'mack.morse@aecom.com', '+1 319 123 4282', 41);
INSERT INTO HENDI.CONTACTS (CONTACT_ID, FIRST_NAME, LAST_NAME, EMAIL, PHONE, CUSTOMER_ID)
VALUES (42, 'Eboni', 'Jarvis', 'eboni.jarvis@bd.com', '+1 319 123 4288', 42);
INSERT INTO HENDI.CONTACTS (CONTACT_ID, FIRST_NAME, LAST_NAME, EMAIL, PHONE, CUSTOMER_ID)
VALUES (43, 'Gabrielle', 'Dennis', 'gabrielle.dennis@facebook.com', '+1 515 123 4290', 43);
INSERT INTO HENDI.CONTACTS (CONTACT_ID, FIRST_NAME, LAST_NAME, EMAIL, PHONE, CUSTOMER_ID)
VALUES (44, 'Classie', 'Norris', 'classie.norris@jabil.com', '+1 319 123 4301', 44);
INSERT INTO HENDI.CONTACTS (CONTACT_ID, FIRST_NAME, LAST_NAME, EMAIL, PHONE, CUSTOMER_ID)
VALUES (45, 'Khalilah', 'Holman', 'khalilah.holman@centurylink.com', '+1 745 123 4306', 45);
INSERT INTO HENDI.CONTACTS (CONTACT_ID, FIRST_NAME, LAST_NAME, EMAIL, PHONE, CUSTOMER_ID)
VALUES (46, 'Isreal', 'Rose', 'isreal.rose@supervalu.com', '+1 414 123 4307', 46);
INSERT INTO HENDI.CONTACTS (CONTACT_ID, FIRST_NAME, LAST_NAME, EMAIL, PHONE, CUSTOMER_ID)
VALUES (47, 'Verena', 'Hopper', 'verena.hopper@generalmills.com', '+1 414 123 4308', 47);
INSERT INTO HENDI.CONTACTS (CONTACT_ID, FIRST_NAME, LAST_NAME, EMAIL, PHONE, CUSTOMER_ID)
VALUES (48, 'Audie', 'Flores', 'audie.flores@southerncompany.com', '+1 608 123 4309', 48);
INSERT INTO HENDI.CONTACTS (CONTACT_ID, FIRST_NAME, LAST_NAME, EMAIL, PHONE, CUSTOMER_ID)
VALUES (49, 'Gertrude', 'Cooke', 'gertrude.cooke@nexteraenergy.com', '+1 608 123 4318', 49);
INSERT INTO HENDI.CONTACTS (CONTACT_ID, FIRST_NAME, LAST_NAME, EMAIL, PHONE, CUSTOMER_ID)
VALUES (50, 'Princess', 'Kane', 'princess.kane@thermofisher.com', '+1 414 123 4323', 50);
INSERT INTO HENDI.CONTACTS (CONTACT_ID, FIRST_NAME, LAST_NAME, EMAIL, PHONE, CUSTOMER_ID)
VALUES (51, 'Jacinta', 'Faulkner', 'jacinta.faulkner@aep.com', '+1 414 123 4324', 51);
INSERT INTO HENDI.CONTACTS (CONTACT_ID, FIRST_NAME, LAST_NAME, EMAIL, PHONE, CUSTOMER_ID)
VALUES (52, 'Lashon', 'Wall', 'lashon.wall@pge.com', '+1 414 123 4328', 52);
INSERT INTO HENDI.CONTACTS (CONTACT_ID, FIRST_NAME, LAST_NAME, EMAIL, PHONE, CUSTOMER_ID)
VALUES (53, 'Corliss', 'Mcneil', 'corliss.mcneil@nglenergypartners.com', '+1 608 123 4332', 53);
INSERT INTO HENDI.CONTACTS (CONTACT_ID, FIRST_NAME, LAST_NAME, EMAIL, PHONE, CUSTOMER_ID)
VALUES (54, 'Brock', 'Webb', 'brock.webb@bms.com', '+1 608 123 4344', 54);
INSERT INTO HENDI.CONTACTS (CONTACT_ID, FIRST_NAME, LAST_NAME, EMAIL, PHONE, CUSTOMER_ID)
VALUES (55, 'Melany', 'Mcmahon', 'melany.mcmahon@goodyear.com', '+1 414 123 4347', 55);
INSERT INTO HENDI.CONTACTS (CONTACT_ID, FIRST_NAME, LAST_NAME, EMAIL, PHONE, CUSTOMER_ID)
VALUES (56, 'Rogelio', 'Kirby', 'rogelio.kirby@nucor.com', '+1 414 123 4348', 56);
INSERT INTO HENDI.CONTACTS (CONTACT_ID, FIRST_NAME, LAST_NAME, EMAIL, PHONE, CUSTOMER_ID)
VALUES (57, 'Wallace', 'Dillard', 'wallace.dillard@pnc.com', '+1 414 123 4350', 57);
INSERT INTO HENDI.CONTACTS (CONTACT_ID, FIRST_NAME, LAST_NAME, EMAIL, PHONE, CUSTOMER_ID)
VALUES (58, 'Gia', 'Boyle', 'gia.boyle@healthnet.com', '+1 745 123 4367', 58);
INSERT INTO HENDI.CONTACTS (CONTACT_ID, FIRST_NAME, LAST_NAME, EMAIL, PHONE, CUSTOMER_ID)
VALUES (59, 'Tennie', 'Gay', 'tennie.gay@micron.com', '+1 414 123 4369', 59);
INSERT INTO HENDI.CONTACTS (CONTACT_ID, FIRST_NAME, LAST_NAME, EMAIL, PHONE, CUSTOMER_ID)
VALUES (60, 'Ophelia', 'Hurst', 'ophelia.hurst@colgatepalmolive.com', '+1 715 123 4372', 60);
INSERT INTO HENDI.CONTACTS (CONTACT_ID, FIRST_NAME, LAST_NAME, EMAIL, PHONE, CUSTOMER_ID)
VALUES (61, 'Ciara', 'Flowers', 'ciara.flowers@fcx.com', '+1 414 123 4373', 61);
INSERT INTO HENDI.CONTACTS (CONTACT_ID, FIRST_NAME, LAST_NAME, EMAIL, PHONE, CUSTOMER_ID)
VALUES (62, 'Birgit', 'Stephenson', 'birgit.stephenson@conagrafoods.com', '+1 608 123 4374', 62);
INSERT INTO HENDI.CONTACTS (CONTACT_ID, FIRST_NAME, LAST_NAME, EMAIL, PHONE, CUSTOMER_ID)
VALUES (63, 'Shameka', 'Spencer', 'shameka.spencer@sempra.com', '+1 414 123 4376', 63);
INSERT INTO HENDI.CONTACTS (CONTACT_ID, FIRST_NAME, LAST_NAME, EMAIL, PHONE, CUSTOMER_ID)
VALUES (64, 'Alysa', 'Kane', 'alysa.kane@gapinc.com', '+1 608 123 4378', 64);
INSERT INTO HENDI.CONTACTS (CONTACT_ID, FIRST_NAME, LAST_NAME, EMAIL, PHONE, CUSTOMER_ID)
VALUES (65, 'Fransisca', 'Reeves', 'fransisca.reeves@bakerhughes.com', '+1 414 123 4381', 65);
INSERT INTO HENDI.CONTACTS (CONTACT_ID, FIRST_NAME, LAST_NAME, EMAIL, PHONE, CUSTOMER_ID)
VALUES (66, 'Jessika', 'Merritt', 'jessika.merritt@bnymellon.com', '+1 612 123 4397', 66);
INSERT INTO HENDI.CONTACTS (CONTACT_ID, FIRST_NAME, LAST_NAME, EMAIL, PHONE, CUSTOMER_ID)
VALUES (67, 'Agustina', 'Conner', 'agustina.conner@dollartree.com', '+1 612 123 4399', 67);
INSERT INTO HENDI.CONTACTS (CONTACT_ID, FIRST_NAME, LAST_NAME, EMAIL, PHONE, CUSTOMER_ID)
VALUES (68, 'Roxanna', 'Wade', 'roxanna.wade@autozone.com', '+1 612 123 4408', 68);
INSERT INTO HENDI.CONTACTS (CONTACT_ID, FIRST_NAME, LAST_NAME, EMAIL, PHONE, CUSTOMER_ID)
VALUES (69, 'Virgie', 'Mays', 'virgie.mays@wholefoodsmarket.com', '+1 612 123 4417', 69);
INSERT INTO HENDI.CONTACTS (CONTACT_ID, FIRST_NAME, LAST_NAME, EMAIL, PHONE, CUSTOMER_ID)
VALUES (70, 'Trang', 'Mcconnell', 'trang.mcconnell@ppg.com', '+1 612 123 4419', 70);
INSERT INTO HENDI.CONTACTS (CONTACT_ID, FIRST_NAME, LAST_NAME, EMAIL, PHONE, CUSTOMER_ID)
VALUES (71, 'Nada', 'West', 'nada.west@genpt.com', '+1 507 123 4421', 71);
INSERT INTO HENDI.CONTACTS (CONTACT_ID, FIRST_NAME, LAST_NAME, EMAIL, PHONE, CUSTOMER_ID)
VALUES (72, 'Catherina', 'Haney', 'catherina.haney@ielp.com', '+1 218 123 4429', 72);
INSERT INTO HENDI.CONTACTS (CONTACT_ID, FIRST_NAME, LAST_NAME, EMAIL, PHONE, CUSTOMER_ID)
VALUES (73, 'Harriette', 'Melton', 'harriette.melton@navistar.com', '+1 612 123 4434', 73);
INSERT INTO HENDI.CONTACTS (CONTACT_ID, FIRST_NAME, LAST_NAME, EMAIL, PHONE, CUSTOMER_ID)
VALUES (74, 'Willette', 'Rodgers', 'willette.rodgers@pfgc.com', '+1 315 123 4442', 74);
INSERT INTO HENDI.CONTACTS (CONTACT_ID, FIRST_NAME, LAST_NAME, EMAIL, PHONE, CUSTOMER_ID)
VALUES (75, 'Calandra', 'Williamson', 'calandra.williamson@omnicomgroup.com', '+1 315 123 4447', 75);
INSERT INTO HENDI.CONTACTS (CONTACT_ID, FIRST_NAME, LAST_NAME, EMAIL, PHONE, CUSTOMER_ID)
VALUES (76, 'Tamatha', 'Delgado', 'tamatha.delgado@dish.com', '+1 716 123 4457', 76);
INSERT INTO HENDI.CONTACTS (CONTACT_ID, FIRST_NAME, LAST_NAME, EMAIL, PHONE, CUSTOMER_ID)
VALUES (77, 'Felix', 'Ferguson', 'felix.ferguson@firstenergycorp.com', '+1 518 123 4459', 77);
INSERT INTO HENDI.CONTACTS (CONTACT_ID, FIRST_NAME, LAST_NAME, EMAIL, PHONE, CUSTOMER_ID)
VALUES (78, 'Elwood', 'Hampton', 'elwood.hampton@precast.com', '+1 518 123 4464', 78);
INSERT INTO HENDI.CONTACTS (CONTACT_ID, FIRST_NAME, LAST_NAME, EMAIL, PHONE, CUSTOMER_ID)
VALUES (79, 'Josh', 'Roach', 'josh.roach@monsanto.com', '+1 518 123 4474', 79);
INSERT INTO HENDI.CONTACTS (CONTACT_ID, FIRST_NAME, LAST_NAME, EMAIL, PHONE, CUSTOMER_ID)
VALUES (80, 'Luanna', 'Scott', 'luanna.scott@aes.com', '+1 914 123 4494', 80);
INSERT INTO HENDI.CONTACTS (CONTACT_ID, FIRST_NAME, LAST_NAME, EMAIL, PHONE, CUSTOMER_ID)
VALUES (81, 'Meryl', 'Cole', 'meryl.cole@carmax.com', '+1 518 123 4496', 81);
INSERT INTO HENDI.CONTACTS (CONTACT_ID, FIRST_NAME, LAST_NAME, EMAIL, PHONE, CUSTOMER_ID)
VALUES (82, 'Jannet', 'Elliott', 'jannet.elliott@discoverfinancial.com', '+1 716 123 4575', 82);
INSERT INTO HENDI.CONTACTS (CONTACT_ID, FIRST_NAME, LAST_NAME, EMAIL, PHONE, CUSTOMER_ID)
VALUES (83, 'Fae', 'Glenn', 'fae.glenn@nov.com', '+1 914 123 4578', 83);
INSERT INTO HENDI.CONTACTS (CONTACT_ID, FIRST_NAME, LAST_NAME, EMAIL, PHONE, CUSTOMER_ID)
VALUES (84, 'Francisco', 'Cummings', 'francisco.cummings@nrgenergy.com', '+1 315 123 4597', 84);
INSERT INTO HENDI.CONTACTS (CONTACT_ID, FIRST_NAME, LAST_NAME, EMAIL, PHONE, CUSTOMER_ID)
VALUES (85, 'Ermelinda', 'Benton', 'ermelinda.benton@westerndigital.com', '+1 716 123 4599', 85);
INSERT INTO HENDI.CONTACTS (CONTACT_ID, FIRST_NAME, LAST_NAME, EMAIL, PHONE, CUSTOMER_ID)
VALUES (86, 'Lasonya', 'Beard', 'lasonya.beard@marriott.com', '+1 716 123 4605', 86);
INSERT INTO HENDI.CONTACTS (CONTACT_ID, FIRST_NAME, LAST_NAME, EMAIL, PHONE, CUSTOMER_ID)
VALUES (87, 'Rayna', 'Tran', 'rayna.tran@libertyinteractive.com', '+1 518 123 4617', 87);
INSERT INTO HENDI.CONTACTS (CONTACT_ID, FIRST_NAME, LAST_NAME, EMAIL, PHONE, CUSTOMER_ID)
VALUES (88, 'Annice', 'Boyer', 'annice.boyer@walmart.com', '+1 518 123 4618', 88);
INSERT INTO HENDI.CONTACTS (CONTACT_ID, FIRST_NAME, LAST_NAME, EMAIL, PHONE, CUSTOMER_ID)
VALUES (89, 'Ja', 'Whitfield', 'ja.whitfield@exxonmobil.com', '+1 914 123 4619', 89);
INSERT INTO HENDI.CONTACTS (CONTACT_ID, FIRST_NAME, LAST_NAME, EMAIL, PHONE, CUSTOMER_ID)
VALUES (90, 'Jaime', 'Lester', 'jaime.lester@apple.com', '+1 518 123 4624', 90);
INSERT INTO HENDI.CONTACTS (CONTACT_ID, FIRST_NAME, LAST_NAME, EMAIL, PHONE, CUSTOMER_ID)
VALUES (91, 'Charlsie', 'Lindsey', 'charlsie.lindsey@berkshirehathaway.com', '+1 215 123 4644', 91);
INSERT INTO HENDI.CONTACTS (CONTACT_ID, FIRST_NAME, LAST_NAME, EMAIL, PHONE, CUSTOMER_ID)
VALUES (92, 'Jannette', 'Henry', 'jannette.henry@mckesson.com', '+1 610 123 4657', 92);
INSERT INTO HENDI.CONTACTS (CONTACT_ID, FIRST_NAME, LAST_NAME, EMAIL, PHONE, CUSTOMER_ID)
VALUES (93, 'Margart', 'Mccall', 'margart.mccall@unitedhealthgroup.com', '+1 412 123 4662', 93);
INSERT INTO HENDI.CONTACTS (CONTACT_ID, FIRST_NAME, LAST_NAME, EMAIL, PHONE, CUSTOMER_ID)
VALUES (94, 'Twanna', 'Cleveland', 'twanna.cleveland@cvshealth.com', '+1 814 123 4663', 94);
INSERT INTO HENDI.CONTACTS (CONTACT_ID, FIRST_NAME, LAST_NAME, EMAIL, PHONE, CUSTOMER_ID)
VALUES (95, 'Bronwyn', 'Horn', 'bronwyn.horn@gm.com', '+1 610 123 4664', 95);
INSERT INTO HENDI.CONTACTS (CONTACT_ID, FIRST_NAME, LAST_NAME, EMAIL, PHONE, CUSTOMER_ID)
VALUES (96, 'Jon', 'Petersen', 'jon.petersen@ford.com', '+1 610 123 4667', 96);
INSERT INTO HENDI.CONTACTS (CONTACT_ID, FIRST_NAME, LAST_NAME, EMAIL, PHONE, CUSTOMER_ID)
VALUES (97, 'Denny', 'Daniel', 'denny.daniel@att.com', '+1 610 123 4669', 97);
INSERT INTO HENDI.CONTACTS (CONTACT_ID, FIRST_NAME, LAST_NAME, EMAIL, PHONE, CUSTOMER_ID)
VALUES (98, 'Avis', 'Moore', 'avis.moore@ge.com', '+1 717 123 4674', 98);
INSERT INTO HENDI.CONTACTS (CONTACT_ID, FIRST_NAME, LAST_NAME, EMAIL, PHONE, CUSTOMER_ID)
VALUES (99, 'Eden', 'Burke', 'eden.burke@amerisourcebergen.com', '+1 215 123 4676', 99);
INSERT INTO HENDI.CONTACTS (CONTACT_ID, FIRST_NAME, LAST_NAME, EMAIL, PHONE, CUSTOMER_ID)
VALUES (100, 'Elisha', 'Lloyd', 'elisha.lloyd@verizon.com', '+1 412 123 4681', 100);
INSERT INTO HENDI.CONTACTS (CONTACT_ID, FIRST_NAME, LAST_NAME, EMAIL, PHONE, CUSTOMER_ID)
VALUES (101, 'Samara', 'Barnett', 'samara.barnett@chevron.com', '+1 412 123 4684', 101);
INSERT INTO HENDI.CONTACTS (CONTACT_ID, FIRST_NAME, LAST_NAME, EMAIL, PHONE, CUSTOMER_ID)
VALUES (102, 'Nadia', 'Sawyer', 'nadia.sawyer@costco.com', '+1 412 123 4688', 102);
INSERT INTO HENDI.CONTACTS (CONTACT_ID, FIRST_NAME, LAST_NAME, EMAIL, PHONE, CUSTOMER_ID)
VALUES (103, 'Melita', 'Holcomb', 'melita.holcomb@fanniemae.com', '+1 412 123 4691', 103);
INSERT INTO HENDI.CONTACTS (CONTACT_ID, FIRST_NAME, LAST_NAME, EMAIL, PHONE, CUSTOMER_ID)
VALUES (104, 'Evita', 'Dickerson', 'evita.dickerson@thekrogerco.com', '+1 717 123 4692', 104);
INSERT INTO HENDI.CONTACTS (CONTACT_ID, FIRST_NAME, LAST_NAME, EMAIL, PHONE, CUSTOMER_ID)
VALUES (105, 'Aundrea', 'Barry', 'aundrea.barry@amazon.com', '+1 814 123 4696', 105);
INSERT INTO HENDI.CONTACTS (CONTACT_ID, FIRST_NAME, LAST_NAME, EMAIL, PHONE, CUSTOMER_ID)
VALUES (106, 'Irvin', 'Leach', 'irvin.leach@walgreensbootsalliance.com', '+1 814 123 4697', 106);
INSERT INTO HENDI.CONTACTS (CONTACT_ID, FIRST_NAME, LAST_NAME, EMAIL, PHONE, CUSTOMER_ID)
VALUES (107, 'Kellee', 'Molina', 'kellee.molina@hp.com', '+1 412 123 4700', 107);
INSERT INTO HENDI.CONTACTS (CONTACT_ID, FIRST_NAME, LAST_NAME, EMAIL, PHONE, CUSTOMER_ID)
VALUES (108, 'Ronny', 'Sykes', 'ronny.sykes@cardinal.com', '+1 814 123 4706', 108);
INSERT INTO HENDI.CONTACTS (CONTACT_ID, FIRST_NAME, LAST_NAME, EMAIL, PHONE, CUSTOMER_ID)
VALUES (109, 'Ocie', 'Walton', 'ocie.walton@express-scripts.com', '+1 215 123 4708', 109);
INSERT INTO HENDI.CONTACTS (CONTACT_ID, FIRST_NAME, LAST_NAME, EMAIL, PHONE, CUSTOMER_ID)
VALUES (110, 'Reva', 'Fuller', 'reva.fuller@jpmorganchase.com', '+1 610 123 4714', 110);
INSERT INTO HENDI.CONTACTS (CONTACT_ID, FIRST_NAME, LAST_NAME, EMAIL, PHONE, CUSTOMER_ID)
VALUES (111, 'Marica', 'Henderson', 'marica.henderson@grainger.com', '+1 412 123 4718', 111);
INSERT INTO HENDI.CONTACTS (CONTACT_ID, FIRST_NAME, LAST_NAME, EMAIL, PHONE, CUSTOMER_ID)
VALUES (112, 'Vanetta', 'Gross', 'vanetta.gross@boeing.com', '+1 215 123 4721', 112);
INSERT INTO HENDI.CONTACTS (CONTACT_ID, FIRST_NAME, LAST_NAME, EMAIL, PHONE, CUSTOMER_ID)
VALUES (113, 'Audrea', 'Hayden', 'audrea.hayden@microsoft.com', '+1 814 123 4722', 113);
INSERT INTO HENDI.CONTACTS (CONTACT_ID, FIRST_NAME, LAST_NAME, EMAIL, PHONE, CUSTOMER_ID)
VALUES (114, 'Neda', 'Mcfadden', 'neda.mcfadden@bankofamerica.com', '+1 412 123 4724', 114);
INSERT INTO HENDI.CONTACTS (CONTACT_ID, FIRST_NAME, LAST_NAME, EMAIL, PHONE, CUSTOMER_ID)
VALUES (115, 'Dell', 'Wilkinson', 'dell.wilkinson@wellsfargo.com', '+1 717 123 4730', 115);
INSERT INTO HENDI.CONTACTS (CONTACT_ID, FIRST_NAME, LAST_NAME, EMAIL, PHONE, CUSTOMER_ID)
VALUES (116, 'Sharee', 'Carver', 'sharee.carver@baxter.com', '+1 215 123 4738', 116);
INSERT INTO HENDI.CONTACTS (CONTACT_ID, FIRST_NAME, LAST_NAME, EMAIL, PHONE, CUSTOMER_ID)
VALUES (117, 'Joaquina', 'Mcconnell', 'joaquina.mcconnell@homedepot.com', '+1 717 123 4739', 117);
INSERT INTO HENDI.CONTACTS (CONTACT_ID, FIRST_NAME, LAST_NAME, EMAIL, PHONE, CUSTOMER_ID)
VALUES (118, 'Carlyn', 'Calderon', 'carlyn.calderon@citigroup.com', '+1 412 123 4740', 118);
INSERT INTO HENDI.CONTACTS (CONTACT_ID, FIRST_NAME, LAST_NAME, EMAIL, PHONE, CUSTOMER_ID)
VALUES (119, 'Olga', 'Wilkins', 'olga.wilkins@phillips66.com', '+1 717 123 4741', 119);
INSERT INTO HENDI.CONTACTS (CONTACT_ID, FIRST_NAME, LAST_NAME, EMAIL, PHONE, CUSTOMER_ID)
VALUES (120, 'Delpha', 'Golden', 'delpha.golden@stryker.com', '+1 215 123 4743', 120);
INSERT INTO HENDI.CONTACTS (CONTACT_ID, FIRST_NAME, LAST_NAME, EMAIL, PHONE, CUSTOMER_ID)
VALUES (121, 'Sharell', 'Branch', 'sharell.branch@ibm.com', '+1 610 123 4744', 121);
INSERT INTO HENDI.CONTACTS (CONTACT_ID, FIRST_NAME, LAST_NAME, EMAIL, PHONE, CUSTOMER_ID)
VALUES (122, 'Eleanor', 'Farley', 'eleanor.farley@valero.com', '+1 215 123 4745', 122);
INSERT INTO HENDI.CONTACTS (CONTACT_ID, FIRST_NAME, LAST_NAME, EMAIL, PHONE, CUSTOMER_ID)
VALUES (123, 'Justina', 'Hayes', 'justina.hayes@antheminc.com', '+1 717 123 4746', 123);
INSERT INTO HENDI.CONTACTS (CONTACT_ID, FIRST_NAME, LAST_NAME, EMAIL, PHONE, CUSTOMER_ID)
VALUES (124, 'Omer', 'Macdonald', 'omer.macdonald@pg.com', '+1 215 123 4748', 124);
INSERT INTO HENDI.CONTACTS (CONTACT_ID, FIRST_NAME, LAST_NAME, EMAIL, PHONE, CUSTOMER_ID)
VALUES (125, 'Roseline', 'Hill', 'roseline.hill@airproducts.com', '+1 717 123 4752', 125);
INSERT INTO HENDI.CONTACTS (CONTACT_ID, FIRST_NAME, LAST_NAME, EMAIL, PHONE, CUSTOMER_ID)
VALUES (126, 'Janeen', 'Holt', 'janeen.holt@statefarm.com', '+1 412 123 4763', 126);
INSERT INTO HENDI.CONTACTS (CONTACT_ID, FIRST_NAME, LAST_NAME, EMAIL, PHONE, CUSTOMER_ID)
VALUES (127, 'Tory', 'Avila', 'tory.avila@google.com', '+1 814 123 4766', 127);
INSERT INTO HENDI.CONTACTS (CONTACT_ID, FIRST_NAME, LAST_NAME, EMAIL, PHONE, CUSTOMER_ID)
VALUES (128, 'Keila', 'Slater', 'keila.slater@comcastcorporation.com', '+1 412 123 4767', 128);
INSERT INTO HENDI.CONTACTS (CONTACT_ID, FIRST_NAME, LAST_NAME, EMAIL, PHONE, CUSTOMER_ID)
VALUES (129, 'Jazmin', 'Burch', 'jazmin.burch@target.com', '+1 215 123 4768', 129);
INSERT INTO HENDI.CONTACTS (CONTACT_ID, FIRST_NAME, LAST_NAME, EMAIL, PHONE, CUSTOMER_ID)
VALUES (130, 'Tandy', 'Ramsey', 'tandy.ramsey@wnr.com', '+1 215 123 4771', 130);
INSERT INTO HENDI.CONTACTS (CONTACT_ID, FIRST_NAME, LAST_NAME, EMAIL, PHONE, CUSTOMER_ID)
VALUES (131, 'Debra', 'Herring', 'debra.herring@jnj.com', '+1 301 123 4794', 131);
INSERT INTO HENDI.CONTACTS (CONTACT_ID, FIRST_NAME, LAST_NAME, EMAIL, PHONE, CUSTOMER_ID)
VALUES (132, 'Monnie', 'Walker', 'monnie.walker@metlife.com', '+1 410 123 4795', 132);
INSERT INTO HENDI.CONTACTS (CONTACT_ID, FIRST_NAME, LAST_NAME, EMAIL, PHONE, CUSTOMER_ID)
VALUES (133, 'Alvaro', 'Hooper', 'alvaro.hooper@adm.com', '+1 410 123 4800', 133);
INSERT INTO HENDI.CONTACTS (CONTACT_ID, FIRST_NAME, LAST_NAME, EMAIL, PHONE, CUSTOMER_ID)
VALUES (134, 'Leandro', 'West', 'leandro.west@marathonpetroleum.com', '+1 410 123 4805', 134);
INSERT INTO HENDI.CONTACTS (CONTACT_ID, FIRST_NAME, LAST_NAME, EMAIL, PHONE, CUSTOMER_ID)
VALUES (135, 'Lurline', 'Dennis', 'lurline.dennis@freddiemac.com', '+1 410 012 4715', 135);
INSERT INTO HENDI.CONTACTS (CONTACT_ID, FIRST_NAME, LAST_NAME, EMAIL, PHONE, CUSTOMER_ID)
VALUES (136, 'Aurea', 'Sanders', 'aurea.sanders@pepsico.com', '+1 301 123 4809', 136);
INSERT INTO HENDI.CONTACTS (CONTACT_ID, FIRST_NAME, LAST_NAME, EMAIL, PHONE, CUSTOMER_ID)
VALUES (137, 'Stacia', 'Rutledge', 'stacia.rutledge@utc.com', '+1 410 123 4812', 137);
INSERT INTO HENDI.CONTACTS (CONTACT_ID, FIRST_NAME, LAST_NAME, EMAIL, PHONE, CUSTOMER_ID)
VALUES (138, 'Philomena', 'Elliott', 'philomena.elliott@aetna.com', '+1 410 123 4813', 138);
INSERT INTO HENDI.CONTACTS (CONTACT_ID, FIRST_NAME, LAST_NAME, EMAIL, PHONE, CUSTOMER_ID)
VALUES (139, 'Gonzalo', 'Stone', 'gonzalo.stone@lowes.com', '+1 301 123 4814', 139);
INSERT INTO HENDI.CONTACTS (CONTACT_ID, FIRST_NAME, LAST_NAME, EMAIL, PHONE, CUSTOMER_ID)
VALUES (140, 'So', 'Hardin', 'so.hardin@ups.com', '+1 410 123 4816', 140);
INSERT INTO HENDI.CONTACTS (CONTACT_ID, FIRST_NAME, LAST_NAME, EMAIL, PHONE, CUSTOMER_ID)
VALUES (141, 'Lauren', 'Rodriquez', 'lauren.rodriquez@aig.com', '+1 410 123 4817', 141);
INSERT INTO HENDI.CONTACTS (CONTACT_ID, FIRST_NAME, LAST_NAME, EMAIL, PHONE, CUSTOMER_ID)
VALUES (142, 'Loan', 'Patton', 'loan.patton@prudential.com', '+1 301 123 4818', 142);
INSERT INTO HENDI.CONTACTS (CONTACT_ID, FIRST_NAME, LAST_NAME, EMAIL, PHONE, CUSTOMER_ID)
VALUES (143, 'Ha', 'Lowe', 'ha.lowe@intel.com', '+1 301 123 4819', 143);
INSERT INTO HENDI.CONTACTS (CONTACT_ID, FIRST_NAME, LAST_NAME, EMAIL, PHONE, CUSTOMER_ID)
VALUES (144, 'Alexandra', 'Mcgowan', 'alexandra.mcgowan@humana.com', '+1 410 123 4822', 144);
INSERT INTO HENDI.CONTACTS (CONTACT_ID, FIRST_NAME, LAST_NAME, EMAIL, PHONE, CUSTOMER_ID)
VALUES (145, 'Melissa', 'Nichols', 'melissa.nichols@disney.com', '+1 410 123 4840', 145);
INSERT INTO HENDI.CONTACTS (CONTACT_ID, FIRST_NAME, LAST_NAME, EMAIL, PHONE, CUSTOMER_ID)
VALUES (146, 'Keesha', 'Cohen', 'keesha.cohen@cisco.com', '+1 414 123 4363', 146);
INSERT INTO HENDI.CONTACTS (CONTACT_ID, FIRST_NAME, LAST_NAME, EMAIL, PHONE, CUSTOMER_ID)
VALUES (147, 'Elvera', 'Benson', 'elvera.benson@pfizer.com', '+1 507 123 4387', 147);
INSERT INTO HENDI.CONTACTS (CONTACT_ID, FIRST_NAME, LAST_NAME, EMAIL, PHONE, CUSTOMER_ID)
VALUES (148, 'Lanora', 'Ray', 'lanora.ray@dow.com', '+1 612 123 4436', 148);
INSERT INTO HENDI.CONTACTS (CONTACT_ID, FIRST_NAME, LAST_NAME, EMAIL, PHONE, CUSTOMER_ID)
VALUES (149, 'Jimmy', 'Weber', 'jimmy.weber@sysco.com', '+1 219 123 4145', 149);
INSERT INTO HENDI.CONTACTS (CONTACT_ID, FIRST_NAME, LAST_NAME, EMAIL, PHONE, CUSTOMER_ID)
VALUES (150, 'Mae', 'Wilkinson', 'mae.wilkinson@fedex.com', '+1 616 123 4190', 150);
INSERT INTO HENDI.CONTACTS (CONTACT_ID, FIRST_NAME, LAST_NAME, EMAIL, PHONE, CUSTOMER_ID)
VALUES (151, 'Lino', 'Noble', 'lino.noble@caterpillar.com', '+1 313 123 4241', 151);
INSERT INTO HENDI.CONTACTS (CONTACT_ID, FIRST_NAME, LAST_NAME, EMAIL, PHONE, CUSTOMER_ID)
VALUES (152, 'Kathie', 'Jordan', 'kathie.jordan@lockheedmartin.com', '+1 616 123 4259', 152);
INSERT INTO HENDI.CONTACTS (CONTACT_ID, FIRST_NAME, LAST_NAME, EMAIL, PHONE, CUSTOMER_ID)
VALUES (153, 'Heike', 'Emerson', 'heike.emerson@newyorklife.com', '+1 319 123 4269', 153);
INSERT INTO HENDI.CONTACTS (CONTACT_ID, FIRST_NAME, LAST_NAME, EMAIL, PHONE, CUSTOMER_ID)
VALUES (154, 'Princess', 'Jones', 'princess.jones@uhsinc.com', '+1 712 123 4284', 154);
INSERT INTO HENDI.CONTACTS (CONTACT_ID, FIRST_NAME, LAST_NAME, EMAIL, PHONE, CUSTOMER_ID)
VALUES (155, 'Doretha', 'Tyler', 'doretha.tyler@coca-colacompany.com', '+1 712 123 4289', 155);
INSERT INTO HENDI.CONTACTS (CONTACT_ID, FIRST_NAME, LAST_NAME, EMAIL, PHONE, CUSTOMER_ID)
VALUES (156, 'Emilio', 'Duncan', 'emilio.duncan@hcahealthcare.com', '+1 414 123 4312', 156);
INSERT INTO HENDI.CONTACTS (CONTACT_ID, FIRST_NAME, LAST_NAME, EMAIL, PHONE, CUSTOMER_ID)
VALUES (157, 'Glinda', 'Lambert', 'glinda.lambert@ingrammicro.com', '+1 414 123 4364', 157);
INSERT INTO HENDI.CONTACTS (CONTACT_ID, FIRST_NAME, LAST_NAME, EMAIL, PHONE, CUSTOMER_ID)
VALUES (158, 'Emery', 'Schneider', 'emery.schneider@owens-minor.com', '+1 320 123 4385', 158);
INSERT INTO HENDI.CONTACTS (CONTACT_ID, FIRST_NAME, LAST_NAME, EMAIL, PHONE, CUSTOMER_ID)
VALUES (159, 'Amado', 'Jefferson', 'amado.jefferson@energytransfer.com', '+1 612 123 4407', 159);
INSERT INTO HENDI.CONTACTS (CONTACT_ID, FIRST_NAME, LAST_NAME, EMAIL, PHONE, CUSTOMER_ID)
VALUES (160, 'Hisako', 'Herrera', 'hisako.herrera@tysonfoods.com', '+1 716 123 4456', 160);
INSERT INTO HENDI.CONTACTS (CONTACT_ID, FIRST_NAME, LAST_NAME, EMAIL, PHONE, CUSTOMER_ID)
VALUES (161, 'Jamee', 'Mclaughlin', 'jamee.mclaughlin@aa.com', '+1 716 123 4582', 161);
INSERT INTO HENDI.CONTACTS (CONTACT_ID, FIRST_NAME, LAST_NAME, EMAIL, PHONE, CUSTOMER_ID)
VALUES (162, 'Audrie', 'Cannon', 'audrie.cannon@delta.com', '+1 716 123 4627', 162);
INSERT INTO HENDI.CONTACTS (CONTACT_ID, FIRST_NAME, LAST_NAME, EMAIL, PHONE, CUSTOMER_ID)
VALUES (163, 'Lacey', 'Walters', 'lacey.walters@charter.com', '+1 412 123 4677', 163);
INSERT INTO HENDI.CONTACTS (CONTACT_ID, FIRST_NAME, LAST_NAME, EMAIL, PHONE, CUSTOMER_ID)
VALUES (164, 'Weldon', 'Robinson', 'weldon.robinson@nationwide.com', '+1 215 123 4702', 164);
INSERT INTO HENDI.CONTACTS (CONTACT_ID, FIRST_NAME, LAST_NAME, EMAIL, PHONE, CUSTOMER_ID)
VALUES (165, 'Solange', 'Gates', 'solange.gates@johnsoncontrols.com', '+1 215 123 4749', 165);
INSERT INTO HENDI.CONTACTS (CONTACT_ID, FIRST_NAME, LAST_NAME, EMAIL, PHONE, CUSTOMER_ID)
VALUES (166, 'Jame', 'Calhoun', 'jame.calhoun@bestbuy.com', '+1 814 123 4755', 166);
INSERT INTO HENDI.CONTACTS (CONTACT_ID, FIRST_NAME, LAST_NAME, EMAIL, PHONE, CUSTOMER_ID)
VALUES (167, 'Stefan', 'Walters', 'stefan.walters@merck.com', '+1 301 123 4831', 167);
INSERT INTO HENDI.CONTACTS (CONTACT_ID, FIRST_NAME, LAST_NAME, EMAIL, PHONE, CUSTOMER_ID)
VALUES (168, 'Arlene', 'Elliott', 'arlene.elliott@advanceautoparts.com', '+1 313 123 4167', 168);
INSERT INTO HENDI.CONTACTS (CONTACT_ID, FIRST_NAME, LAST_NAME, EMAIL, PHONE, CUSTOMER_ID)
VALUES (169, 'Sofia', 'Burnett', 'sofia.burnett@libertymutual.com', '+1 219 123 4116', 169);
INSERT INTO HENDI.CONTACTS (CONTACT_ID, FIRST_NAME, LAST_NAME, EMAIL, PHONE, CUSTOMER_ID)
VALUES (170, 'Christal', 'Grant', 'christal.grant@gs.com', '+1 616 123 4166', 170);
INSERT INTO HENDI.CONTACTS (CONTACT_ID, FIRST_NAME, LAST_NAME, EMAIL, PHONE, CUSTOMER_ID)
VALUES (171, 'Violeta', 'Stokes', 'violeta.stokes@honeywell.com', '+1 810 123 4212', 171);
INSERT INTO HENDI.CONTACTS (CONTACT_ID, FIRST_NAME, LAST_NAME, EMAIL, PHONE, CUSTOMER_ID)
VALUES (172, 'Jackeline', 'Finley', 'jackeline.finley@mastercard.com', '+1 313 123 4240', 172);
INSERT INTO HENDI.CONTACTS (CONTACT_ID, FIRST_NAME, LAST_NAME, EMAIL, PHONE, CUSTOMER_ID)
VALUES (173, 'Heidy', 'Massey', 'heidy.massey@massmutual.com', '+1 414 123 4340', 173);
INSERT INTO HENDI.CONTACTS (CONTACT_ID, FIRST_NAME, LAST_NAME, EMAIL, PHONE, CUSTOMER_ID)
VALUES (174, 'Yolando', 'Wilkerson', 'yolando.wilkerson@oracle.com', '+1 716 123 4485', 174);
INSERT INTO HENDI.CONTACTS (CONTACT_ID, FIRST_NAME, LAST_NAME, EMAIL, PHONE, CUSTOMER_ID)
VALUES (175, 'Lucinda', 'Hurley', 'lucinda.hurley@morganstanley.com', '+1 518 123 4532', 175);
INSERT INTO HENDI.CONTACTS (CONTACT_ID, FIRST_NAME, LAST_NAME, EMAIL, PHONE, CUSTOMER_ID)
VALUES (176, 'Gita', 'Logan', 'gita.logan@cigna.com', '+1 518 123 4562', 176);
INSERT INTO HENDI.CONTACTS (CONTACT_ID, FIRST_NAME, LAST_NAME, EMAIL, PHONE, CUSTOMER_ID)
VALUES (177, 'Felicita', 'Alston', 'felicita.alston@unitedcontinentalholdings.com', '+1 315 123 4585', 177);
INSERT INTO HENDI.CONTACTS (CONTACT_ID, FIRST_NAME, LAST_NAME, EMAIL, PHONE, CUSTOMER_ID)
VALUES (178, 'Lela', 'Ewing', 'lela.ewing@allstate.com', '+1 412 123 4659', 178);
INSERT INTO HENDI.CONTACTS (CONTACT_ID, FIRST_NAME, LAST_NAME, EMAIL, PHONE, CUSTOMER_ID)
VALUES (179, 'Gabriel', 'Pollard', 'gabriel.pollard@tiaa.org', '+1 717 123 4679', 179);
INSERT INTO HENDI.CONTACTS (CONTACT_ID, FIRST_NAME, LAST_NAME, EMAIL, PHONE, CUSTOMER_ID)
VALUES (180, 'Vincenza', 'Walton', 'vincenza.walton@intlfcstone.com', '+1 215 123 4709', 180);
INSERT INTO HENDI.CONTACTS (CONTACT_ID, FIRST_NAME, LAST_NAME, EMAIL, PHONE, CUSTOMER_ID)
VALUES (181, 'Shandra', 'Higgins', 'shandra.higgins@chsinc.com', '+1 215 123 4751', 181);
INSERT INTO HENDI.CONTACTS (CONTACT_ID, FIRST_NAME, LAST_NAME, EMAIL, PHONE, CUSTOMER_ID)
VALUES (182, 'Thomasena', 'Pickett', 'thomasena.pickett@americanexpress.com', '+1 410 123 4807', 182);
INSERT INTO HENDI.CONTACTS (CONTACT_ID, FIRST_NAME, LAST_NAME, EMAIL, PHONE, CUSTOMER_ID)
VALUES (183, 'Aaron', 'Holder', 'aaron.holder@gilead.com', '+1 410 123 4829', 183);
INSERT INTO HENDI.CONTACTS (CONTACT_ID, FIRST_NAME, LAST_NAME, EMAIL, PHONE, CUSTOMER_ID)
VALUES (184, 'Carlos', 'Moody', 'carlos.moody@publix.com', '+86 811 012 4093', 184);
INSERT INTO HENDI.CONTACTS (CONTACT_ID, FIRST_NAME, LAST_NAME, EMAIL, PHONE, CUSTOMER_ID)
VALUES (185, 'Javier', 'Kim', 'javier.kim@generaldynamics.com', '+86 123 012 4095', 185);
INSERT INTO HENDI.CONTACTS (CONTACT_ID, FIRST_NAME, LAST_NAME, EMAIL, PHONE, CUSTOMER_ID)
VALUES (186, 'Fran', 'Battle', 'fran.battle@tjx.com', '+91 80 012 4123', 186);
INSERT INTO HENDI.CONTACTS (CONTACT_ID, FIRST_NAME, LAST_NAME, EMAIL, PHONE, CUSTOMER_ID)
VALUES (187, 'Shelia', 'Brewer', 'shelia.brewer@conocophillips.com', '+49 89 012 4129', 187);
INSERT INTO HENDI.CONTACTS (CONTACT_ID, FIRST_NAME, LAST_NAME, EMAIL, PHONE, CUSTOMER_ID)
VALUES (188, 'Jeri', 'Randall', 'jeri.randall@nike.com', '+49 90 012 4131', 188);
INSERT INTO HENDI.CONTACTS (CONTACT_ID, FIRST_NAME, LAST_NAME, EMAIL, PHONE, CUSTOMER_ID)
VALUES (189, 'Jermaine', 'Cote', 'jermaine.cote@wfscorp.com', '+49 91 012 4133', 189);
INSERT INTO HENDI.CONTACTS (CONTACT_ID, FIRST_NAME, LAST_NAME, EMAIL, PHONE, CUSTOMER_ID)
VALUES (190, 'Kenneth', 'Simmons', 'kenneth.simmons@3m.com', '+39 6 012 4543', 190);
INSERT INTO HENDI.CONTACTS (CONTACT_ID, FIRST_NAME, LAST_NAME, EMAIL, PHONE, CUSTOMER_ID)
VALUES (191, 'Dulce', 'Matthews', 'dulce.matthews@mondelezinternational.com', '+1 416 012 4147', 191);
INSERT INTO HENDI.CONTACTS (CONTACT_ID, FIRST_NAME, LAST_NAME, EMAIL, PHONE, CUSTOMER_ID)
VALUES (192, 'Kristle', 'Cain', 'kristle.cain@exeloncorp.com', '+39 55 012 4547', 192);
INSERT INTO HENDI.CONTACTS (CONTACT_ID, FIRST_NAME, LAST_NAME, EMAIL, PHONE, CUSTOMER_ID)
VALUES (193, 'Erika', 'Murray', 'erika.murray@21cf.com', '+39 55 012 4551', 193);
INSERT INTO HENDI.CONTACTS (CONTACT_ID, FIRST_NAME, LAST_NAME, EMAIL, PHONE, CUSTOMER_ID)
VALUES (194, 'Maud', 'Cohen', 'maud.cohen@johndeere.com', '+39 55 012 4555', 194);
INSERT INTO HENDI.CONTACTS (CONTACT_ID, FIRST_NAME, LAST_NAME, EMAIL, PHONE, CUSTOMER_ID)
VALUES (195, 'Rolanda', 'Vang', 'rolanda.vang@appliedmaterials.com', '+39 10 012 4365', 195);
INSERT INTO HENDI.CONTACTS (CONTACT_ID, FIRST_NAME, LAST_NAME, EMAIL, PHONE, CUSTOMER_ID)
VALUES (196, 'Renea', 'Carney', 'renea.carney@dupont.com', '+39 55 012 4565', 196);
INSERT INTO HENDI.CONTACTS (CONTACT_ID, FIRST_NAME, LAST_NAME, EMAIL, PHONE, CUSTOMER_ID)
VALUES (197, 'Sybil', 'Harding', 'sybil.harding@avnet.com', '+39 10 012 4367', 197);
INSERT INTO HENDI.CONTACTS (CONTACT_ID, FIRST_NAME, LAST_NAME, EMAIL, PHONE, CUSTOMER_ID)
VALUES (198, 'Colette', 'Estrada', 'colette.estrada@eastman.com', '+81 565 012 4567', 198);
INSERT INTO HENDI.CONTACTS (CONTACT_ID, FIRST_NAME, LAST_NAME, EMAIL, PHONE, CUSTOMER_ID)
VALUES (199, 'Maximo', 'Ortega', 'maximo.ortega@macysinc.com', '+39 10 012 4369', 199);
INSERT INTO HENDI.CONTACTS (CONTACT_ID, FIRST_NAME, LAST_NAME, EMAIL, PHONE, CUSTOMER_ID)
VALUES (200, 'Kina', 'Larsen', 'kina.larsen@enterpriseproducts.com', '+39 55 012 4569', 200);
INSERT INTO HENDI.CONTACTS (CONTACT_ID, FIRST_NAME, LAST_NAME, EMAIL, PHONE, CUSTOMER_ID)
VALUES (201, 'Jarvis', 'Allison', 'jarvis.allison@travelers.com', '+39 10 012 4371', 201);
INSERT INTO HENDI.CONTACTS (CONTACT_ID, FIRST_NAME, LAST_NAME, EMAIL, PHONE, CUSTOMER_ID)
VALUES (202, 'Collene', 'Newton', 'collene.newton@sonicautomotive.com', '+39 49 012 4373', 202);
INSERT INTO HENDI.CONTACTS (CONTACT_ID, FIRST_NAME, LAST_NAME, EMAIL, PHONE, CUSTOMER_ID)
VALUES (203, 'Vella', 'Hancock', 'vella.hancock@pmi.com', '+39 49 012 4375', 203);
INSERT INTO HENDI.CONTACTS (CONTACT_ID, FIRST_NAME, LAST_NAME, EMAIL, PHONE, CUSTOMER_ID)
VALUES (204, 'Retta', 'Martinez', 'retta.martinez@riteaid.com', '+39 49 012 4377', 204);
INSERT INTO HENDI.CONTACTS (CONTACT_ID, FIRST_NAME, LAST_NAME, EMAIL, PHONE, CUSTOMER_ID)
VALUES (205, 'Annelle', 'Lawrence', 'annelle.lawrence@techdata.com', '+39 10 012 4379', 205);
INSERT INTO HENDI.CONTACTS (CONTACT_ID, FIRST_NAME, LAST_NAME, EMAIL, PHONE, CUSTOMER_ID)
VALUES (206, 'Sherron', 'Simon', 'sherron.simon@ally.com', '+39 10 012 4381', 206);
INSERT INTO HENDI.CONTACTS (CONTACT_ID, FIRST_NAME, LAST_NAME, EMAIL, PHONE, CUSTOMER_ID)
VALUES (207, 'Carita', 'Mcintyre', 'carita.mcintyre@northwesternmutual.com', '+86 10 012 4165', 207);
INSERT INTO HENDI.CONTACTS (CONTACT_ID, FIRST_NAME, LAST_NAME, EMAIL, PHONE, CUSTOMER_ID)
VALUES (208, 'Stephaine', 'Booker', 'stephaine.booker@tsocorp.com', '+39 55 012 4559', 208);
INSERT INTO HENDI.CONTACTS (CONTACT_ID, FIRST_NAME, LAST_NAME, EMAIL, PHONE, CUSTOMER_ID)
VALUES (209, 'Emilie', 'Parsons', 'emilie.parsons@timewarner.com', '+39 10 012 4363', 209);
INSERT INTO HENDI.CONTACTS (CONTACT_ID, FIRST_NAME, LAST_NAME, EMAIL, PHONE, CUSTOMER_ID)
VALUES (210, 'Jaleesa', 'Bowen', 'jaleesa.bowen@cstbrands.com', '+66 76 012 4633', 210);
INSERT INTO HENDI.CONTACTS (CONTACT_ID, FIRST_NAME, LAST_NAME, EMAIL, PHONE, CUSTOMER_ID)
VALUES (211, 'Jeannie', 'Poole', 'jeannie.poole@aboutmcdonalds.com', '+91 80 012 4637', 211);
INSERT INTO HENDI.CONTACTS (CONTACT_ID, FIRST_NAME, LAST_NAME, EMAIL, PHONE, CUSTOMER_ID)
VALUES (212, 'Adrienne', 'Lang', 'adrienne.lang@qualcomm.com', '+39 2 012 4771', 212);
INSERT INTO HENDI.CONTACTS (CONTACT_ID, FIRST_NAME, LAST_NAME, EMAIL, PHONE, CUSTOMER_ID)
VALUES (213, 'Jess', 'Nguyen', 'jess.nguyen@searsholdings.com', '+39 2 012 4773', 213);
INSERT INTO HENDI.CONTACTS (CONTACT_ID, FIRST_NAME, LAST_NAME, EMAIL, PHONE, CUSTOMER_ID)
VALUES (214, 'Tandy', 'House', 'tandy.house@ebay.com', '+39 2 012 4775', 214);
INSERT INTO HENDI.CONTACTS (CONTACT_ID, FIRST_NAME, LAST_NAME, EMAIL, PHONE, CUSTOMER_ID)
VALUES (215, 'Herman', 'Stokes', 'herman.stokes@capitalone.com', '+39 49 012 4777', 215);
INSERT INTO HENDI.CONTACTS (CONTACT_ID, FIRST_NAME, LAST_NAME, EMAIL, PHONE, CUSTOMER_ID)
VALUES (216, 'Keesha', 'Lambert', 'keesha.lambert@emc.com', '+39 49 012 4779', 216);
INSERT INTO HENDI.CONTACTS (CONTACT_ID, FIRST_NAME, LAST_NAME, EMAIL, PHONE, CUSTOMER_ID)
VALUES (217, 'Lauren', 'Williamson', 'lauren.williamson@usaa.com', '+39 49 012 4781', 217);
INSERT INTO HENDI.CONTACTS (CONTACT_ID, FIRST_NAME, LAST_NAME, EMAIL, PHONE, CUSTOMER_ID)
VALUES (218, 'Lucius', 'Abbott', 'lucius.abbott@lennar.com', '+91 80 012 4783', 218);
INSERT INTO HENDI.CONTACTS (CONTACT_ID, FIRST_NAME, LAST_NAME, EMAIL, PHONE, CUSTOMER_ID)
VALUES (219, 'Beatrice', 'Ford', 'beatrice.ford@duke-energy.com', '+91 80 012 4785', 219);
INSERT INTO HENDI.CONTACTS (CONTACT_ID, FIRST_NAME, LAST_NAME, EMAIL, PHONE, CUSTOMER_ID)
VALUES (220, 'Tamisha', 'Vargas', 'tamisha.vargas@twc.com', '+91 80 012 4793', 220);
INSERT INTO HENDI.CONTACTS (CONTACT_ID, FIRST_NAME, LAST_NAME, EMAIL, PHONE, CUSTOMER_ID)
VALUES (221, 'Dick', 'Lamb', 'dick.lamb@halliburton.com', '+91 80 012 4803', 221);
INSERT INTO HENDI.CONTACTS (CONTACT_ID, FIRST_NAME, LAST_NAME, EMAIL, PHONE, CUSTOMER_ID)
VALUES (222, 'Yolanda', 'Ball', 'yolanda.ball@gamestopcorp.com', '+91 80 012 4809', 222);
INSERT INTO HENDI.CONTACTS (CONTACT_ID, FIRST_NAME, LAST_NAME, EMAIL, PHONE, CUSTOMER_ID)
VALUES (223, 'Jerica', 'Brooks', 'jerica.brooks@northropgrumman.com', '+91 11 012 4811', 223);
INSERT INTO HENDI.CONTACTS (CONTACT_ID, FIRST_NAME, LAST_NAME, EMAIL, PHONE, CUSTOMER_ID)
VALUES (224, 'Nichol', 'Carter', 'nichol.carter@arrow.com', '+91 11 012 4813', 224);
INSERT INTO HENDI.CONTACTS (CONTACT_ID, FIRST_NAME, LAST_NAME, EMAIL, PHONE, CUSTOMER_ID)
VALUES (225, 'Bobby', 'Wilson', 'bobby.wilson@rsac.com', '+91 11 012 4817', 225);
INSERT INTO HENDI.CONTACTS (CONTACT_ID, FIRST_NAME, LAST_NAME, EMAIL, PHONE, CUSTOMER_ID)
VALUES (226, 'Eve', 'Saunders', 'eve.saunders@officedepot.com', '+91 80 012 4823', 226);
INSERT INTO HENDI.CONTACTS (CONTACT_ID, FIRST_NAME, LAST_NAME, EMAIL, PHONE, CUSTOMER_ID)
VALUES (227, 'Ginger', 'Atkinson', 'ginger.atkinson@nordstrom.com', '+91 33 012 4825', 227);
INSERT INTO HENDI.CONTACTS (CONTACT_ID, FIRST_NAME, LAST_NAME, EMAIL, PHONE, CUSTOMER_ID)
VALUES (228, 'Kenton', 'Harrell', 'kenton.harrell@kindermorgan.com', '+91 33 012 4827', 228);
INSERT INTO HENDI.CONTACTS (CONTACT_ID, FIRST_NAME, LAST_NAME, EMAIL, PHONE, CUSTOMER_ID)
VALUES (229, 'Misti', 'Velazquez', 'misti.velazquez@aramark.com', '+91 80 012 4829', 229);
INSERT INTO HENDI.CONTACTS (CONTACT_ID, FIRST_NAME, LAST_NAME, EMAIL, PHONE, CUSTOMER_ID)
VALUES (230, 'Brandie', 'Buchanan', 'brandie.buchanan@davita.com', '+91 22 012 4831', 230);
INSERT INTO HENDI.CONTACTS (CONTACT_ID, FIRST_NAME, LAST_NAME, EMAIL, PHONE, CUSTOMER_ID)
VALUES (231, 'Kandi', 'Holden', 'kandi.holden@molinahealthcare.com', '+91 80 012 4833', 231);
INSERT INTO HENDI.CONTACTS (CONTACT_ID, FIRST_NAME, LAST_NAME, EMAIL, PHONE, CUSTOMER_ID)
VALUES (232, 'Lashonda', 'Cunningham', 'lashonda.cunningham@wellcare.com', '+91 11 012 4835', 232);
INSERT INTO HENDI.CONTACTS (CONTACT_ID, FIRST_NAME, LAST_NAME, EMAIL, PHONE, CUSTOMER_ID)
VALUES (233, 'Roxanne', 'Michalkow', 'roxanne.michalkow@cbscorporation.com', '+91 172 012 4837', 233);
INSERT INTO HENDI.CONTACTS (CONTACT_ID, FIRST_NAME, LAST_NAME, EMAIL, PHONE, CUSTOMER_ID)
VALUES (234, 'Phuong', 'Sanders', 'phuong.sanders@visa.com', '+91 22 012 4839', 234);
INSERT INTO HENDI.CONTACTS (CONTACT_ID, FIRST_NAME, LAST_NAME, EMAIL, PHONE, CUSTOMER_ID)
VALUES (235, 'Vida', 'Kline', 'vida.kline@lfg.com', '+91 80 012 4841', 235);
INSERT INTO HENDI.CONTACTS (CONTACT_ID, FIRST_NAME, LAST_NAME, EMAIL, PHONE, CUSTOMER_ID)
VALUES (236, 'Mayola', 'Houston', 'mayola.houston@ecolab.com', '+91 80 012 4843', 236);
INSERT INTO HENDI.CONTACTS (CONTACT_ID, FIRST_NAME, LAST_NAME, EMAIL, PHONE, CUSTOMER_ID)
VALUES (237, 'Cristine', 'Bell', 'cristine.bell@kelloggcompany.com', '+91 11 012 4851', 237);
INSERT INTO HENDI.CONTACTS (CONTACT_ID, FIRST_NAME, LAST_NAME, EMAIL, PHONE, CUSTOMER_ID)
VALUES (238, 'Shamika', 'Bauer', 'shamika.bauer@chrobinson.com', '+91 11 012 4853', 238);
INSERT INTO HENDI.CONTACTS (CONTACT_ID, FIRST_NAME, LAST_NAME, EMAIL, PHONE, CUSTOMER_ID)
VALUES (239, 'Rebbeca', 'Day', 'rebbeca.day@textron.com', '+91 172 012 4861', 239);
INSERT INTO HENDI.CONTACTS (CONTACT_ID, FIRST_NAME, LAST_NAME, EMAIL, PHONE, CUSTOMER_ID)
VALUES (240, 'Maryrose', 'Cain', 'maryrose.cain@loews.com', '+91 80 012 4869', 240);
INSERT INTO HENDI.CONTACTS (CONTACT_ID, FIRST_NAME, LAST_NAME, EMAIL, PHONE, CUSTOMER_ID)
VALUES (241, 'Johnie', 'Rojas', 'johnie.rojas@itw.com', '+91 80 012 4887', 241);
INSERT INTO HENDI.CONTACTS (CONTACT_ID, FIRST_NAME, LAST_NAME, EMAIL, PHONE, CUSTOMER_ID)
VALUES (242, 'Verla', 'Christian', 'verla.christian@synnex.com', '+91 80 012 4889', 242);
INSERT INTO HENDI.CONTACTS (CONTACT_ID, FIRST_NAME, LAST_NAME, EMAIL, PHONE, CUSTOMER_ID)
VALUES (243, 'Teressa', 'Hewitt', 'teressa.hewitt@hormelfoods.com', '+91 80 012 4891', 243);
INSERT INTO HENDI.CONTACTS (CONTACT_ID, FIRST_NAME, LAST_NAME, EMAIL, PHONE, CUSTOMER_ID)
VALUES (244, 'Shenna', 'Blair', 'shenna.blair@viacom.com', '+91 141 012 4895', 244);
INSERT INTO HENDI.CONTACTS (CONTACT_ID, FIRST_NAME, LAST_NAME, EMAIL, PHONE, CUSTOMER_ID)
VALUES (245, 'Latoyia', 'Burt', 'latoyia.burt@hollyfrontier.com', '+91 80 012 4907', 245);
INSERT INTO HENDI.CONTACTS (CONTACT_ID, FIRST_NAME, LAST_NAME, EMAIL, PHONE, CUSTOMER_ID)
VALUES (246, 'Shaquita', 'Norman', 'shaquita.norman@landolakesinc.com', '+91 80 012 4919', 246);
INSERT INTO HENDI.CONTACTS (CONTACT_ID, FIRST_NAME, LAST_NAME, EMAIL, PHONE, CUSTOMER_ID)
VALUES (247, 'Myrna', 'Romero', 'myrna.romero@celgene.com', '+91 80 012 4931', 247);
INSERT INTO HENDI.CONTACTS (CONTACT_ID, FIRST_NAME, LAST_NAME, EMAIL, PHONE, CUSTOMER_ID)
VALUES (248, 'Bill', 'Stein', 'bill.stein@devonenergy.com', '+39 6 012 4501', 248);
INSERT INTO HENDI.CONTACTS (CONTACT_ID, FIRST_NAME, LAST_NAME, EMAIL, PHONE, CUSTOMER_ID)
VALUES (249, 'Olivia', 'Conrad', 'olivia.conrad@pbfenergy.com', '+39 6 012 4503', 249);
INSERT INTO HENDI.CONTACTS (CONTACT_ID, FIRST_NAME, LAST_NAME, EMAIL, PHONE, CUSTOMER_ID)
VALUES (250, 'Marianne', 'Bryant', 'marianne.bryant@genworth.com', '+39 6 012 4507', 250);
INSERT INTO HENDI.CONTACTS (CONTACT_ID, FIRST_NAME, LAST_NAME, EMAIL, PHONE, CUSTOMER_ID)
VALUES (251, 'Dustin', 'Paul', 'dustin.paul@yum.com', '+39 6 012 4511', 251);
INSERT INTO HENDI.CONTACTS (CONTACT_ID, FIRST_NAME, LAST_NAME, EMAIL, PHONE, CUSTOMER_ID)
VALUES (252, 'Elroy', 'Wolf', 'elroy.wolf@ti.com', '+39 6 012 4515', 252);
INSERT INTO HENDI.CONTACTS (CONTACT_ID, FIRST_NAME, LAST_NAME, EMAIL, PHONE, CUSTOMER_ID)
VALUES (253, 'Jadwiga', 'Morrison', 'jadwiga.morrison@cdw.com', '+39 6 012 4519', 253);
INSERT INTO HENDI.CONTACTS (CONTACT_ID, FIRST_NAME, LAST_NAME, EMAIL, PHONE, CUSTOMER_ID)
VALUES (254, 'Isabella', 'Ortega', 'isabella.ortega@paypal.com', '+39 6 012 4531', 254);
INSERT INTO HENDI.CONTACTS (CONTACT_ID, FIRST_NAME, LAST_NAME, EMAIL, PHONE, CUSTOMER_ID)
VALUES (255, 'Katia', 'Case', 'katia.case@wm.com', '+39 6 012 4535', 255);
INSERT INTO HENDI.CONTACTS (CONTACT_ID, FIRST_NAME, LAST_NAME, EMAIL, PHONE, CUSTOMER_ID)
VALUES (256, 'Enriqueta', 'Odom', 'enriqueta.odom@mmc.com', '+39 6 012 4539', 256);
INSERT INTO HENDI.CONTACTS (CONTACT_ID, FIRST_NAME, LAST_NAME, EMAIL, PHONE, CUSTOMER_ID)
VALUES (257, 'Don', 'Hansen', 'don.hansen@chk.com', '+39 10 012 4385', 257);
INSERT INTO HENDI.CONTACTS (CONTACT_ID, FIRST_NAME, LAST_NAME, EMAIL, PHONE, CUSTOMER_ID)
VALUES (258, 'Herb', 'Sloan', 'herb.sloan@pricelinegroup.com', '+39 10 012 4387', 258);
INSERT INTO HENDI.CONTACTS (CONTACT_ID, FIRST_NAME, LAST_NAME, EMAIL, PHONE, CUSTOMER_ID)
VALUES (259, 'Blanche', 'Robbins', 'blanche.robbins@parker.com', '+39 6 012 4389', 259);
INSERT INTO HENDI.CONTACTS (CONTACT_ID, FIRST_NAME, LAST_NAME, EMAIL, PHONE, CUSTOMER_ID)
VALUES (260, 'Gaynell', 'Burton', 'gaynell.burton@oxy.com', '+39 6 012 4391', 260);
INSERT INTO HENDI.CONTACTS (CONTACT_ID, FIRST_NAME, LAST_NAME, EMAIL, PHONE, CUSTOMER_ID)
VALUES (261, 'Marhta', 'Baldwin', 'marhta.baldwin@guardianlife.com', '+39 49 012 4409', 261);
INSERT INTO HENDI.CONTACTS (CONTACT_ID, FIRST_NAME, LAST_NAME, EMAIL, PHONE, CUSTOMER_ID)
VALUES (262, 'Peter', 'Gamble', 'peter.gamble@mgmresorts.com', '+39 49 012 4411', 262);
INSERT INTO HENDI.CONTACTS (CONTACT_ID, FIRST_NAME, LAST_NAME, EMAIL, PHONE, CUSTOMER_ID)
VALUES (263, 'Nathan', 'Callahan', 'nathan.callahan@farmers.com', '+39 10 012 4413', 263);
INSERT INTO HENDI.CONTACTS (CONTACT_ID, FIRST_NAME, LAST_NAME, EMAIL, PHONE, CUSTOMER_ID)
VALUES (264, 'Tereasa', 'Padilla', 'tereasa.padilla@jcpenney.com', '+39 49 012 4415', 264);
INSERT INTO HENDI.CONTACTS (CONTACT_ID, FIRST_NAME, LAST_NAME, EMAIL, PHONE, CUSTOMER_ID)
VALUES (265, 'Merrilee', 'Phillips', 'merrilee.phillips@conedison.com', '+39 49 012 4417', 265);
INSERT INTO HENDI.CONTACTS (CONTACT_ID, FIRST_NAME, LAST_NAME, EMAIL, PHONE, CUSTOMER_ID)
VALUES (266, 'Tisha', 'Mcdonald', 'tisha.mcdonald@autoliv.com', '+39 49 012 4419', 266);
INSERT INTO HENDI.CONTACTS (CONTACT_ID, FIRST_NAME, LAST_NAME, EMAIL, PHONE, CUSTOMER_ID)
VALUES (267, 'Napoleon', 'Cruz', 'napoleon.cruz@cognizant.com', '+39 10 012 4421', 267);
INSERT INTO HENDI.CONTACTS (CONTACT_ID, FIRST_NAME, LAST_NAME, EMAIL, PHONE, CUSTOMER_ID)
VALUES (268, 'Basilia', 'Downs', 'basilia.downs@vfc.com', '+66 76 012 4441', 268);
INSERT INTO HENDI.CONTACTS (CONTACT_ID, FIRST_NAME, LAST_NAME, EMAIL, PHONE, CUSTOMER_ID)
VALUES (269, 'Alessandra', 'Estrada', 'alessandra.estrada@ameriprise.com', '+41 56 012 3527', 269);
INSERT INTO HENDI.CONTACTS (CONTACT_ID, FIRST_NAME, LAST_NAME, EMAIL, PHONE, CUSTOMER_ID)
VALUES (270, 'Sherron', 'Flores', 'sherron.flores@fnf.com', '+41 57 012 3529', 270);
INSERT INTO HENDI.CONTACTS (CONTACT_ID, FIRST_NAME, LAST_NAME, EMAIL, PHONE, CUSTOMER_ID)
VALUES (271, 'Elicia', 'Townsend', 'elicia.townsend@csc.com', '+41 58 012 3531', 271);
INSERT INTO HENDI.CONTACTS (CONTACT_ID, FIRST_NAME, LAST_NAME, EMAIL, PHONE, CUSTOMER_ID)
VALUES (272, 'Percy', 'Hernandez', 'percy.hernandez@lb.com', '+41 59 012 3533', 272);
INSERT INTO HENDI.CONTACTS (CONTACT_ID, FIRST_NAME, LAST_NAME, EMAIL, PHONE, CUSTOMER_ID)
VALUES (273, 'Shelia', 'Cain', 'shelia.cain@jacobs.com', '+41 60 012 3535', 273);
INSERT INTO HENDI.CONTACTS (CONTACT_ID, FIRST_NAME, LAST_NAME, EMAIL, PHONE, CUSTOMER_ID)
VALUES (274, 'Charlene', 'Booker', 'charlene.booker@republicservices.com', '+41 61 012 3537', 274);
INSERT INTO HENDI.CONTACTS (CONTACT_ID, FIRST_NAME, LAST_NAME, EMAIL, PHONE, CUSTOMER_ID)
VALUES (275, 'Mac', 'Mckay', 'mac.mckay@principal.com', '+41 62 012 3539', 275);
INSERT INTO HENDI.CONTACTS (CONTACT_ID, FIRST_NAME, LAST_NAME, EMAIL, PHONE, CUSTOMER_ID)
VALUES (276, 'Jamison', 'Merritt', 'jamison.merritt@rossstores.com', '+41 63 012 3541', 276);
INSERT INTO HENDI.CONTACTS (CONTACT_ID, FIRST_NAME, LAST_NAME, EMAIL, PHONE, CUSTOMER_ID)
VALUES (277, 'Quinton', 'Woods', 'quinton.woods@bedbathandbeyond.com', '+41 64 012 3543', 277);
INSERT INTO HENDI.CONTACTS (CONTACT_ID, FIRST_NAME, LAST_NAME, EMAIL, PHONE, CUSTOMER_ID)
VALUES (278, 'Cathey', 'Mcdowell', 'cathey.mcdowell@csx.com', '+41 65 012 3545', 278);
INSERT INTO HENDI.CONTACTS (CONTACT_ID, FIRST_NAME, LAST_NAME, EMAIL, PHONE, CUSTOMER_ID)
VALUES (279, 'Deneen', 'Hays', 'deneen.hays@toysrusinc.com', '+41 66 012 3547', 279);
INSERT INTO HENDI.CONTACTS (CONTACT_ID, FIRST_NAME, LAST_NAME, EMAIL, PHONE, CUSTOMER_ID)
VALUES (280, 'Jackson', 'Morin', 'jackson.morin@sands.com', '+41 67 012 3549', 280);
INSERT INTO HENDI.CONTACTS (CONTACT_ID, FIRST_NAME, LAST_NAME, EMAIL, PHONE, CUSTOMER_ID)
VALUES (281, 'Margo', 'Hoffman', 'margo.hoffman@leucadia.com', '+41 2 012 3551', 281);
INSERT INTO HENDI.CONTACTS (CONTACT_ID, FIRST_NAME, LAST_NAME, EMAIL, PHONE, CUSTOMER_ID)
VALUES (282, 'Adah', 'Myers', 'adah.myers@dom.com', '+41 3 012 3553', 282);
INSERT INTO HENDI.CONTACTS (CONTACT_ID, FIRST_NAME, LAST_NAME, EMAIL, PHONE, CUSTOMER_ID)
VALUES (283, 'Florene', 'Craig', 'florene.craig@ussteel.com', '+41 81 012 3555', 283);
INSERT INTO HENDI.CONTACTS (CONTACT_ID, FIRST_NAME, LAST_NAME, EMAIL, PHONE, CUSTOMER_ID)
VALUES (284, 'Janey', 'Burris', 'janey.burris@l-3com.com', '+41 81 012 3557', 284);
INSERT INTO HENDI.CONTACTS (CONTACT_ID, FIRST_NAME, LAST_NAME, EMAIL, PHONE, CUSTOMER_ID)
VALUES (285, 'Evelina', 'Campbell', 'evelina.campbell@edisoninvestor.com', '+41 71 012 3559', 285);
INSERT INTO HENDI.CONTACTS (CONTACT_ID, FIRST_NAME, LAST_NAME, EMAIL, PHONE, CUSTOMER_ID)
VALUES (286, 'Thi', 'Maxwell', 'thi.maxwell@entergy.com', '+41 71 012 3561', 286);
INSERT INTO HENDI.CONTACTS (CONTACT_ID, FIRST_NAME, LAST_NAME, EMAIL, PHONE, CUSTOMER_ID)
VALUES (287, 'Aleshia', 'Reese', 'aleshia.reese@adp.com', '+41 4 012 3563', 287);
INSERT INTO HENDI.CONTACTS (CONTACT_ID, FIRST_NAME, LAST_NAME, EMAIL, PHONE, CUSTOMER_ID)
VALUES (288, 'Dorotha', 'Wong', 'dorotha.wong@firstdata.com', '+41 6 012 3565', 288);
INSERT INTO HENDI.CONTACTS (CONTACT_ID, FIRST_NAME, LAST_NAME, EMAIL, PHONE, CUSTOMER_ID)
VALUES (289, 'Estela', 'Donovan', 'estela.donovan@blackrock.com', '+41 7 012 3567', 289);
INSERT INTO HENDI.CONTACTS (CONTACT_ID, FIRST_NAME, LAST_NAME, EMAIL, PHONE, CUSTOMER_ID)
VALUES (290, 'Hassan', 'Rivers', 'hassan.rivers@westrock.com', '+41 31 012 3569', 290);
INSERT INTO HENDI.CONTACTS (CONTACT_ID, FIRST_NAME, LAST_NAME, EMAIL, PHONE, CUSTOMER_ID)
VALUES (291, 'Jen', 'Mcmahon', 'jen.mcmahon@voya.com', '+41 68 012 3571', 291);
INSERT INTO HENDI.CONTACTS (CONTACT_ID, FIRST_NAME, LAST_NAME, EMAIL, PHONE, CUSTOMER_ID)
VALUES (292, 'Barbie', 'Carter', 'barbie.carter@sherwin.com', '+41 5 012 3573', 292);
INSERT INTO HENDI.CONTACTS (CONTACT_ID, FIRST_NAME, LAST_NAME, EMAIL, PHONE, CUSTOMER_ID)
VALUES (293, 'Cleo', 'English', 'cleo.english@hiltonworldwide.com', '+41 8 012 3575', 293);
INSERT INTO HENDI.CONTACTS (CONTACT_ID, FIRST_NAME, LAST_NAME, EMAIL, PHONE, CUSTOMER_ID)
VALUES (294, 'Liana', 'Pena', 'liana.pena@corning.com', '+41 1 012 3577', 294);
INSERT INTO HENDI.CONTACTS (CONTACT_ID, FIRST_NAME, LAST_NAME, EMAIL, PHONE, CUSTOMER_ID)
VALUES (295, 'Francina', 'Slater', 'francina.slater@rrdonnelley.com', '+41 9 012 3579', 295);
INSERT INTO HENDI.CONTACTS (CONTACT_ID, FIRST_NAME, LAST_NAME, EMAIL, PHONE, CUSTOMER_ID)
VALUES (296, 'Josie', 'Steele', 'josie.steele@stanleyblackanddecker.com', '+41 69 012 3581', 296);
INSERT INTO HENDI.CONTACTS (CONTACT_ID, FIRST_NAME, LAST_NAME, EMAIL, PHONE, CUSTOMER_ID)
VALUES (297, 'Maryrose', 'Roberson', 'maryrose.roberson@xcelenergy.com', '+41 70 012 3583', 297);
INSERT INTO HENDI.CONTACTS (CONTACT_ID, FIRST_NAME, LAST_NAME, EMAIL, PHONE, CUSTOMER_ID)
VALUES (298, 'Elly', 'Salinas', 'elly.salinas@kiewit.com', '+91 80 012 3687', 298);
INSERT INTO HENDI.CONTACTS (CONTACT_ID, FIRST_NAME, LAST_NAME, EMAIL, PHONE, CUSTOMER_ID)
VALUES (299, 'Ginny', 'Carlson', 'ginny.carlson@orate.murphyusa.com', '+91 80 012 3689', 299);
INSERT INTO HENDI.CONTACTS (CONTACT_ID, FIRST_NAME, LAST_NAME, EMAIL, PHONE, CUSTOMER_ID)
VALUES (300, 'Mozelle', 'Schneider', 'mozelle.schneider@cbre.com', '+91 80 012 3695', 300);
INSERT INTO HENDI.CONTACTS (CONTACT_ID, FIRST_NAME, LAST_NAME, EMAIL, PHONE, CUSTOMER_ID)
VALUES (301, 'Adam', 'Jacobs', 'adam.jacobs@univar.com', '+91 80 012 3699', 301);
INSERT INTO HENDI.CONTACTS (CONTACT_ID, FIRST_NAME, LAST_NAME, EMAIL, PHONE, CUSTOMER_ID)
VALUES (302, 'Vernia', 'Hayes', 'vernia.hayes@drhorton.com', '+91 80 012 3701', 302);
INSERT INTO HENDI.CONTACTS (CONTACT_ID, FIRST_NAME, LAST_NAME, EMAIL, PHONE, CUSTOMER_ID)
VALUES (303, 'Ismael', 'Solomon', 'ismael.solomon@elcompanies.com', '+91 80 012 3703', 303);
INSERT INTO HENDI.CONTACTS (CONTACT_ID, FIRST_NAME, LAST_NAME, EMAIL, PHONE, CUSTOMER_ID)
VALUES (304, 'Ivey', 'Rutledge', 'ivey.rutledge@praxair.com', '+91 80 012 3709', 304);
INSERT INTO HENDI.CONTACTS (CONTACT_ID, FIRST_NAME, LAST_NAME, EMAIL, PHONE, CUSTOMER_ID)
VALUES (305, 'Jame', 'Terrell', 'jame.terrell@biogen.com', '+91 80 012 3711', 305);
INSERT INTO HENDI.CONTACTS (CONTACT_ID, FIRST_NAME, LAST_NAME, EMAIL, PHONE, CUSTOMER_ID)
VALUES (306, 'Daina', 'Combs', 'daina.combs@mosaicco.com', '+91 80 012 3715', 306);
INSERT INTO HENDI.CONTACTS (CONTACT_ID, FIRST_NAME, LAST_NAME, EMAIL, PHONE, CUSTOMER_ID)
VALUES (307, 'Lashunda', 'Davidson', 'lashunda.davidson@statestreet.com', '+91 80 012 3717', 307);
INSERT INTO HENDI.CONTACTS (CONTACT_ID, FIRST_NAME, LAST_NAME, EMAIL, PHONE, CUSTOMER_ID)
VALUES (308, 'Arlette', 'Thornton', 'arlette.thornton@unum.com', '+91 80 012 3719', 308);
INSERT INTO HENDI.CONTACTS (CONTACT_ID, FIRST_NAME, LAST_NAME, EMAIL, PHONE, CUSTOMER_ID)
VALUES (309, 'Darron', 'Robertson', 'darron.robertson@reynoldsamerican.com', '+91 80 012 3723', 309);
INSERT INTO HENDI.CONTACTS (CONTACT_ID, FIRST_NAME, LAST_NAME, EMAIL, PHONE, CUSTOMER_ID)
VALUES (310, 'Maple', 'Barnett', 'maple.barnett@core-mark.com', '+91 80 012 3725', 310);
INSERT INTO HENDI.CONTACTS (CONTACT_ID, FIRST_NAME, LAST_NAME, EMAIL, PHONE, CUSTOMER_ID)
VALUES (311, 'Charlsie', 'Carey', 'charlsie.carey@group1auto.com', '+91 80 012 3731', 311);
INSERT INTO HENDI.CONTACTS (CONTACT_ID, FIRST_NAME, LAST_NAME, EMAIL, PHONE, CUSTOMER_ID)
VALUES (312, 'Frank', 'Shannon', 'frank.shannon@henryschein.com', '+91 80 012 3733', 312);
INSERT INTO HENDI.CONTACTS (CONTACT_ID, FIRST_NAME, LAST_NAME, EMAIL, PHONE, CUSTOMER_ID)
VALUES (313, 'Josiah', 'Beasley', 'josiah.beasley@hertz.com', '+91 80 012 3735', 313);
INSERT INTO HENDI.CONTACTS (CONTACT_ID, FIRST_NAME, LAST_NAME, EMAIL, PHONE, CUSTOMER_ID)
VALUES (314, 'Annabelle', 'Butler', 'annabelle.butler@thrivent.com', '+91 80 012 3737', 314);
INSERT INTO HENDI.CONTACTS (CONTACT_ID, FIRST_NAME, LAST_NAME, EMAIL, PHONE, CUSTOMER_ID)
VALUES (315, 'Ed', 'Mueller', 'ed.mueller@nscorp.com', '+91 80 012 3739', 315);
INSERT INTO HENDI.CONTACTS (CONTACT_ID, FIRST_NAME, LAST_NAME, EMAIL, PHONE, CUSTOMER_ID)
VALUES (316, 'Colleen', 'Estrada', 'colleen.estrada@rgare.com', '+91 80 012 3741', 316);
INSERT INTO HENDI.CONTACTS (CONTACT_ID, FIRST_NAME, LAST_NAME, EMAIL, PHONE, CUSTOMER_ID)
VALUES (317, 'Nikia', 'Kent', 'nikia.kent@pseg.com', '+91 80 012 3745', 317);
INSERT INTO HENDI.CONTACTS (CONTACT_ID, FIRST_NAME, LAST_NAME, EMAIL, PHONE, CUSTOMER_ID)
VALUES (318, 'Amber', 'Brady', 'amber.brady@c-a-m.com', '+91 80 012 3837', 318);
INSERT INTO HENDI.CONTACTS (CONTACT_ID, FIRST_NAME, LAST_NAME, EMAIL, PHONE, CUSTOMER_ID)
VALUES (319, 'Wendell', 'Massey', 'wendell.massey@bbt.com', '+86 10 012 3839', 319);

REM INSERTING into HENDI.ORDERS
SET DEFINE OFF;
INSERT INTO HENDI.ORDERS (ORDER_ID, CUSTOMER_ID, STATUS, SALESMAN_ID, ORDER_DATE)
VALUES (105, 1, 'Pending', 54, to_date('17-NOV-16', 'DD-MON-RR'));
INSERT INTO HENDI.ORDERS (ORDER_ID, CUSTOMER_ID, STATUS, SALESMAN_ID, ORDER_DATE)
VALUES (44, 2, 'Pending', 55, to_date('20-FEB-17', 'DD-MON-RR'));
INSERT INTO HENDI.ORDERS (ORDER_ID, CUSTOMER_ID, STATUS, SALESMAN_ID, ORDER_DATE)
VALUES (101, 3, 'Pending', 55, to_date('03-JAN-17', 'DD-MON-RR'));
INSERT INTO HENDI.ORDERS (ORDER_ID, CUSTOMER_ID, STATUS, SALESMAN_ID, ORDER_DATE)
VALUES (1, 4, 'Pending', 56, to_date('15-OCT-17', 'DD-MON-RR'));
INSERT INTO HENDI.ORDERS (ORDER_ID, CUSTOMER_ID, STATUS, SALESMAN_ID, ORDER_DATE)
VALUES (5, 5, 'Canceled', 56, to_date('09-APR-17', 'DD-MON-RR'));
INSERT INTO HENDI.ORDERS (ORDER_ID, CUSTOMER_ID, STATUS, SALESMAN_ID, ORDER_DATE)
VALUES (28, 6, 'Canceled', 57, to_date('15-AUG-17', 'DD-MON-RR'));
INSERT INTO HENDI.ORDERS (ORDER_ID, CUSTOMER_ID, STATUS, SALESMAN_ID, ORDER_DATE)
VALUES (87, 7, 'Canceled', 57, to_date('01-DEC-16', 'DD-MON-RR'));
INSERT INTO HENDI.ORDERS (ORDER_ID, CUSTOMER_ID, STATUS, SALESMAN_ID, ORDER_DATE)
VALUES (4, 8, 'Shipped', 59, to_date('09-APR-15', 'DD-MON-RR'));
INSERT INTO HENDI.ORDERS (ORDER_ID, CUSTOMER_ID, STATUS, SALESMAN_ID, ORDER_DATE)
VALUES (41, 9, 'Shipped', 59, to_date('11-MAY-17', 'DD-MON-RR'));
INSERT INTO HENDI.ORDERS (ORDER_ID, CUSTOMER_ID, STATUS, SALESMAN_ID, ORDER_DATE)
VALUES (82, 44, 'Shipped', 60, to_date('03-DEC-16', 'DD-MON-RR'));
INSERT INTO HENDI.ORDERS (ORDER_ID, CUSTOMER_ID, STATUS, SALESMAN_ID, ORDER_DATE)
VALUES (102, 45, 'Shipped', 61, to_date('20-DEC-16', 'DD-MON-RR'));
INSERT INTO HENDI.ORDERS (ORDER_ID, CUSTOMER_ID, STATUS, SALESMAN_ID, ORDER_DATE)
VALUES (26, 46, 'Shipped', 62, to_date('16-AUG-16', 'DD-MON-RR'));
INSERT INTO HENDI.ORDERS (ORDER_ID, CUSTOMER_ID, STATUS, SALESMAN_ID, ORDER_DATE)
VALUES (43, 47, 'Shipped', 62, to_date('02-MAY-15', 'DD-MON-RR'));
INSERT INTO HENDI.ORDERS (ORDER_ID, CUSTOMER_ID, STATUS, SALESMAN_ID, ORDER_DATE)
VALUES (53, 48, 'Shipped', 62, to_date('29-SEP-16', 'DD-MON-RR'));
INSERT INTO HENDI.ORDERS (ORDER_ID, CUSTOMER_ID, STATUS, SALESMAN_ID, ORDER_DATE)
VALUES (81, 49, 'Shipped', 62, to_date('13-DEC-16', 'DD-MON-RR'));
INSERT INTO HENDI.ORDERS (ORDER_ID, CUSTOMER_ID, STATUS, SALESMAN_ID, ORDER_DATE)
VALUES (83, 16, 'Shipped', 62, to_date('02-DEC-16', 'DD-MON-RR'));
INSERT INTO HENDI.ORDERS (ORDER_ID, CUSTOMER_ID, STATUS, SALESMAN_ID, ORDER_DATE)
VALUES (93, 17, 'Shipped', 62, to_date('27-OCT-16', 'DD-MON-RR'));
INSERT INTO HENDI.ORDERS (ORDER_ID, CUSTOMER_ID, STATUS, SALESMAN_ID, ORDER_DATE)
VALUES (94, 1, 'Shipped', 62, to_date('27-OCT-17', 'DD-MON-RR'));
INSERT INTO HENDI.ORDERS (ORDER_ID, CUSTOMER_ID, STATUS, SALESMAN_ID, ORDER_DATE)
VALUES (79, 2, 'Shipped', 64, to_date('14-DEC-16', 'DD-MON-RR'));
INSERT INTO HENDI.ORDERS (ORDER_ID, CUSTOMER_ID, STATUS, SALESMAN_ID, ORDER_DATE)
VALUES (80, 3, 'Shipped', 64, to_date('13-DEC-16', 'DD-MON-RR'));
INSERT INTO HENDI.ORDERS (ORDER_ID, CUSTOMER_ID, STATUS, SALESMAN_ID, ORDER_DATE)
VALUES (2, 4, 'Shipped', NULL, to_date('26-APR-15', 'DD-MON-RR'));
INSERT INTO HENDI.ORDERS (ORDER_ID, CUSTOMER_ID, STATUS, SALESMAN_ID, ORDER_DATE)
VALUES (3, 5, 'Shipped', NULL, to_date('26-APR-17', 'DD-MON-RR'));
INSERT INTO HENDI.ORDERS (ORDER_ID, CUSTOMER_ID, STATUS, SALESMAN_ID, ORDER_DATE)
VALUES (6, 6, 'Shipped', NULL, to_date('09-APR-15', 'DD-MON-RR'));
INSERT INTO HENDI.ORDERS (ORDER_ID, CUSTOMER_ID, STATUS, SALESMAN_ID, ORDER_DATE)
VALUES (7, 7, 'Shipped', NULL, to_date('15-FEB-17', 'DD-MON-RR'));
INSERT INTO HENDI.ORDERS (ORDER_ID, CUSTOMER_ID, STATUS, SALESMAN_ID, ORDER_DATE)
VALUES (8, 8, 'Shipped', NULL, to_date('14-FEB-17', 'DD-MON-RR'));
INSERT INTO HENDI.ORDERS (ORDER_ID, CUSTOMER_ID, STATUS, SALESMAN_ID, ORDER_DATE)
VALUES (9, 9, 'Shipped', NULL, to_date('14-FEB-17', 'DD-MON-RR'));
INSERT INTO HENDI.ORDERS (ORDER_ID, CUSTOMER_ID, STATUS, SALESMAN_ID, ORDER_DATE)
VALUES (10, 44, 'Pending', NULL, to_date('24-JAN-17', 'DD-MON-RR'));
INSERT INTO HENDI.ORDERS (ORDER_ID, CUSTOMER_ID, STATUS, SALESMAN_ID, ORDER_DATE)
VALUES (11, 45, 'Shipped', NULL, to_date('29-NOV-16', 'DD-MON-RR'));
INSERT INTO HENDI.ORDERS (ORDER_ID, CUSTOMER_ID, STATUS, SALESMAN_ID, ORDER_DATE)
VALUES (12, 46, 'Shipped', NULL, to_date('29-NOV-16', 'DD-MON-RR'));
INSERT INTO HENDI.ORDERS (ORDER_ID, CUSTOMER_ID, STATUS, SALESMAN_ID, ORDER_DATE)
VALUES (13, 47, 'Shipped', NULL, to_date('29-NOV-16', 'DD-MON-RR'));
INSERT INTO HENDI.ORDERS (ORDER_ID, CUSTOMER_ID, STATUS, SALESMAN_ID, ORDER_DATE)
VALUES (14, 48, 'Shipped', NULL, to_date('28-SEP-17', 'DD-MON-RR'));
INSERT INTO HENDI.ORDERS (ORDER_ID, CUSTOMER_ID, STATUS, SALESMAN_ID, ORDER_DATE)
VALUES (15, 49, 'Shipped', NULL, to_date('27-SEP-17', 'DD-MON-RR'));
INSERT INTO HENDI.ORDERS (ORDER_ID, CUSTOMER_ID, STATUS, SALESMAN_ID, ORDER_DATE)
VALUES (16, 16, 'Pending', NULL, to_date('27-SEP-16', 'DD-MON-RR'));
INSERT INTO HENDI.ORDERS (ORDER_ID, CUSTOMER_ID, STATUS, SALESMAN_ID, ORDER_DATE)
VALUES (17, 17, 'Shipped', NULL, to_date('27-SEP-17', 'DD-MON-RR'));
INSERT INTO HENDI.ORDERS (ORDER_ID, CUSTOMER_ID, STATUS, SALESMAN_ID, ORDER_DATE)
VALUES (18, 18, 'Shipped', NULL, to_date('16-AUG-16', 'DD-MON-RR'));
INSERT INTO HENDI.ORDERS (ORDER_ID, CUSTOMER_ID, STATUS, SALESMAN_ID, ORDER_DATE)
VALUES (19, 19, 'Shipped', NULL, to_date('27-MAY-16', 'DD-MON-RR'));
INSERT INTO HENDI.ORDERS (ORDER_ID, CUSTOMER_ID, STATUS, SALESMAN_ID, ORDER_DATE)
VALUES (20, 20, 'Shipped', NULL, to_date('27-MAY-17', 'DD-MON-RR'));
INSERT INTO HENDI.ORDERS (ORDER_ID, CUSTOMER_ID, STATUS, SALESMAN_ID, ORDER_DATE)
VALUES (21, 21, 'Pending', NULL, to_date('27-MAY-17', 'DD-MON-RR'));
INSERT INTO HENDI.ORDERS (ORDER_ID, CUSTOMER_ID, STATUS, SALESMAN_ID, ORDER_DATE)
VALUES (22, 22, 'Canceled', NULL, to_date('26-MAY-16', 'DD-MON-RR'));
INSERT INTO HENDI.ORDERS (ORDER_ID, CUSTOMER_ID, STATUS, SALESMAN_ID, ORDER_DATE)
VALUES (23, 23, 'Shipped', NULL, to_date('07-SEP-16', 'DD-MON-RR'));
INSERT INTO HENDI.ORDERS (ORDER_ID, CUSTOMER_ID, STATUS, SALESMAN_ID, ORDER_DATE)
VALUES (24, 41, 'Shipped', NULL, to_date('07-SEP-16', 'DD-MON-RR'));
INSERT INTO HENDI.ORDERS (ORDER_ID, CUSTOMER_ID, STATUS, SALESMAN_ID, ORDER_DATE)
VALUES (25, 42, 'Shipped', NULL, to_date('24-AUG-16', 'DD-MON-RR'));
INSERT INTO HENDI.ORDERS (ORDER_ID, CUSTOMER_ID, STATUS, SALESMAN_ID, ORDER_DATE)
VALUES (27, 43, 'Canceled', NULL, to_date('16-AUG-16', 'DD-MON-RR'));
INSERT INTO HENDI.ORDERS (ORDER_ID, CUSTOMER_ID, STATUS, SALESMAN_ID, ORDER_DATE)
VALUES (29, 44, 'Shipped', NULL, to_date('14-AUG-17', 'DD-MON-RR'));
INSERT INTO HENDI.ORDERS (ORDER_ID, CUSTOMER_ID, STATUS, SALESMAN_ID, ORDER_DATE)
VALUES (30, 45, 'Shipped', NULL, to_date('12-AUG-17', 'DD-MON-RR'));
INSERT INTO HENDI.ORDERS (ORDER_ID, CUSTOMER_ID, STATUS, SALESMAN_ID, ORDER_DATE)
VALUES (31, 46, 'Canceled', NULL, to_date('12-AUG-17', 'DD-MON-RR'));
INSERT INTO HENDI.ORDERS (ORDER_ID, CUSTOMER_ID, STATUS, SALESMAN_ID, ORDER_DATE)
VALUES (32, 47, 'Shipped', NULL, to_date('09-MAR-17', 'DD-MON-RR'));
INSERT INTO HENDI.ORDERS (ORDER_ID, CUSTOMER_ID, STATUS, SALESMAN_ID, ORDER_DATE)
VALUES (33, 48, 'Shipped', NULL, to_date('07-MAR-17', 'DD-MON-RR'));
INSERT INTO HENDI.ORDERS (ORDER_ID, CUSTOMER_ID, STATUS, SALESMAN_ID, ORDER_DATE)
VALUES (34, 49, 'Shipped', NULL, to_date('12-JUN-16', 'DD-MON-RR'));
INSERT INTO HENDI.ORDERS (ORDER_ID, CUSTOMER_ID, STATUS, SALESMAN_ID, ORDER_DATE)
VALUES (35, 50, 'Shipped', NULL, to_date('05-SEP-16', 'DD-MON-RR'));
INSERT INTO HENDI.ORDERS (ORDER_ID, CUSTOMER_ID, STATUS, SALESMAN_ID, ORDER_DATE)
VALUES (36, 51, 'Shipped', NULL, to_date('05-SEP-17', 'DD-MON-RR'));
INSERT INTO HENDI.ORDERS (ORDER_ID, CUSTOMER_ID, STATUS, SALESMAN_ID, ORDER_DATE)
VALUES (37, 52, 'Shipped', NULL, to_date('19-FEB-17', 'DD-MON-RR'));
INSERT INTO HENDI.ORDERS (ORDER_ID, CUSTOMER_ID, STATUS, SALESMAN_ID, ORDER_DATE)
VALUES (38, 53, 'Canceled', 57, to_date('31-MAY-15', 'DD-MON-RR'));
INSERT INTO HENDI.ORDERS (ORDER_ID, CUSTOMER_ID, STATUS, SALESMAN_ID, ORDER_DATE)
VALUES (39, 54, 'Shipped', 62, to_date('22-OCT-16', 'DD-MON-RR'));
INSERT INTO HENDI.ORDERS (ORDER_ID, CUSTOMER_ID, STATUS, SALESMAN_ID, ORDER_DATE)
VALUES (40, 55, 'Shipped', 62, to_date('11-MAY-17', 'DD-MON-RR'));
INSERT INTO HENDI.ORDERS (ORDER_ID, CUSTOMER_ID, STATUS, SALESMAN_ID, ORDER_DATE)
VALUES (42, 56, 'Canceled', 64, to_date('03-MAY-15', 'DD-MON-RR'));
INSERT INTO HENDI.ORDERS (ORDER_ID, CUSTOMER_ID, STATUS, SALESMAN_ID, ORDER_DATE)
VALUES (45, 57, 'Shipped', 64, to_date('20-FEB-17', 'DD-MON-RR'));
INSERT INTO HENDI.ORDERS (ORDER_ID, CUSTOMER_ID, STATUS, SALESMAN_ID, ORDER_DATE)
VALUES (46, 58, 'Pending', 62, to_date('20-FEB-17', 'DD-MON-RR'));
INSERT INTO HENDI.ORDERS (ORDER_ID, CUSTOMER_ID, STATUS, SALESMAN_ID, ORDER_DATE)
VALUES (47, 59, 'Canceled', 62, to_date('10-OCT-16', 'DD-MON-RR'));
INSERT INTO HENDI.ORDERS (ORDER_ID, CUSTOMER_ID, STATUS, SALESMAN_ID, ORDER_DATE)
VALUES (48, 60, 'Canceled', 64, to_date('10-OCT-16', 'DD-MON-RR'));
INSERT INTO HENDI.ORDERS (ORDER_ID, CUSTOMER_ID, STATUS, SALESMAN_ID, ORDER_DATE)
VALUES (49, 61, 'Shipped', 55, to_date('02-OCT-16', 'DD-MON-RR'));
INSERT INTO HENDI.ORDERS (ORDER_ID, CUSTOMER_ID, STATUS, SALESMAN_ID, ORDER_DATE)
VALUES (50, 62, 'Pending', 55, to_date('02-OCT-16', 'DD-MON-RR'));
INSERT INTO HENDI.ORDERS (ORDER_ID, CUSTOMER_ID, STATUS, SALESMAN_ID, ORDER_DATE)
VALUES (51, 63, 'Shipped', 59, to_date('02-OCT-16', 'DD-MON-RR'));
INSERT INTO HENDI.ORDERS (ORDER_ID, CUSTOMER_ID, STATUS, SALESMAN_ID, ORDER_DATE)
VALUES (52, 64, 'Shipped', 60, to_date('02-OCT-16', 'DD-MON-RR'));
INSERT INTO HENDI.ORDERS (ORDER_ID, CUSTOMER_ID, STATUS, SALESMAN_ID, ORDER_DATE)
VALUES (54, 65, 'Shipped', 56, to_date('29-SEP-16', 'DD-MON-RR'));
INSERT INTO HENDI.ORDERS (ORDER_ID, CUSTOMER_ID, STATUS, SALESMAN_ID, ORDER_DATE)
VALUES (55, 66, 'Pending', 59, to_date('29-SEP-16', 'DD-MON-RR'));
INSERT INTO HENDI.ORDERS (ORDER_ID, CUSTOMER_ID, STATUS, SALESMAN_ID, ORDER_DATE)
VALUES (56, 67, 'Canceled', 55, to_date('29-SEP-16', 'DD-MON-RR'));
INSERT INTO HENDI.ORDERS (ORDER_ID, CUSTOMER_ID, STATUS, SALESMAN_ID, ORDER_DATE)
VALUES (57, 68, 'Shipped', 57, to_date('24-AUG-17', 'DD-MON-RR'));
INSERT INTO HENDI.ORDERS (ORDER_ID, CUSTOMER_ID, STATUS, SALESMAN_ID, ORDER_DATE)
VALUES (58, 69, 'Shipped', 57, to_date('24-AUG-16', 'DD-MON-RR'));
INSERT INTO HENDI.ORDERS (ORDER_ID, CUSTOMER_ID, STATUS, SALESMAN_ID, ORDER_DATE)
VALUES (59, 70, 'Shipped', 59, to_date('29-JUN-15', 'DD-MON-RR'));
INSERT INTO HENDI.ORDERS (ORDER_ID, CUSTOMER_ID, STATUS, SALESMAN_ID, ORDER_DATE)
VALUES (60, 1, 'Shipped', 62, to_date('30-JUN-17', 'DD-MON-RR'));
INSERT INTO HENDI.ORDERS (ORDER_ID, CUSTOMER_ID, STATUS, SALESMAN_ID, ORDER_DATE)
VALUES (61, 2, 'Shipped', 54, to_date('30-JUN-16', 'DD-MON-RR'));
INSERT INTO HENDI.ORDERS (ORDER_ID, CUSTOMER_ID, STATUS, SALESMAN_ID, ORDER_DATE)
VALUES (62, 3, 'Shipped', 62, to_date('30-JUN-15', 'DD-MON-RR'));
INSERT INTO HENDI.ORDERS (ORDER_ID, CUSTOMER_ID, STATUS, SALESMAN_ID, ORDER_DATE)
VALUES (63, 4, 'Shipped', 61, to_date('30-JUN-16', 'DD-MON-RR'));
INSERT INTO HENDI.ORDERS (ORDER_ID, CUSTOMER_ID, STATUS, SALESMAN_ID, ORDER_DATE)
VALUES (64, 5, 'Shipped', 64, to_date('21-JUN-16', 'DD-MON-RR'));
INSERT INTO HENDI.ORDERS (ORDER_ID, CUSTOMER_ID, STATUS, SALESMAN_ID, ORDER_DATE)
VALUES (65, 6, 'Shipped', 64, to_date('21-JUN-13', 'DD-MON-RR'));
INSERT INTO HENDI.ORDERS (ORDER_ID, CUSTOMER_ID, STATUS, SALESMAN_ID, ORDER_DATE)
VALUES (66, 7, 'Canceled', 61, to_date('21-JUN-16', 'DD-MON-RR'));
INSERT INTO HENDI.ORDERS (ORDER_ID, CUSTOMER_ID, STATUS, SALESMAN_ID, ORDER_DATE)
VALUES (67, 8, 'Canceled', 61, to_date('14-JUN-16', 'DD-MON-RR'));
INSERT INTO HENDI.ORDERS (ORDER_ID, CUSTOMER_ID, STATUS, SALESMAN_ID, ORDER_DATE)
VALUES (68, 9, 'Pending', NULL, to_date('13-JUN-16', 'DD-MON-RR'));
INSERT INTO HENDI.ORDERS (ORDER_ID, CUSTOMER_ID, STATUS, SALESMAN_ID, ORDER_DATE)
VALUES (69, 44, 'Canceled', 54, to_date('17-MAR-17', 'DD-MON-RR'));
INSERT INTO HENDI.ORDERS (ORDER_ID, CUSTOMER_ID, STATUS, SALESMAN_ID, ORDER_DATE)
VALUES (70, 45, 'Canceled', 61, to_date('21-FEB-17', 'DD-MON-RR'));
INSERT INTO HENDI.ORDERS (ORDER_ID, CUSTOMER_ID, STATUS, SALESMAN_ID, ORDER_DATE)
VALUES (71, 46, 'Shipped', 54, to_date('21-FEB-17', 'DD-MON-RR'));
INSERT INTO HENDI.ORDERS (ORDER_ID, CUSTOMER_ID, STATUS, SALESMAN_ID, ORDER_DATE)
VALUES (72, 47, 'Shipped', 64, to_date('17-FEB-16', 'DD-MON-RR'));
INSERT INTO HENDI.ORDERS (ORDER_ID, CUSTOMER_ID, STATUS, SALESMAN_ID, ORDER_DATE)
VALUES (73, 48, 'Shipped', NULL, to_date('17-FEB-16', 'DD-MON-RR'));
INSERT INTO HENDI.ORDERS (ORDER_ID, CUSTOMER_ID, STATUS, SALESMAN_ID, ORDER_DATE)
VALUES (74, 49, 'Shipped', 64, to_date('10-FEB-17', 'DD-MON-RR'));
INSERT INTO HENDI.ORDERS (ORDER_ID, CUSTOMER_ID, STATUS, SALESMAN_ID, ORDER_DATE)
VALUES (75, 16, 'Shipped', NULL, to_date('10-FEB-17', 'DD-MON-RR'));
INSERT INTO HENDI.ORDERS (ORDER_ID, CUSTOMER_ID, STATUS, SALESMAN_ID, ORDER_DATE)
VALUES (76, 17, 'Shipped', 55, to_date('10-FEB-17', 'DD-MON-RR'));
INSERT INTO HENDI.ORDERS (ORDER_ID, CUSTOMER_ID, STATUS, SALESMAN_ID, ORDER_DATE)
VALUES (77, 1, 'Shipped', 60, to_date('02-JAN-17', 'DD-MON-RR'));
INSERT INTO HENDI.ORDERS (ORDER_ID, CUSTOMER_ID, STATUS, SALESMAN_ID, ORDER_DATE)
VALUES (78, 2, 'Pending', 64, to_date('14-DEC-15', 'DD-MON-RR'));
INSERT INTO HENDI.ORDERS (ORDER_ID, CUSTOMER_ID, STATUS, SALESMAN_ID, ORDER_DATE)
VALUES (84, 3, 'Shipped', 64, to_date('01-DEC-15', 'DD-MON-RR'));
INSERT INTO HENDI.ORDERS (ORDER_ID, CUSTOMER_ID, STATUS, SALESMAN_ID, ORDER_DATE)
VALUES (85, 4, 'Pending', 55, to_date('01-DEC-16', 'DD-MON-RR'));
INSERT INTO HENDI.ORDERS (ORDER_ID, CUSTOMER_ID, STATUS, SALESMAN_ID, ORDER_DATE)
VALUES (86, 5, 'Pending', 60, to_date('30-NOV-16', 'DD-MON-RR'));
INSERT INTO HENDI.ORDERS (ORDER_ID, CUSTOMER_ID, STATUS, SALESMAN_ID, ORDER_DATE)
VALUES (88, 6, 'Shipped', 61, to_date('01-NOV-17', 'DD-MON-RR'));
INSERT INTO HENDI.ORDERS (ORDER_ID, CUSTOMER_ID, STATUS, SALESMAN_ID, ORDER_DATE)
VALUES (89, 7, 'Shipped', 55, to_date('27-OCT-15', 'DD-MON-RR'));
INSERT INTO HENDI.ORDERS (ORDER_ID, CUSTOMER_ID, STATUS, SALESMAN_ID, ORDER_DATE)
VALUES (90, 8, 'Pending', 55, to_date('28-OCT-15', 'DD-MON-RR'));
INSERT INTO HENDI.ORDERS (ORDER_ID, CUSTOMER_ID, STATUS, SALESMAN_ID, ORDER_DATE)
VALUES (91, 9, 'Pending', 56, to_date('28-OCT-16', 'DD-MON-RR'));
INSERT INTO HENDI.ORDERS (ORDER_ID, CUSTOMER_ID, STATUS, SALESMAN_ID, ORDER_DATE)
VALUES (92, 44, 'Shipped', 59, to_date('28-OCT-15', 'DD-MON-RR'));
INSERT INTO HENDI.ORDERS (ORDER_ID, CUSTOMER_ID, STATUS, SALESMAN_ID, ORDER_DATE)
VALUES (95, 45, 'Shipped', 59, to_date('19-SEP-16', 'DD-MON-RR'));
INSERT INTO HENDI.ORDERS (ORDER_ID, CUSTOMER_ID, STATUS, SALESMAN_ID, ORDER_DATE)
VALUES (96, 46, 'Shipped', 56, to_date('14-SEP-16', 'DD-MON-RR'));
INSERT INTO HENDI.ORDERS (ORDER_ID, CUSTOMER_ID, STATUS, SALESMAN_ID, ORDER_DATE)
VALUES (97, 47, 'Canceled', 60, to_date('12-JUL-16', 'DD-MON-RR'));
INSERT INTO HENDI.ORDERS (ORDER_ID, CUSTOMER_ID, STATUS, SALESMAN_ID, ORDER_DATE)
VALUES (98, 48, 'Shipped', 55, to_date('18-MAR-17', 'DD-MON-RR'));
INSERT INTO HENDI.ORDERS (ORDER_ID, CUSTOMER_ID, STATUS, SALESMAN_ID, ORDER_DATE)
VALUES (99, 49, 'Shipped', 60, to_date('07-JAN-17', 'DD-MON-RR'));
INSERT INTO HENDI.ORDERS (ORDER_ID, CUSTOMER_ID, STATUS, SALESMAN_ID, ORDER_DATE)
VALUES (100, 16, 'Pending', 54, to_date('05-JAN-17', 'DD-MON-RR'));
INSERT INTO HENDI.ORDERS (ORDER_ID, CUSTOMER_ID, STATUS, SALESMAN_ID, ORDER_DATE)
VALUES (103, 17, 'Pending', 64, to_date('08-FEB-16', 'DD-MON-RR'));
INSERT INTO HENDI.ORDERS (ORDER_ID, CUSTOMER_ID, STATUS, SALESMAN_ID, ORDER_DATE)
VALUES (104, 18, 'Shipped', 60, to_date('01-FEB-17', 'DD-MON-RR'));
REM INSERTING into HENDI.ORDER_ITEMS
SET DEFINE OFF;
INSERT INTO HENDI.ORDER_ITEMS (ORDER_ID, ITEM_ID, PRODUCT_ID, QUANTITY, UNIT_PRICE)
VALUES (70, 7, 32, 132, 469.99);
INSERT INTO HENDI.ORDER_ITEMS (ORDER_ID, ITEM_ID, PRODUCT_ID, QUANTITY, UNIT_PRICE)
VALUES (73, 5, 192, 124, 519.99);
INSERT INTO HENDI.ORDER_ITEMS (ORDER_ID, ITEM_ID, PRODUCT_ID, QUANTITY, UNIT_PRICE)
VALUES (74, 7, 27, 92, 800.74);
INSERT INTO HENDI.ORDER_ITEMS (ORDER_ID, ITEM_ID, PRODUCT_ID, QUANTITY, UNIT_PRICE)
VALUES (75, 11, 6, 128, 849.99);
INSERT INTO HENDI.ORDER_ITEMS (ORDER_ID, ITEM_ID, PRODUCT_ID, QUANTITY, UNIT_PRICE)
VALUES (76, 10, 95, 106, 109.99);
INSERT INTO HENDI.ORDER_ITEMS (ORDER_ID, ITEM_ID, PRODUCT_ID, QUANTITY, UNIT_PRICE)
VALUES (77, 5, 271, 148, 549.59);
INSERT INTO HENDI.ORDER_ITEMS (ORDER_ID, ITEM_ID, PRODUCT_ID, QUANTITY, UNIT_PRICE)
VALUES (81, 7, 79, 127, 659.99);
INSERT INTO HENDI.ORDER_ITEMS (ORDER_ID, ITEM_ID, PRODUCT_ID, QUANTITY, UNIT_PRICE)
VALUES (82, 9, 284, 138, 54.99);
INSERT INTO HENDI.ORDER_ITEMS (ORDER_ID, ITEM_ID, PRODUCT_ID, QUANTITY, UNIT_PRICE)
VALUES (83, 8, 174, 117, 798.26);
INSERT INTO HENDI.ORDER_ITEMS (ORDER_ID, ITEM_ID, PRODUCT_ID, QUANTITY, UNIT_PRICE)
VALUES (84, 6, 131, 34, 279.99);
INSERT INTO HENDI.ORDER_ITEMS (ORDER_ID, ITEM_ID, PRODUCT_ID, QUANTITY, UNIT_PRICE)
VALUES (87, 11, 271, 58, 549.59);
INSERT INTO HENDI.ORDER_ITEMS (ORDER_ID, ITEM_ID, PRODUCT_ID, QUANTITY, UNIT_PRICE)
VALUES (90, 8, 92, 49, 2200);
INSERT INTO HENDI.ORDER_ITEMS (ORDER_ID, ITEM_ID, PRODUCT_ID, QUANTITY, UNIT_PRICE)
VALUES (91, 11, 226, 77, 309.85);
INSERT INTO HENDI.ORDER_ITEMS (ORDER_ID, ITEM_ID, PRODUCT_ID, QUANTITY, UNIT_PRICE)
VALUES (93, 5, 121, 141, 721.99);
INSERT INTO HENDI.ORDER_ITEMS (ORDER_ID, ITEM_ID, PRODUCT_ID, QUANTITY, UNIT_PRICE)
VALUES (94, 9, 12, 33, 824.98);
INSERT INTO HENDI.ORDER_ITEMS (ORDER_ID, ITEM_ID, PRODUCT_ID, QUANTITY, UNIT_PRICE)
VALUES (99, 9, 17, 144, 699.01);
INSERT INTO HENDI.ORDER_ITEMS (ORDER_ID, ITEM_ID, PRODUCT_ID, QUANTITY, UNIT_PRICE)
VALUES (102, 3, 247, 149, 339.99);
INSERT INTO HENDI.ORDER_ITEMS (ORDER_ID, ITEM_ID, PRODUCT_ID, QUANTITY, UNIT_PRICE)
VALUES (104, 7, 178, 145, 1999.89);
INSERT INTO HENDI.ORDER_ITEMS (ORDER_ID, ITEM_ID, PRODUCT_ID, QUANTITY, UNIT_PRICE)
VALUES (105, 6, 183, 79, 899.99);
INSERT INTO HENDI.ORDER_ITEMS (ORDER_ID, ITEM_ID, PRODUCT_ID, QUANTITY, UNIT_PRICE)
VALUES (2, 9, 200, 75, 620.95);
INSERT INTO HENDI.ORDER_ITEMS (ORDER_ID, ITEM_ID, PRODUCT_ID, QUANTITY, UNIT_PRICE)
VALUES (4, 8, 18, 116, 799);
INSERT INTO HENDI.ORDER_ITEMS (ORDER_ID, ITEM_ID, PRODUCT_ID, QUANTITY, UNIT_PRICE)
VALUES (6, 7, 7, 119, 680.99);
INSERT INTO HENDI.ORDER_ITEMS (ORDER_ID, ITEM_ID, PRODUCT_ID, QUANTITY, UNIT_PRICE)
VALUES (8, 9, 268, 148, 47.88);
INSERT INTO HENDI.ORDER_ITEMS (ORDER_ID, ITEM_ID, PRODUCT_ID, QUANTITY, UNIT_PRICE)
VALUES (2, 1, 43, 111, 298.98);
INSERT INTO HENDI.ORDER_ITEMS (ORDER_ID, ITEM_ID, PRODUCT_ID, QUANTITY, UNIT_PRICE)
VALUES (3, 1, 24, 111, 66.89);
INSERT INTO HENDI.ORDER_ITEMS (ORDER_ID, ITEM_ID, PRODUCT_ID, QUANTITY, UNIT_PRICE)
VALUES (4, 1, 280, 47, 149.88);
INSERT INTO HENDI.ORDER_ITEMS (ORDER_ID, ITEM_ID, PRODUCT_ID, QUANTITY, UNIT_PRICE)
VALUES (5, 1, 149, 70, 282.98);
INSERT INTO HENDI.ORDER_ITEMS (ORDER_ID, ITEM_ID, PRODUCT_ID, QUANTITY, UNIT_PRICE)
VALUES (6, 1, 199, 67, 647.99);
INSERT INTO HENDI.ORDER_ITEMS (ORDER_ID, ITEM_ID, PRODUCT_ID, QUANTITY, UNIT_PRICE)
VALUES (7, 1, 227, 74, 305);
INSERT INTO HENDI.ORDER_ITEMS (ORDER_ID, ITEM_ID, PRODUCT_ID, QUANTITY, UNIT_PRICE)
VALUES (8, 1, 87, 92, 759.99);
INSERT INTO HENDI.ORDER_ITEMS (ORDER_ID, ITEM_ID, PRODUCT_ID, QUANTITY, UNIT_PRICE)
VALUES (9, 1, 108, 139, 849.99);
INSERT INTO HENDI.ORDER_ITEMS (ORDER_ID, ITEM_ID, PRODUCT_ID, QUANTITY, UNIT_PRICE)
VALUES (10, 1, 145, 118, 287);
INSERT INTO HENDI.ORDER_ITEMS (ORDER_ID, ITEM_ID, PRODUCT_ID, QUANTITY, UNIT_PRICE)
VALUES (11, 1, 96, 113, 141.56);
INSERT INTO HENDI.ORDER_ITEMS (ORDER_ID, ITEM_ID, PRODUCT_ID, QUANTITY, UNIT_PRICE)
VALUES (12, 1, 191, 41, 573.99);
INSERT INTO HENDI.ORDER_ITEMS (ORDER_ID, ITEM_ID, PRODUCT_ID, QUANTITY, UNIT_PRICE)
VALUES (13, 1, 84, 46, 440.3);
INSERT INTO HENDI.ORDER_ITEMS (ORDER_ID, ITEM_ID, PRODUCT_ID, QUANTITY, UNIT_PRICE)
VALUES (14, 1, 129, 98, 734.99);
INSERT INTO HENDI.ORDER_ITEMS (ORDER_ID, ITEM_ID, PRODUCT_ID, QUANTITY, UNIT_PRICE)
VALUES (1, 1, 137, 116, 469.99);
INSERT INTO HENDI.ORDER_ITEMS (ORDER_ID, ITEM_ID, PRODUCT_ID, QUANTITY, UNIT_PRICE)
VALUES (15, 1, 287, 60, 329.99);
INSERT INTO HENDI.ORDER_ITEMS (ORDER_ID, ITEM_ID, PRODUCT_ID, QUANTITY, UNIT_PRICE)
VALUES (16, 1, 166, 70, 1638.89);
INSERT INTO HENDI.ORDER_ITEMS (ORDER_ID, ITEM_ID, PRODUCT_ID, QUANTITY, UNIT_PRICE)
VALUES (17, 1, 149, 51, 282.98);
INSERT INTO HENDI.ORDER_ITEMS (ORDER_ID, ITEM_ID, PRODUCT_ID, QUANTITY, UNIT_PRICE)
VALUES (18, 1, 213, 105, 1469.96);
INSERT INTO HENDI.ORDER_ITEMS (ORDER_ID, ITEM_ID, PRODUCT_ID, QUANTITY, UNIT_PRICE)
VALUES (19, 1, 38, 53, 1199.99);
INSERT INTO HENDI.ORDER_ITEMS (ORDER_ID, ITEM_ID, PRODUCT_ID, QUANTITY, UNIT_PRICE)
VALUES (20, 1, 126, 105, 640.99);
INSERT INTO HENDI.ORDER_ITEMS (ORDER_ID, ITEM_ID, PRODUCT_ID, QUANTITY, UNIT_PRICE)
VALUES (21, 1, 36, 79, 1299.99);
INSERT INTO HENDI.ORDER_ITEMS (ORDER_ID, ITEM_ID, PRODUCT_ID, QUANTITY, UNIT_PRICE)
VALUES (22, 1, 83, 44, 829.99);
INSERT INTO HENDI.ORDER_ITEMS (ORDER_ID, ITEM_ID, PRODUCT_ID, QUANTITY, UNIT_PRICE)
VALUES (23, 1, 202, 104, 713.99);
INSERT INTO HENDI.ORDER_ITEMS (ORDER_ID, ITEM_ID, PRODUCT_ID, QUANTITY, UNIT_PRICE)
VALUES (24, 1, 121, 129, 721.99);
INSERT INTO HENDI.ORDER_ITEMS (ORDER_ID, ITEM_ID, PRODUCT_ID, QUANTITY, UNIT_PRICE)
VALUES (25, 1, 43, 109, 298.98);
INSERT INTO HENDI.ORDER_ITEMS (ORDER_ID, ITEM_ID, PRODUCT_ID, QUANTITY, UNIT_PRICE)
VALUES (26, 1, 200, 114, 620.95);
INSERT INTO HENDI.ORDER_ITEMS (ORDER_ID, ITEM_ID, PRODUCT_ID, QUANTITY, UNIT_PRICE)
VALUES (27, 1, 71, 38, 660);
INSERT INTO HENDI.ORDER_ITEMS (ORDER_ID, ITEM_ID, PRODUCT_ID, QUANTITY, UNIT_PRICE)
VALUES (28, 1, 31, 61, 443.72);
INSERT INTO HENDI.ORDER_ITEMS (ORDER_ID, ITEM_ID, PRODUCT_ID, QUANTITY, UNIT_PRICE)
VALUES (29, 1, 7, 38, 680.99);
INSERT INTO HENDI.ORDER_ITEMS (ORDER_ID, ITEM_ID, PRODUCT_ID, QUANTITY, UNIT_PRICE)
VALUES (30, 1, 235, 70, 41.99);
INSERT INTO HENDI.ORDER_ITEMS (ORDER_ID, ITEM_ID, PRODUCT_ID, QUANTITY, UNIT_PRICE)
VALUES (31, 1, 101, 68, 635.99);
INSERT INTO HENDI.ORDER_ITEMS (ORDER_ID, ITEM_ID, PRODUCT_ID, QUANTITY, UNIT_PRICE)
VALUES (32, 1, 251, 83, 337.81);
INSERT INTO HENDI.ORDER_ITEMS (ORDER_ID, ITEM_ID, PRODUCT_ID, QUANTITY, UNIT_PRICE)
VALUES (33, 1, 55, 93, 150.99);
INSERT INTO HENDI.ORDER_ITEMS (ORDER_ID, ITEM_ID, PRODUCT_ID, QUANTITY, UNIT_PRICE)
VALUES (34, 1, 185, 141, 873.98);
INSERT INTO HENDI.ORDER_ITEMS (ORDER_ID, ITEM_ID, PRODUCT_ID, QUANTITY, UNIT_PRICE)
VALUES (35, 1, 174, 133, 798.26);
INSERT INTO HENDI.ORDER_ITEMS (ORDER_ID, ITEM_ID, PRODUCT_ID, QUANTITY, UNIT_PRICE)
VALUES (36, 1, 204, 45, 686.99);
INSERT INTO HENDI.ORDER_ITEMS (ORDER_ID, ITEM_ID, PRODUCT_ID, QUANTITY, UNIT_PRICE)
VALUES (37, 1, 35, 150, 1314.99);
INSERT INTO HENDI.ORDER_ITEMS (ORDER_ID, ITEM_ID, PRODUCT_ID, QUANTITY, UNIT_PRICE)
VALUES (38, 1, 71, 90, 660);
INSERT INTO HENDI.ORDER_ITEMS (ORDER_ID, ITEM_ID, PRODUCT_ID, QUANTITY, UNIT_PRICE)
VALUES (39, 1, 186, 116, 1449.98);
INSERT INTO HENDI.ORDER_ITEMS (ORDER_ID, ITEM_ID, PRODUCT_ID, QUANTITY, UNIT_PRICE)
VALUES (40, 1, 141, 106, 419.99);
INSERT INTO HENDI.ORDER_ITEMS (ORDER_ID, ITEM_ID, PRODUCT_ID, QUANTITY, UNIT_PRICE)
VALUES (41, 1, 268, 80, 47.88);
INSERT INTO HENDI.ORDER_ITEMS (ORDER_ID, ITEM_ID, PRODUCT_ID, QUANTITY, UNIT_PRICE)
VALUES (42, 1, 34, 45, 417.98);
INSERT INTO HENDI.ORDER_ITEMS (ORDER_ID, ITEM_ID, PRODUCT_ID, QUANTITY, UNIT_PRICE)
VALUES (43, 1, 67, 74, 863.05);
INSERT INTO HENDI.ORDER_ITEMS (ORDER_ID, ITEM_ID, PRODUCT_ID, QUANTITY, UNIT_PRICE)
VALUES (44, 1, 220, 118, 759.99);
INSERT INTO HENDI.ORDER_ITEMS (ORDER_ID, ITEM_ID, PRODUCT_ID, QUANTITY, UNIT_PRICE)
VALUES (45, 1, 74, 43, 701.95);
INSERT INTO HENDI.ORDER_ITEMS (ORDER_ID, ITEM_ID, PRODUCT_ID, QUANTITY, UNIT_PRICE)
VALUES (46, 1, 120, 51, 892);
INSERT INTO HENDI.ORDER_ITEMS (ORDER_ID, ITEM_ID, PRODUCT_ID, QUANTITY, UNIT_PRICE)
VALUES (47, 1, 178, 73, 1999.89);
INSERT INTO HENDI.ORDER_ITEMS (ORDER_ID, ITEM_ID, PRODUCT_ID, QUANTITY, UNIT_PRICE)
VALUES (48, 1, 165, 46, 1666.61);
INSERT INTO HENDI.ORDER_ITEMS (ORDER_ID, ITEM_ID, PRODUCT_ID, QUANTITY, UNIT_PRICE)
VALUES (49, 1, 172, 104, 358.49);
INSERT INTO HENDI.ORDER_ITEMS (ORDER_ID, ITEM_ID, PRODUCT_ID, QUANTITY, UNIT_PRICE)
VALUES (50, 1, 215, 49, 829.89);
INSERT INTO HENDI.ORDER_ITEMS (ORDER_ID, ITEM_ID, PRODUCT_ID, QUANTITY, UNIT_PRICE)
VALUES (51, 1, 21, 34, 749.99);
INSERT INTO HENDI.ORDER_ITEMS (ORDER_ID, ITEM_ID, PRODUCT_ID, QUANTITY, UNIT_PRICE)
VALUES (52, 1, 235, 123, 41.99);
INSERT INTO HENDI.ORDER_ITEMS (ORDER_ID, ITEM_ID, PRODUCT_ID, QUANTITY, UNIT_PRICE)
VALUES (53, 1, 100, 130, 97.88);
INSERT INTO HENDI.ORDER_ITEMS (ORDER_ID, ITEM_ID, PRODUCT_ID, QUANTITY, UNIT_PRICE)
VALUES (54, 1, 208, 73, 1199.99);
INSERT INTO HENDI.ORDER_ITEMS (ORDER_ID, ITEM_ID, PRODUCT_ID, QUANTITY, UNIT_PRICE)
VALUES (55, 1, 102, 127, 2042.69);
INSERT INTO HENDI.ORDER_ITEMS (ORDER_ID, ITEM_ID, PRODUCT_ID, QUANTITY, UNIT_PRICE)
VALUES (56, 1, 84, 70, 440.3);
INSERT INTO HENDI.ORDER_ITEMS (ORDER_ID, ITEM_ID, PRODUCT_ID, QUANTITY, UNIT_PRICE)
VALUES (57, 1, 224, 75, 349.99);
INSERT INTO HENDI.ORDER_ITEMS (ORDER_ID, ITEM_ID, PRODUCT_ID, QUANTITY, UNIT_PRICE)
VALUES (58, 1, 64, 55, 525.99);
INSERT INTO HENDI.ORDER_ITEMS (ORDER_ID, ITEM_ID, PRODUCT_ID, QUANTITY, UNIT_PRICE)
VALUES (59, 1, 178, 101, 1999.89);
INSERT INTO HENDI.ORDER_ITEMS (ORDER_ID, ITEM_ID, PRODUCT_ID, QUANTITY, UNIT_PRICE)
VALUES (60, 1, 205, 74, 649.99);
INSERT INTO HENDI.ORDER_ITEMS (ORDER_ID, ITEM_ID, PRODUCT_ID, QUANTITY, UNIT_PRICE)
VALUES (61, 1, 174, 114, 798.26);
INSERT INTO HENDI.ORDER_ITEMS (ORDER_ID, ITEM_ID, PRODUCT_ID, QUANTITY, UNIT_PRICE)
VALUES (62, 1, 188, 130, 482.49);
INSERT INTO HENDI.ORDER_ITEMS (ORDER_ID, ITEM_ID, PRODUCT_ID, QUANTITY, UNIT_PRICE)
VALUES (63, 1, 70, 72, 710.99);
INSERT INTO HENDI.ORDER_ITEMS (ORDER_ID, ITEM_ID, PRODUCT_ID, QUANTITY, UNIT_PRICE)
VALUES (64, 1, 199, 61, 647.99);
INSERT INTO HENDI.ORDER_ITEMS (ORDER_ID, ITEM_ID, PRODUCT_ID, QUANTITY, UNIT_PRICE)
VALUES (65, 1, 280, 104, 149.88);
INSERT INTO HENDI.ORDER_ITEMS (ORDER_ID, ITEM_ID, PRODUCT_ID, QUANTITY, UNIT_PRICE)
VALUES (66, 1, 77, 143, 695.99);
INSERT INTO HENDI.ORDER_ITEMS (ORDER_ID, ITEM_ID, PRODUCT_ID, QUANTITY, UNIT_PRICE)
VALUES (67, 1, 287, 61, 329.99);
INSERT INTO HENDI.ORDER_ITEMS (ORDER_ID, ITEM_ID, PRODUCT_ID, QUANTITY, UNIT_PRICE)
VALUES (68, 1, 163, 98, 1899.99);
INSERT INTO HENDI.ORDER_ITEMS (ORDER_ID, ITEM_ID, PRODUCT_ID, QUANTITY, UNIT_PRICE)
VALUES (69, 1, 206, 57, 4139);
INSERT INTO HENDI.ORDER_ITEMS (ORDER_ID, ITEM_ID, PRODUCT_ID, QUANTITY, UNIT_PRICE)
VALUES (70, 1, 185, 146, 873.98);
INSERT INTO HENDI.ORDER_ITEMS (ORDER_ID, ITEM_ID, PRODUCT_ID, QUANTITY, UNIT_PRICE)
VALUES (71, 1, 19, 146, 1704.37);
INSERT INTO HENDI.ORDER_ITEMS (ORDER_ID, ITEM_ID, PRODUCT_ID, QUANTITY, UNIT_PRICE)
VALUES (72, 1, 129, 101, 734.99);
INSERT INTO HENDI.ORDER_ITEMS (ORDER_ID, ITEM_ID, PRODUCT_ID, QUANTITY, UNIT_PRICE)
VALUES (73, 1, 245, 120, 1699);
INSERT INTO HENDI.ORDER_ITEMS (ORDER_ID, ITEM_ID, PRODUCT_ID, QUANTITY, UNIT_PRICE)
VALUES (74, 1, 104, 97, 83.88);
INSERT INTO HENDI.ORDER_ITEMS (ORDER_ID, ITEM_ID, PRODUCT_ID, QUANTITY, UNIT_PRICE)
VALUES (75, 1, 58, 73, 784.98);
INSERT INTO HENDI.ORDER_ITEMS (ORDER_ID, ITEM_ID, PRODUCT_ID, QUANTITY, UNIT_PRICE)
VALUES (76, 1, 109, 92, 713.99);
INSERT INTO HENDI.ORDER_ITEMS (ORDER_ID, ITEM_ID, PRODUCT_ID, QUANTITY, UNIT_PRICE)
VALUES (77, 1, 203, 65, 671.38);
INSERT INTO HENDI.ORDER_ITEMS (ORDER_ID, ITEM_ID, PRODUCT_ID, QUANTITY, UNIT_PRICE)
VALUES (78, 1, 92, 147, 2200);
INSERT INTO HENDI.ORDER_ITEMS (ORDER_ID, ITEM_ID, PRODUCT_ID, QUANTITY, UNIT_PRICE)
VALUES (79, 1, 285, 145, 339.99);
INSERT INTO HENDI.ORDER_ITEMS (ORDER_ID, ITEM_ID, PRODUCT_ID, QUANTITY, UNIT_PRICE)
VALUES (80, 1, 213, 63, 1469.96);
INSERT INTO HENDI.ORDER_ITEMS (ORDER_ID, ITEM_ID, PRODUCT_ID, QUANTITY, UNIT_PRICE)
VALUES (81, 1, 128, 133, 741.63);
INSERT INTO HENDI.ORDER_ITEMS (ORDER_ID, ITEM_ID, PRODUCT_ID, QUANTITY, UNIT_PRICE)
VALUES (82, 1, 91, 42, 2259.99);
INSERT INTO HENDI.ORDER_ITEMS (ORDER_ID, ITEM_ID, PRODUCT_ID, QUANTITY, UNIT_PRICE)
VALUES (83, 1, 264, 35, 88.99);
INSERT INTO HENDI.ORDER_ITEMS (ORDER_ID, ITEM_ID, PRODUCT_ID, QUANTITY, UNIT_PRICE)
VALUES (84, 1, 106, 137, 608.95);
INSERT INTO HENDI.ORDER_ITEMS (ORDER_ID, ITEM_ID, PRODUCT_ID, QUANTITY, UNIT_PRICE)
VALUES (85, 1, 155, 114, 588.95);
INSERT INTO HENDI.ORDER_ITEMS (ORDER_ID, ITEM_ID, PRODUCT_ID, QUANTITY, UNIT_PRICE)
VALUES (86, 1, 202, 46, 713.99);
INSERT INTO HENDI.ORDER_ITEMS (ORDER_ID, ITEM_ID, PRODUCT_ID, QUANTITY, UNIT_PRICE)
VALUES (87, 1, 47, 123, 2377.09);
INSERT INTO HENDI.ORDER_ITEMS (ORDER_ID, ITEM_ID, PRODUCT_ID, QUANTITY, UNIT_PRICE)
VALUES (88, 1, 278, 139, 677.99);
INSERT INTO HENDI.ORDER_ITEMS (ORDER_ID, ITEM_ID, PRODUCT_ID, QUANTITY, UNIT_PRICE)
VALUES (89, 1, 247, 45, 339.99);
INSERT INTO HENDI.ORDER_ITEMS (ORDER_ID, ITEM_ID, PRODUCT_ID, QUANTITY, UNIT_PRICE)
VALUES (90, 1, 65, 84, 1199.99);
INSERT INTO HENDI.ORDER_ITEMS (ORDER_ID, ITEM_ID, PRODUCT_ID, QUANTITY, UNIT_PRICE)
VALUES (91, 1, 122, 89, 722.99);
INSERT INTO HENDI.ORDER_ITEMS (ORDER_ID, ITEM_ID, PRODUCT_ID, QUANTITY, UNIT_PRICE)
VALUES (92, 1, 208, 114, 1199.99);
INSERT INTO HENDI.ORDER_ITEMS (ORDER_ID, ITEM_ID, PRODUCT_ID, QUANTITY, UNIT_PRICE)
VALUES (93, 1, 257, 70, 84.95);
INSERT INTO HENDI.ORDER_ITEMS (ORDER_ID, ITEM_ID, PRODUCT_ID, QUANTITY, UNIT_PRICE)
VALUES (94, 1, 255, 38, 90.99);
INSERT INTO HENDI.ORDER_ITEMS (ORDER_ID, ITEM_ID, PRODUCT_ID, QUANTITY, UNIT_PRICE)
VALUES (95, 1, 52, 138, 1676.98);
INSERT INTO HENDI.ORDER_ITEMS (ORDER_ID, ITEM_ID, PRODUCT_ID, QUANTITY, UNIT_PRICE)
VALUES (96, 1, 260, 34, 267.99);
INSERT INTO HENDI.ORDER_ITEMS (ORDER_ID, ITEM_ID, PRODUCT_ID, QUANTITY, UNIT_PRICE)
VALUES (97, 1, 110, 39, 3192.97);
INSERT INTO HENDI.ORDER_ITEMS (ORDER_ID, ITEM_ID, PRODUCT_ID, QUANTITY, UNIT_PRICE)
VALUES (98, 1, 66, 104, 399.99);
INSERT INTO HENDI.ORDER_ITEMS (ORDER_ID, ITEM_ID, PRODUCT_ID, QUANTITY, UNIT_PRICE)
VALUES (99, 1, 95, 66, 109.99);
INSERT INTO HENDI.ORDER_ITEMS (ORDER_ID, ITEM_ID, PRODUCT_ID, QUANTITY, UNIT_PRICE)
VALUES (100, 1, 280, 70, 149.88);
INSERT INTO HENDI.ORDER_ITEMS (ORDER_ID, ITEM_ID, PRODUCT_ID, QUANTITY, UNIT_PRICE)
VALUES (101, 1, 17, 47, 699.01);
INSERT INTO HENDI.ORDER_ITEMS (ORDER_ID, ITEM_ID, PRODUCT_ID, QUANTITY, UNIT_PRICE)
VALUES (102, 1, 196, 69, 1099.99);
INSERT INTO HENDI.ORDER_ITEMS (ORDER_ID, ITEM_ID, PRODUCT_ID, QUANTITY, UNIT_PRICE)
VALUES (103, 1, 6, 117, 849.99);
INSERT INTO HENDI.ORDER_ITEMS (ORDER_ID, ITEM_ID, PRODUCT_ID, QUANTITY, UNIT_PRICE)
VALUES (104, 1, 129, 74, 734.99);
INSERT INTO HENDI.ORDER_ITEMS (ORDER_ID, ITEM_ID, PRODUCT_ID, QUANTITY, UNIT_PRICE)
VALUES (105, 1, 31, 116, 443.72);
INSERT INTO HENDI.ORDER_ITEMS (ORDER_ID, ITEM_ID, PRODUCT_ID, QUANTITY, UNIT_PRICE)
VALUES (1, 2, 78, 77, 686.99);
INSERT INTO HENDI.ORDER_ITEMS (ORDER_ID, ITEM_ID, PRODUCT_ID, QUANTITY, UNIT_PRICE)
VALUES (3, 2, 56, 65, 16.99);
INSERT INTO HENDI.ORDER_ITEMS (ORDER_ID, ITEM_ID, PRODUCT_ID, QUANTITY, UNIT_PRICE)
VALUES (5, 2, 15, 45, 725.99);
INSERT INTO HENDI.ORDER_ITEMS (ORDER_ID, ITEM_ID, PRODUCT_ID, QUANTITY, UNIT_PRICE)
VALUES (8, 2, 12, 70, 824.98);
INSERT INTO HENDI.ORDER_ITEMS (ORDER_ID, ITEM_ID, PRODUCT_ID, QUANTITY, UNIT_PRICE)
VALUES (9, 2, 99, 123, 68.06);
INSERT INTO HENDI.ORDER_ITEMS (ORDER_ID, ITEM_ID, PRODUCT_ID, QUANTITY, UNIT_PRICE)
VALUES (10, 2, 10, 102, 811.99);
INSERT INTO HENDI.ORDER_ITEMS (ORDER_ID, ITEM_ID, PRODUCT_ID, QUANTITY, UNIT_PRICE)
VALUES (12, 2, 63, 58, 572.96);
INSERT INTO HENDI.ORDER_ITEMS (ORDER_ID, ITEM_ID, PRODUCT_ID, QUANTITY, UNIT_PRICE)
VALUES (15, 2, 154, 67, 1204.98);
INSERT INTO HENDI.ORDER_ITEMS (ORDER_ID, ITEM_ID, PRODUCT_ID, QUANTITY, UNIT_PRICE)
VALUES (16, 2, 155, 106, 588.95);
INSERT INTO HENDI.ORDER_ITEMS (ORDER_ID, ITEM_ID, PRODUCT_ID, QUANTITY, UNIT_PRICE)
VALUES (19, 2, 24, 62, 66.89);
INSERT INTO HENDI.ORDER_ITEMS (ORDER_ID, ITEM_ID, PRODUCT_ID, QUANTITY, UNIT_PRICE)
VALUES (20, 2, 41, 78, 299.89);
INSERT INTO HENDI.ORDER_ITEMS (ORDER_ID, ITEM_ID, PRODUCT_ID, QUANTITY, UNIT_PRICE)
VALUES (21, 2, 101, 146, 635.99);
INSERT INTO HENDI.ORDER_ITEMS (ORDER_ID, ITEM_ID, PRODUCT_ID, QUANTITY, UNIT_PRICE)
VALUES (22, 2, 116, 45, 731.99);
INSERT INTO HENDI.ORDER_ITEMS (ORDER_ID, ITEM_ID, PRODUCT_ID, QUANTITY, UNIT_PRICE)
VALUES (23, 2, 190, 50, 948.99);
INSERT INTO HENDI.ORDER_ITEMS (ORDER_ID, ITEM_ID, PRODUCT_ID, QUANTITY, UNIT_PRICE)
VALUES (25, 2, 239, 119, 739.99);
INSERT INTO HENDI.ORDER_ITEMS (ORDER_ID, ITEM_ID, PRODUCT_ID, QUANTITY, UNIT_PRICE)
VALUES (27, 2, 141, 77, 419.99);
INSERT INTO HENDI.ORDER_ITEMS (ORDER_ID, ITEM_ID, PRODUCT_ID, QUANTITY, UNIT_PRICE)
VALUES (28, 2, 121, 120, 721.99);
INSERT INTO HENDI.ORDER_ITEMS (ORDER_ID, ITEM_ID, PRODUCT_ID, QUANTITY, UNIT_PRICE)
VALUES (29, 2, 82, 62, 1499.89);
INSERT INTO HENDI.ORDER_ITEMS (ORDER_ID, ITEM_ID, PRODUCT_ID, QUANTITY, UNIT_PRICE)
VALUES (31, 2, 176, 97, 939.49);
INSERT INTO HENDI.ORDER_ITEMS (ORDER_ID, ITEM_ID, PRODUCT_ID, QUANTITY, UNIT_PRICE)
VALUES (33, 2, 153, 33, 1249);
INSERT INTO HENDI.ORDER_ITEMS (ORDER_ID, ITEM_ID, PRODUCT_ID, QUANTITY, UNIT_PRICE)
VALUES (35, 2, 70, 134, 710.99);
INSERT INTO HENDI.ORDER_ITEMS (ORDER_ID, ITEM_ID, PRODUCT_ID, QUANTITY, UNIT_PRICE)
VALUES (36, 2, 101, 105, 635.99);
INSERT INTO HENDI.ORDER_ITEMS (ORDER_ID, ITEM_ID, PRODUCT_ID, QUANTITY, UNIT_PRICE)
VALUES (37, 2, 67, 129, 863.05);
INSERT INTO HENDI.ORDER_ITEMS (ORDER_ID, ITEM_ID, PRODUCT_ID, QUANTITY, UNIT_PRICE)
VALUES (38, 2, 169, 52, 1844.89);
INSERT INTO HENDI.ORDER_ITEMS (ORDER_ID, ITEM_ID, PRODUCT_ID, QUANTITY, UNIT_PRICE)
VALUES (39, 2, 153, 108, 1249);
INSERT INTO HENDI.ORDER_ITEMS (ORDER_ID, ITEM_ID, PRODUCT_ID, QUANTITY, UNIT_PRICE)
VALUES (40, 2, 101, 131, 635.99);
INSERT INTO HENDI.ORDER_ITEMS (ORDER_ID, ITEM_ID, PRODUCT_ID, QUANTITY, UNIT_PRICE)
VALUES (41, 2, 219, 82, 1299.73);
INSERT INTO HENDI.ORDER_ITEMS (ORDER_ID, ITEM_ID, PRODUCT_ID, QUANTITY, UNIT_PRICE)
VALUES (43, 2, 287, 66, 329.99);
INSERT INTO HENDI.ORDER_ITEMS (ORDER_ID, ITEM_ID, PRODUCT_ID, QUANTITY, UNIT_PRICE)
VALUES (46, 2, 4, 112, 2699.99);
INSERT INTO HENDI.ORDER_ITEMS (ORDER_ID, ITEM_ID, PRODUCT_ID, QUANTITY, UNIT_PRICE)
VALUES (47, 2, 55, 107, 150.99);
INSERT INTO HENDI.ORDER_ITEMS (ORDER_ID, ITEM_ID, PRODUCT_ID, QUANTITY, UNIT_PRICE)
VALUES (48, 2, 158, 98, 2009.46);
INSERT INTO HENDI.ORDER_ITEMS (ORDER_ID, ITEM_ID, PRODUCT_ID, QUANTITY, UNIT_PRICE)
VALUES (53, 2, 168, 89, 43.99);
INSERT INTO HENDI.ORDER_ITEMS (ORDER_ID, ITEM_ID, PRODUCT_ID, QUANTITY, UNIT_PRICE)
VALUES (55, 2, 32, 70, 469.99);
INSERT INTO HENDI.ORDER_ITEMS (ORDER_ID, ITEM_ID, PRODUCT_ID, QUANTITY, UNIT_PRICE)
VALUES (58, 2, 120, 32, 892);
INSERT INTO HENDI.ORDER_ITEMS (ORDER_ID, ITEM_ID, PRODUCT_ID, QUANTITY, UNIT_PRICE)
VALUES (59, 2, 166, 34, 1638.89);
INSERT INTO HENDI.ORDER_ITEMS (ORDER_ID, ITEM_ID, PRODUCT_ID, QUANTITY, UNIT_PRICE)
VALUES (60, 2, 13, 138, 704.99);
INSERT INTO HENDI.ORDER_ITEMS (ORDER_ID, ITEM_ID, PRODUCT_ID, QUANTITY, UNIT_PRICE)
VALUES (61, 2, 56, 75, 16.99);
INSERT INTO HENDI.ORDER_ITEMS (ORDER_ID, ITEM_ID, PRODUCT_ID, QUANTITY, UNIT_PRICE)
VALUES (63, 2, 54, 47, 1019.99);
INSERT INTO HENDI.ORDER_ITEMS (ORDER_ID, ITEM_ID, PRODUCT_ID, QUANTITY, UNIT_PRICE)
VALUES (65, 2, 113, 83, 704.99);
INSERT INTO HENDI.ORDER_ITEMS (ORDER_ID, ITEM_ID, PRODUCT_ID, QUANTITY, UNIT_PRICE)
VALUES (66, 2, 218, 40, 1388.89);
INSERT INTO HENDI.ORDER_ITEMS (ORDER_ID, ITEM_ID, PRODUCT_ID, QUANTITY, UNIT_PRICE)
VALUES (67, 2, 144, 121, 289.79);
INSERT INTO HENDI.ORDER_ITEMS (ORDER_ID, ITEM_ID, PRODUCT_ID, QUANTITY, UNIT_PRICE)
VALUES (68, 2, 248, 42, 2774.98);
INSERT INTO HENDI.ORDER_ITEMS (ORDER_ID, ITEM_ID, PRODUCT_ID, QUANTITY, UNIT_PRICE)
VALUES (69, 2, 71, 66, 660);
INSERT INTO HENDI.ORDER_ITEMS (ORDER_ID, ITEM_ID, PRODUCT_ID, QUANTITY, UNIT_PRICE)
VALUES (70, 2, 83, 52, 829.99);
INSERT INTO HENDI.ORDER_ITEMS (ORDER_ID, ITEM_ID, PRODUCT_ID, QUANTITY, UNIT_PRICE)
VALUES (71, 2, 241, 38, 1756);
INSERT INTO HENDI.ORDER_ITEMS (ORDER_ID, ITEM_ID, PRODUCT_ID, QUANTITY, UNIT_PRICE)
VALUES (72, 2, 211, 123, 1064.99);
INSERT INTO HENDI.ORDER_ITEMS (ORDER_ID, ITEM_ID, PRODUCT_ID, QUANTITY, UNIT_PRICE)
VALUES (74, 2, 250, 86, 338.99);
INSERT INTO HENDI.ORDER_ITEMS (ORDER_ID, ITEM_ID, PRODUCT_ID, QUANTITY, UNIT_PRICE)
VALUES (75, 2, 187, 74, 353.98);
INSERT INTO HENDI.ORDER_ITEMS (ORDER_ID, ITEM_ID, PRODUCT_ID, QUANTITY, UNIT_PRICE)
VALUES (76, 2, 177, 98, 1759.99);
INSERT INTO HENDI.ORDER_ITEMS (ORDER_ID, ITEM_ID, PRODUCT_ID, QUANTITY, UNIT_PRICE)
VALUES (77, 2, 168, 136, 43.99);
INSERT INTO HENDI.ORDER_ITEMS (ORDER_ID, ITEM_ID, PRODUCT_ID, QUANTITY, UNIT_PRICE)
VALUES (78, 2, 169, 50, 1844.89);
INSERT INTO HENDI.ORDER_ITEMS (ORDER_ID, ITEM_ID, PRODUCT_ID, QUANTITY, UNIT_PRICE)
VALUES (79, 2, 265, 53, 1431.99);
INSERT INTO HENDI.ORDER_ITEMS (ORDER_ID, ITEM_ID, PRODUCT_ID, QUANTITY, UNIT_PRICE)
VALUES (82, 2, 107, 71, 644);
INSERT INTO HENDI.ORDER_ITEMS (ORDER_ID, ITEM_ID, PRODUCT_ID, QUANTITY, UNIT_PRICE)
VALUES (83, 2, 196, 54, 1099.99);
INSERT INTO HENDI.ORDER_ITEMS (ORDER_ID, ITEM_ID, PRODUCT_ID, QUANTITY, UNIT_PRICE)
VALUES (84, 2, 199, 137, 647.99);
INSERT INTO HENDI.ORDER_ITEMS (ORDER_ID, ITEM_ID, PRODUCT_ID, QUANTITY, UNIT_PRICE)
VALUES (85, 2, 230, 35, 136.69);
INSERT INTO HENDI.ORDER_ITEMS (ORDER_ID, ITEM_ID, PRODUCT_ID, QUANTITY, UNIT_PRICE)
VALUES (86, 2, 156, 47, 394.99);
INSERT INTO HENDI.ORDER_ITEMS (ORDER_ID, ITEM_ID, PRODUCT_ID, QUANTITY, UNIT_PRICE)
VALUES (87, 2, 233, 96, 59.99);
INSERT INTO HENDI.ORDER_ITEMS (ORDER_ID, ITEM_ID, PRODUCT_ID, QUANTITY, UNIT_PRICE)
VALUES (88, 2, 11, 106, 2015.11);
INSERT INTO HENDI.ORDER_ITEMS (ORDER_ID, ITEM_ID, PRODUCT_ID, QUANTITY, UNIT_PRICE)
VALUES (89, 2, 102, 84, 2042.69);
INSERT INTO HENDI.ORDER_ITEMS (ORDER_ID, ITEM_ID, PRODUCT_ID, QUANTITY, UNIT_PRICE)
VALUES (90, 2, 64, 60, 525.99);
INSERT INTO HENDI.ORDER_ITEMS (ORDER_ID, ITEM_ID, PRODUCT_ID, QUANTITY, UNIT_PRICE)
VALUES (91, 2, 220, 127, 759.99);
INSERT INTO HENDI.ORDER_ITEMS (ORDER_ID, ITEM_ID, PRODUCT_ID, QUANTITY, UNIT_PRICE)
VALUES (92, 2, 34, 126, 417.98);
INSERT INTO HENDI.ORDER_ITEMS (ORDER_ID, ITEM_ID, PRODUCT_ID, QUANTITY, UNIT_PRICE)
VALUES (94, 2, 186, 146, 1449.98);
INSERT INTO HENDI.ORDER_ITEMS (ORDER_ID, ITEM_ID, PRODUCT_ID, QUANTITY, UNIT_PRICE)
VALUES (95, 2, 143, 64, 402.99);
INSERT INTO HENDI.ORDER_ITEMS (ORDER_ID, ITEM_ID, PRODUCT_ID, QUANTITY, UNIT_PRICE)
VALUES (97, 2, 207, 82, 3254.99);
INSERT INTO HENDI.ORDER_ITEMS (ORDER_ID, ITEM_ID, PRODUCT_ID, QUANTITY, UNIT_PRICE)
VALUES (101, 2, 113, 134, 704.99);
INSERT INTO HENDI.ORDER_ITEMS (ORDER_ID, ITEM_ID, PRODUCT_ID, QUANTITY, UNIT_PRICE)
VALUES (104, 2, 171, 90, 382.98);
INSERT INTO HENDI.ORDER_ITEMS (ORDER_ID, ITEM_ID, PRODUCT_ID, QUANTITY, UNIT_PRICE)
VALUES (105, 2, 242, 67, 1751.99);
INSERT INTO HENDI.ORDER_ITEMS (ORDER_ID, ITEM_ID, PRODUCT_ID, QUANTITY, UNIT_PRICE)
VALUES (1, 3, 64, 52, 525.99);
INSERT INTO HENDI.ORDER_ITEMS (ORDER_ID, ITEM_ID, PRODUCT_ID, QUANTITY, UNIT_PRICE)
VALUES (8, 3, 71, 87, 660);
INSERT INTO HENDI.ORDER_ITEMS (ORDER_ID, ITEM_ID, PRODUCT_ID, QUANTITY, UNIT_PRICE)
VALUES (9, 3, 265, 90, 1431.99);
INSERT INTO HENDI.ORDER_ITEMS (ORDER_ID, ITEM_ID, PRODUCT_ID, QUANTITY, UNIT_PRICE)
VALUES (12, 3, 42, 75, 299.89);
INSERT INTO HENDI.ORDER_ITEMS (ORDER_ID, ITEM_ID, PRODUCT_ID, QUANTITY, UNIT_PRICE)
VALUES (15, 3, 246, 133, 343.99);
INSERT INTO HENDI.ORDER_ITEMS (ORDER_ID, ITEM_ID, PRODUCT_ID, QUANTITY, UNIT_PRICE)
VALUES (16, 3, 235, 56, 41.99);
INSERT INTO HENDI.ORDER_ITEMS (ORDER_ID, ITEM_ID, PRODUCT_ID, QUANTITY, UNIT_PRICE)
VALUES (19, 3, 23, 142, 89.89);
INSERT INTO HENDI.ORDER_ITEMS (ORDER_ID, ITEM_ID, PRODUCT_ID, QUANTITY, UNIT_PRICE)
VALUES (22, 3, 24, 77, 66.89);
INSERT INTO HENDI.ORDER_ITEMS (ORDER_ID, ITEM_ID, PRODUCT_ID, QUANTITY, UNIT_PRICE)
VALUES (25, 3, 29, 65, 645.99);
INSERT INTO HENDI.ORDER_ITEMS (ORDER_ID, ITEM_ID, PRODUCT_ID, QUANTITY, UNIT_PRICE)
VALUES (27, 3, 68, 96, 766.11);
INSERT INTO HENDI.ORDER_ITEMS (ORDER_ID, ITEM_ID, PRODUCT_ID, QUANTITY, UNIT_PRICE)
VALUES (28, 3, 41, 56, 299.89);
INSERT INTO HENDI.ORDER_ITEMS (ORDER_ID, ITEM_ID, PRODUCT_ID, QUANTITY, UNIT_PRICE)
VALUES (29, 3, 268, 118, 47.88);
INSERT INTO HENDI.ORDER_ITEMS (ORDER_ID, ITEM_ID, PRODUCT_ID, QUANTITY, UNIT_PRICE)
VALUES (36, 3, 100, 102, 97.88);
INSERT INTO HENDI.ORDER_ITEMS (ORDER_ID, ITEM_ID, PRODUCT_ID, QUANTITY, UNIT_PRICE)
VALUES (38, 3, 264, 89, 88.99);
INSERT INTO HENDI.ORDER_ITEMS (ORDER_ID, ITEM_ID, PRODUCT_ID, QUANTITY, UNIT_PRICE)
VALUES (39, 3, 109, 33, 713.99);
INSERT INTO HENDI.ORDER_ITEMS (ORDER_ID, ITEM_ID, PRODUCT_ID, QUANTITY, UNIT_PRICE)
VALUES (40, 3, 250, 131, 338.99);
INSERT INTO HENDI.ORDER_ITEMS (ORDER_ID, ITEM_ID, PRODUCT_ID, QUANTITY, UNIT_PRICE)
VALUES (41, 3, 69, 86, 678.75);
INSERT INTO HENDI.ORDER_ITEMS (ORDER_ID, ITEM_ID, PRODUCT_ID, QUANTITY, UNIT_PRICE)
VALUES (43, 3, 110, 94, 3192.97);
INSERT INTO HENDI.ORDER_ITEMS (ORDER_ID, ITEM_ID, PRODUCT_ID, QUANTITY, UNIT_PRICE)
VALUES (46, 3, 187, 86, 353.98);
INSERT INTO HENDI.ORDER_ITEMS (ORDER_ID, ITEM_ID, PRODUCT_ID, QUANTITY, UNIT_PRICE)
VALUES (47, 3, 65, 99, 1199.99);
INSERT INTO HENDI.ORDER_ITEMS (ORDER_ID, ITEM_ID, PRODUCT_ID, QUANTITY, UNIT_PRICE)
VALUES (57, 2, 177, 110, 1759.99);
INSERT INTO HENDI.ORDER_ITEMS (ORDER_ID, ITEM_ID, PRODUCT_ID, QUANTITY, UNIT_PRICE)
VALUES (58, 3, 113, 73, 704.99);
INSERT INTO HENDI.ORDER_ITEMS (ORDER_ID, ITEM_ID, PRODUCT_ID, QUANTITY, UNIT_PRICE)
VALUES (59, 3, 118, 105, 699.89);
INSERT INTO HENDI.ORDER_ITEMS (ORDER_ID, ITEM_ID, PRODUCT_ID, QUANTITY, UNIT_PRICE)
VALUES (60, 3, 272, 144, 1073.99);
INSERT INTO HENDI.ORDER_ITEMS (ORDER_ID, ITEM_ID, PRODUCT_ID, QUANTITY, UNIT_PRICE)
VALUES (61, 3, 146, 59, 283.98);
INSERT INTO HENDI.ORDER_ITEMS (ORDER_ID, ITEM_ID, PRODUCT_ID, QUANTITY, UNIT_PRICE)
VALUES (65, 3, 116, 35, 731.99);
INSERT INTO HENDI.ORDER_ITEMS (ORDER_ID, ITEM_ID, PRODUCT_ID, QUANTITY, UNIT_PRICE)
VALUES (66, 3, 286, 35, 234);
INSERT INTO HENDI.ORDER_ITEMS (ORDER_ID, ITEM_ID, PRODUCT_ID, QUANTITY, UNIT_PRICE)
VALUES (67, 3, 167, 94, 1010.46);
INSERT INTO HENDI.ORDER_ITEMS (ORDER_ID, ITEM_ID, PRODUCT_ID, QUANTITY, UNIT_PRICE)
VALUES (68, 3, 183, 50, 899.99);
INSERT INTO HENDI.ORDER_ITEMS (ORDER_ID, ITEM_ID, PRODUCT_ID, QUANTITY, UNIT_PRICE)
VALUES (69, 3, 253, 112, 579.99);
INSERT INTO HENDI.ORDER_ITEMS (ORDER_ID, ITEM_ID, PRODUCT_ID, QUANTITY, UNIT_PRICE)
VALUES (71, 3, 195, 75, 1055.99);
INSERT INTO HENDI.ORDER_ITEMS (ORDER_ID, ITEM_ID, PRODUCT_ID, QUANTITY, UNIT_PRICE)
VALUES (72, 3, 273, 145, 443.64);
INSERT INTO HENDI.ORDER_ITEMS (ORDER_ID, ITEM_ID, PRODUCT_ID, QUANTITY, UNIT_PRICE)
VALUES (75, 3, 33, 143, 52.65);
INSERT INTO HENDI.ORDER_ITEMS (ORDER_ID, ITEM_ID, PRODUCT_ID, QUANTITY, UNIT_PRICE)
VALUES (76, 3, 163, 134, 1899.99);
INSERT INTO HENDI.ORDER_ITEMS (ORDER_ID, ITEM_ID, PRODUCT_ID, QUANTITY, UNIT_PRICE)
VALUES (77, 3, 218, 143, 1388.89);
INSERT INTO HENDI.ORDER_ITEMS (ORDER_ID, ITEM_ID, PRODUCT_ID, QUANTITY, UNIT_PRICE)
VALUES (78, 3, 125, 119, 768.99);
INSERT INTO HENDI.ORDER_ITEMS (ORDER_ID, ITEM_ID, PRODUCT_ID, QUANTITY, UNIT_PRICE)
VALUES (83, 3, 116, 76, 731.99);
INSERT INTO HENDI.ORDER_ITEMS (ORDER_ID, ITEM_ID, PRODUCT_ID, QUANTITY, UNIT_PRICE)
VALUES (86, 3, 287, 45, 329.99);
INSERT INTO HENDI.ORDER_ITEMS (ORDER_ID, ITEM_ID, PRODUCT_ID, QUANTITY, UNIT_PRICE)
VALUES (87, 3, 130, 119, 117.45);
INSERT INTO HENDI.ORDER_ITEMS (ORDER_ID, ITEM_ID, PRODUCT_ID, QUANTITY, UNIT_PRICE)
VALUES (89, 3, 224, 89, 349.99);
INSERT INTO HENDI.ORDER_ITEMS (ORDER_ID, ITEM_ID, PRODUCT_ID, QUANTITY, UNIT_PRICE)
VALUES (91, 3, 266, 83, 1418.99);
INSERT INTO HENDI.ORDER_ITEMS (ORDER_ID, ITEM_ID, PRODUCT_ID, QUANTITY, UNIT_PRICE)
VALUES (97, 3, 270, 61, 769.99);
INSERT INTO HENDI.ORDER_ITEMS (ORDER_ID, ITEM_ID, PRODUCT_ID, QUANTITY, UNIT_PRICE)
VALUES (101, 3, 135, 134, 127.88);
INSERT INTO HENDI.ORDER_ITEMS (ORDER_ID, ITEM_ID, PRODUCT_ID, QUANTITY, UNIT_PRICE)
VALUES (104, 3, 45, 48, 2501.69);
INSERT INTO HENDI.ORDER_ITEMS (ORDER_ID, ITEM_ID, PRODUCT_ID, QUANTITY, UNIT_PRICE)
VALUES (105, 3, 275, 45, 399.99);
INSERT INTO HENDI.ORDER_ITEMS (ORDER_ID, ITEM_ID, PRODUCT_ID, QUANTITY, UNIT_PRICE)
VALUES (1, 4, 210, 87, 1029.99);
INSERT INTO HENDI.ORDER_ITEMS (ORDER_ID, ITEM_ID, PRODUCT_ID, QUANTITY, UNIT_PRICE)
VALUES (8, 4, 25, 40, 104.88);
INSERT INTO HENDI.ORDER_ITEMS (ORDER_ID, ITEM_ID, PRODUCT_ID, QUANTITY, UNIT_PRICE)
VALUES (9, 4, 288, 62, 319.99);
INSERT INTO HENDI.ORDER_ITEMS (ORDER_ID, ITEM_ID, PRODUCT_ID, QUANTITY, UNIT_PRICE)
VALUES (12, 4, 144, 70, 289.79);
INSERT INTO HENDI.ORDER_ITEMS (ORDER_ID, ITEM_ID, PRODUCT_ID, QUANTITY, UNIT_PRICE)
VALUES (13, 2, 85, 82, 1274.99);
INSERT INTO HENDI.ORDER_ITEMS (ORDER_ID, ITEM_ID, PRODUCT_ID, QUANTITY, UNIT_PRICE)
VALUES (14, 2, 206, 133, 4139);
INSERT INTO HENDI.ORDER_ITEMS (ORDER_ID, ITEM_ID, PRODUCT_ID, QUANTITY, UNIT_PRICE)
VALUES (16, 4, 95, 42, 109.99);
INSERT INTO HENDI.ORDER_ITEMS (ORDER_ID, ITEM_ID, PRODUCT_ID, QUANTITY, UNIT_PRICE)
VALUES (18, 2, 226, 57, 309.85);
INSERT INTO HENDI.ORDER_ITEMS (ORDER_ID, ITEM_ID, PRODUCT_ID, QUANTITY, UNIT_PRICE)
VALUES (22, 4, 288, 44, 319.99);
INSERT INTO HENDI.ORDER_ITEMS (ORDER_ID, ITEM_ID, PRODUCT_ID, QUANTITY, UNIT_PRICE)
VALUES (24, 2, 227, 61, 305);
INSERT INTO HENDI.ORDER_ITEMS (ORDER_ID, ITEM_ID, PRODUCT_ID, QUANTITY, UNIT_PRICE)
VALUES (25, 4, 209, 80, 1199.99);
INSERT INTO HENDI.ORDER_ITEMS (ORDER_ID, ITEM_ID, PRODUCT_ID, QUANTITY, UNIT_PRICE)
VALUES (26, 2, 186, 92, 1449.98);
INSERT INTO HENDI.ORDER_ITEMS (ORDER_ID, ITEM_ID, PRODUCT_ID, QUANTITY, UNIT_PRICE)
VALUES (27, 4, 263, 95, 89.99);
INSERT INTO HENDI.ORDER_ITEMS (ORDER_ID, ITEM_ID, PRODUCT_ID, QUANTITY, UNIT_PRICE)
VALUES (28, 4, 208, 139, 1199.99);
INSERT INTO HENDI.ORDER_ITEMS (ORDER_ID, ITEM_ID, PRODUCT_ID, QUANTITY, UNIT_PRICE)
VALUES (29, 4, 141, 32, 419.99);
INSERT INTO HENDI.ORDER_ITEMS (ORDER_ID, ITEM_ID, PRODUCT_ID, QUANTITY, UNIT_PRICE)
VALUES (30, 2, 200, 137, 620.95);
INSERT INTO HENDI.ORDER_ITEMS (ORDER_ID, ITEM_ID, PRODUCT_ID, QUANTITY, UNIT_PRICE)
VALUES (33, 3, 217, 67, 401.98);
INSERT INTO HENDI.ORDER_ITEMS (ORDER_ID, ITEM_ID, PRODUCT_ID, QUANTITY, UNIT_PRICE)
VALUES (36, 4, 10, 72, 811.99);
INSERT INTO HENDI.ORDER_ITEMS (ORDER_ID, ITEM_ID, PRODUCT_ID, QUANTITY, UNIT_PRICE)
VALUES (38, 4, 61, 59, 487.3);
INSERT INTO HENDI.ORDER_ITEMS (ORDER_ID, ITEM_ID, PRODUCT_ID, QUANTITY, UNIT_PRICE)
VALUES (40, 4, 230, 80, 136.69);
INSERT INTO HENDI.ORDER_ITEMS (ORDER_ID, ITEM_ID, PRODUCT_ID, QUANTITY, UNIT_PRICE)
VALUES (41, 4, 258, 49, 57.98);
INSERT INTO HENDI.ORDER_ITEMS (ORDER_ID, ITEM_ID, PRODUCT_ID, QUANTITY, UNIT_PRICE)
VALUES (43, 4, 105, 86, 2799.99);
INSERT INTO HENDI.ORDER_ITEMS (ORDER_ID, ITEM_ID, PRODUCT_ID, QUANTITY, UNIT_PRICE)
VALUES (44, 2, 215, 148, 829.89);
INSERT INTO HENDI.ORDER_ITEMS (ORDER_ID, ITEM_ID, PRODUCT_ID, QUANTITY, UNIT_PRICE)
VALUES (46, 4, 264, 104, 88.99);
INSERT INTO HENDI.ORDER_ITEMS (ORDER_ID, ITEM_ID, PRODUCT_ID, QUANTITY, UNIT_PRICE)
VALUES (57, 3, 238, 122, 741.78);
INSERT INTO HENDI.ORDER_ITEMS (ORDER_ID, ITEM_ID, PRODUCT_ID, QUANTITY, UNIT_PRICE)
VALUES (58, 4, 186, 70, 1449.98);
INSERT INTO HENDI.ORDER_ITEMS (ORDER_ID, ITEM_ID, PRODUCT_ID, QUANTITY, UNIT_PRICE)
VALUES (59, 4, 47, 138, 2377.09);
INSERT INTO HENDI.ORDER_ITEMS (ORDER_ID, ITEM_ID, PRODUCT_ID, QUANTITY, UNIT_PRICE)
VALUES (60, 4, 92, 125, 2200);
INSERT INTO HENDI.ORDER_ITEMS (ORDER_ID, ITEM_ID, PRODUCT_ID, QUANTITY, UNIT_PRICE)
VALUES (61, 4, 34, 71, 417.98);
INSERT INTO HENDI.ORDER_ITEMS (ORDER_ID, ITEM_ID, PRODUCT_ID, QUANTITY, UNIT_PRICE)
VALUES (67, 4, 109, 117, 713.99);
INSERT INTO HENDI.ORDER_ITEMS (ORDER_ID, ITEM_ID, PRODUCT_ID, QUANTITY, UNIT_PRICE)
VALUES (68, 4, 163, 125, 1899.99);
INSERT INTO HENDI.ORDER_ITEMS (ORDER_ID, ITEM_ID, PRODUCT_ID, QUANTITY, UNIT_PRICE)
VALUES (73, 2, 35, 130, 1314.99);
INSERT INTO HENDI.ORDER_ITEMS (ORDER_ID, ITEM_ID, PRODUCT_ID, QUANTITY, UNIT_PRICE)
VALUES (75, 4, 142, 115, 2998.89);
INSERT INTO HENDI.ORDER_ITEMS (ORDER_ID, ITEM_ID, PRODUCT_ID, QUANTITY, UNIT_PRICE)
VALUES (76, 4, 272, 56, 1073.99);
INSERT INTO HENDI.ORDER_ITEMS (ORDER_ID, ITEM_ID, PRODUCT_ID, QUANTITY, UNIT_PRICE)
VALUES (77, 4, 2, 99, 2554.99);
INSERT INTO HENDI.ORDER_ITEMS (ORDER_ID, ITEM_ID, PRODUCT_ID, QUANTITY, UNIT_PRICE)
VALUES (78, 4, 200, 87, 620.95);
INSERT INTO HENDI.ORDER_ITEMS (ORDER_ID, ITEM_ID, PRODUCT_ID, QUANTITY, UNIT_PRICE)
VALUES (79, 3, 204, 138, 686.99);
INSERT INTO HENDI.ORDER_ITEMS (ORDER_ID, ITEM_ID, PRODUCT_ID, QUANTITY, UNIT_PRICE)
VALUES (83, 4, 261, 106, 1504.99);
INSERT INTO HENDI.ORDER_ITEMS (ORDER_ID, ITEM_ID, PRODUCT_ID, QUANTITY, UNIT_PRICE)
VALUES (86, 4, 121, 76, 721.99);
INSERT INTO HENDI.ORDER_ITEMS (ORDER_ID, ITEM_ID, PRODUCT_ID, QUANTITY, UNIT_PRICE)
VALUES (89, 4, 253, 126, 579.99);
INSERT INTO HENDI.ORDER_ITEMS (ORDER_ID, ITEM_ID, PRODUCT_ID, QUANTITY, UNIT_PRICE)
VALUES (90, 3, 134, 106, 295.72);
INSERT INTO HENDI.ORDER_ITEMS (ORDER_ID, ITEM_ID, PRODUCT_ID, QUANTITY, UNIT_PRICE)
VALUES (91, 4, 194, 75, 397.42);
INSERT INTO HENDI.ORDER_ITEMS (ORDER_ID, ITEM_ID, PRODUCT_ID, QUANTITY, UNIT_PRICE)
VALUES (94, 3, 218, 86, 1388.89);
INSERT INTO HENDI.ORDER_ITEMS (ORDER_ID, ITEM_ID, PRODUCT_ID, QUANTITY, UNIT_PRICE)
VALUES (105, 4, 138, 80, 645.99);
INSERT INTO HENDI.ORDER_ITEMS (ORDER_ID, ITEM_ID, PRODUCT_ID, QUANTITY, UNIT_PRICE)
VALUES (1, 5, 138, 131, 645.99);
INSERT INTO HENDI.ORDER_ITEMS (ORDER_ID, ITEM_ID, PRODUCT_ID, QUANTITY, UNIT_PRICE)
VALUES (2, 2, 265, 121, 1431.99);
INSERT INTO HENDI.ORDER_ITEMS (ORDER_ID, ITEM_ID, PRODUCT_ID, QUANTITY, UNIT_PRICE)
VALUES (3, 3, 28, 63, 479.99);
INSERT INTO HENDI.ORDER_ITEMS (ORDER_ID, ITEM_ID, PRODUCT_ID, QUANTITY, UNIT_PRICE)
VALUES (5, 3, 216, 82, 863.98);
INSERT INTO HENDI.ORDER_ITEMS (ORDER_ID, ITEM_ID, PRODUCT_ID, QUANTITY, UNIT_PRICE)
VALUES (6, 2, 138, 41, 645.99);
INSERT INTO HENDI.ORDER_ITEMS (ORDER_ID, ITEM_ID, PRODUCT_ID, QUANTITY, UNIT_PRICE)
VALUES (8, 5, 284, 118, 54.99);
INSERT INTO HENDI.ORDER_ITEMS (ORDER_ID, ITEM_ID, PRODUCT_ID, QUANTITY, UNIT_PRICE)
VALUES (12, 5, 208, 133, 1199.99);
INSERT INTO HENDI.ORDER_ITEMS (ORDER_ID, ITEM_ID, PRODUCT_ID, QUANTITY, UNIT_PRICE)
VALUES (13, 3, 240, 80, 1805.97);
INSERT INTO HENDI.ORDER_ITEMS (ORDER_ID, ITEM_ID, PRODUCT_ID, QUANTITY, UNIT_PRICE)
VALUES (15, 4, 239, 71, 739.99);
INSERT INTO HENDI.ORDER_ITEMS (ORDER_ID, ITEM_ID, PRODUCT_ID, QUANTITY, UNIT_PRICE)
VALUES (19, 4, 259, 46, 80.72);
INSERT INTO HENDI.ORDER_ITEMS (ORDER_ID, ITEM_ID, PRODUCT_ID, QUANTITY, UNIT_PRICE)
VALUES (21, 3, 250, 120, 338.99);
INSERT INTO HENDI.ORDER_ITEMS (ORDER_ID, ITEM_ID, PRODUCT_ID, QUANTITY, UNIT_PRICE)
VALUES (22, 5, 160, 59, 1908.73);
INSERT INTO HENDI.ORDER_ITEMS (ORDER_ID, ITEM_ID, PRODUCT_ID, QUANTITY, UNIT_PRICE)
VALUES (23, 3, 210, 80, 1029.99);
INSERT INTO HENDI.ORDER_ITEMS (ORDER_ID, ITEM_ID, PRODUCT_ID, QUANTITY, UNIT_PRICE)
VALUES (24, 3, 47, 51, 2377.09);
INSERT INTO HENDI.ORDER_ITEMS (ORDER_ID, ITEM_ID, PRODUCT_ID, QUANTITY, UNIT_PRICE)
VALUES (25, 5, 235, 45, 41.99);
INSERT INTO HENDI.ORDER_ITEMS (ORDER_ID, ITEM_ID, PRODUCT_ID, QUANTITY, UNIT_PRICE)
VALUES (27, 5, 118, 122, 699.89);
INSERT INTO HENDI.ORDER_ITEMS (ORDER_ID, ITEM_ID, PRODUCT_ID, QUANTITY, UNIT_PRICE)
VALUES (28, 5, 27, 99, 800.74);
INSERT INTO HENDI.ORDER_ITEMS (ORDER_ID, ITEM_ID, PRODUCT_ID, QUANTITY, UNIT_PRICE)
VALUES (29, 5, 258, 137, 57.98);
INSERT INTO HENDI.ORDER_ITEMS (ORDER_ID, ITEM_ID, PRODUCT_ID, QUANTITY, UNIT_PRICE)
VALUES (30, 3, 260, 37, 267.99);
INSERT INTO HENDI.ORDER_ITEMS (ORDER_ID, ITEM_ID, PRODUCT_ID, QUANTITY, UNIT_PRICE)
VALUES (32, 2, 142, 130, 2998.89);
INSERT INTO HENDI.ORDER_ITEMS (ORDER_ID, ITEM_ID, PRODUCT_ID, QUANTITY, UNIT_PRICE)
VALUES (35, 3, 211, 87, 1064.99);
INSERT INTO HENDI.ORDER_ITEMS (ORDER_ID, ITEM_ID, PRODUCT_ID, QUANTITY, UNIT_PRICE)
VALUES (38, 5, 209, 149, 1199.99);
INSERT INTO HENDI.ORDER_ITEMS (ORDER_ID, ITEM_ID, PRODUCT_ID, QUANTITY, UNIT_PRICE)
VALUES (40, 5, 98, 149, 2064.99);
INSERT INTO HENDI.ORDER_ITEMS (ORDER_ID, ITEM_ID, PRODUCT_ID, QUANTITY, UNIT_PRICE)
VALUES (41, 5, 179, 83, 312.67);
INSERT INTO HENDI.ORDER_ITEMS (ORDER_ID, ITEM_ID, PRODUCT_ID, QUANTITY, UNIT_PRICE)
VALUES (46, 5, 181, 94, 999.99);
INSERT INTO HENDI.ORDER_ITEMS (ORDER_ID, ITEM_ID, PRODUCT_ID, QUANTITY, UNIT_PRICE)
VALUES (55, 3, 260, 79, 267.99);
INSERT INTO HENDI.ORDER_ITEMS (ORDER_ID, ITEM_ID, PRODUCT_ID, QUANTITY, UNIT_PRICE)
VALUES (57, 4, 164, 114, 1850);
INSERT INTO HENDI.ORDER_ITEMS (ORDER_ID, ITEM_ID, PRODUCT_ID, QUANTITY, UNIT_PRICE)
VALUES (58, 5, 62, 143, 789.79);
INSERT INTO HENDI.ORDER_ITEMS (ORDER_ID, ITEM_ID, PRODUCT_ID, QUANTITY, UNIT_PRICE)
VALUES (59, 5, 203, 117, 671.38);
INSERT INTO HENDI.ORDER_ITEMS (ORDER_ID, ITEM_ID, PRODUCT_ID, QUANTITY, UNIT_PRICE)
VALUES (60, 5, 278, 114, 677.99);
INSERT INTO HENDI.ORDER_ITEMS (ORDER_ID, ITEM_ID, PRODUCT_ID, QUANTITY, UNIT_PRICE)
VALUES (67, 5, 80, 129, 564.89);
INSERT INTO HENDI.ORDER_ITEMS (ORDER_ID, ITEM_ID, PRODUCT_ID, QUANTITY, UNIT_PRICE)
VALUES (68, 5, 108, 150, 849.99);
INSERT INTO HENDI.ORDER_ITEMS (ORDER_ID, ITEM_ID, PRODUCT_ID, QUANTITY, UNIT_PRICE)
VALUES (69, 4, 82, 58, 1499.89);
INSERT INTO HENDI.ORDER_ITEMS (ORDER_ID, ITEM_ID, PRODUCT_ID, QUANTITY, UNIT_PRICE)
VALUES (74, 3, 242, 61, 1751.99);
INSERT INTO HENDI.ORDER_ITEMS (ORDER_ID, ITEM_ID, PRODUCT_ID, QUANTITY, UNIT_PRICE)
VALUES (75, 5, 192, 37, 519.99);
INSERT INTO HENDI.ORDER_ITEMS (ORDER_ID, ITEM_ID, PRODUCT_ID, QUANTITY, UNIT_PRICE)
VALUES (76, 5, 89, 133, 749.99);
INSERT INTO HENDI.ORDER_ITEMS (ORDER_ID, ITEM_ID, PRODUCT_ID, QUANTITY, UNIT_PRICE)
VALUES (78, 5, 181, 37, 999.99);
INSERT INTO HENDI.ORDER_ITEMS (ORDER_ID, ITEM_ID, PRODUCT_ID, QUANTITY, UNIT_PRICE)
VALUES (82, 3, 254, 121, 119.99);
INSERT INTO HENDI.ORDER_ITEMS (ORDER_ID, ITEM_ID, PRODUCT_ID, QUANTITY, UNIT_PRICE)
VALUES (89, 5, 44, 55, 49.37);
INSERT INTO HENDI.ORDER_ITEMS (ORDER_ID, ITEM_ID, PRODUCT_ID, QUANTITY, UNIT_PRICE)
VALUES (91, 5, 272, 111, 1073.99);
INSERT INTO HENDI.ORDER_ITEMS (ORDER_ID, ITEM_ID, PRODUCT_ID, QUANTITY, UNIT_PRICE)
VALUES (94, 4, 80, 133, 564.89);
INSERT INTO HENDI.ORDER_ITEMS (ORDER_ID, ITEM_ID, PRODUCT_ID, QUANTITY, UNIT_PRICE)
VALUES (1, 6, 126, 95, 640.99);
INSERT INTO HENDI.ORDER_ITEMS (ORDER_ID, ITEM_ID, PRODUCT_ID, QUANTITY, UNIT_PRICE)
VALUES (2, 3, 195, 39, 1055.99);
INSERT INTO HENDI.ORDER_ITEMS (ORDER_ID, ITEM_ID, PRODUCT_ID, QUANTITY, UNIT_PRICE)
VALUES (3, 4, 64, 46, 525.99);
INSERT INTO HENDI.ORDER_ITEMS (ORDER_ID, ITEM_ID, PRODUCT_ID, QUANTITY, UNIT_PRICE)
VALUES (5, 4, 31, 77, 443.72);
INSERT INTO HENDI.ORDER_ITEMS (ORDER_ID, ITEM_ID, PRODUCT_ID, QUANTITY, UNIT_PRICE)
VALUES (12, 6, 236, 114, 745.32);
INSERT INTO HENDI.ORDER_ITEMS (ORDER_ID, ITEM_ID, PRODUCT_ID, QUANTITY, UNIT_PRICE)
VALUES (13, 4, 30, 60, 645.2);
INSERT INTO HENDI.ORDER_ITEMS (ORDER_ID, ITEM_ID, PRODUCT_ID, QUANTITY, UNIT_PRICE)
VALUES (14, 3, 231, 87, 449.99);
INSERT INTO HENDI.ORDER_ITEMS (ORDER_ID, ITEM_ID, PRODUCT_ID, QUANTITY, UNIT_PRICE)
VALUES (15, 5, 230, 92, 136.69);
INSERT INTO HENDI.ORDER_ITEMS (ORDER_ID, ITEM_ID, PRODUCT_ID, QUANTITY, UNIT_PRICE)
VALUES (18, 3, 93, 83, 2116.72);
INSERT INTO HENDI.ORDER_ITEMS (ORDER_ID, ITEM_ID, PRODUCT_ID, QUANTITY, UNIT_PRICE)
VALUES (19, 5, 107, 106, 644);
INSERT INTO HENDI.ORDER_ITEMS (ORDER_ID, ITEM_ID, PRODUCT_ID, QUANTITY, UNIT_PRICE)
VALUES (22, 6, 56, 43, 16.99);
INSERT INTO HENDI.ORDER_ITEMS (ORDER_ID, ITEM_ID, PRODUCT_ID, QUANTITY, UNIT_PRICE)
VALUES (23, 4, 116, 74, 731.99);
INSERT INTO HENDI.ORDER_ITEMS (ORDER_ID, ITEM_ID, PRODUCT_ID, QUANTITY, UNIT_PRICE)
VALUES (25, 6, 28, 85, 479.99);
INSERT INTO HENDI.ORDER_ITEMS (ORDER_ID, ITEM_ID, PRODUCT_ID, QUANTITY, UNIT_PRICE)
VALUES (27, 6, 29, 133, 645.99);
INSERT INTO HENDI.ORDER_ITEMS (ORDER_ID, ITEM_ID, PRODUCT_ID, QUANTITY, UNIT_PRICE)
VALUES (29, 6, 30, 75, 645.2);
INSERT INTO HENDI.ORDER_ITEMS (ORDER_ID, ITEM_ID, PRODUCT_ID, QUANTITY, UNIT_PRICE)
VALUES (30, 4, 237, 50, 744.98);
INSERT INTO HENDI.ORDER_ITEMS (ORDER_ID, ITEM_ID, PRODUCT_ID, QUANTITY, UNIT_PRICE)
VALUES (31, 3, 191, 147, 573.99);
INSERT INTO HENDI.ORDER_ITEMS (ORDER_ID, ITEM_ID, PRODUCT_ID, QUANTITY, UNIT_PRICE)
VALUES (38, 6, 278, 76, 677.99);
INSERT INTO HENDI.ORDER_ITEMS (ORDER_ID, ITEM_ID, PRODUCT_ID, QUANTITY, UNIT_PRICE)
VALUES (39, 4, 53, 128, 1003.98);
INSERT INTO HENDI.ORDER_ITEMS (ORDER_ID, ITEM_ID, PRODUCT_ID, QUANTITY, UNIT_PRICE)
VALUES (40, 6, 273, 82, 443.64);
INSERT INTO HENDI.ORDER_ITEMS (ORDER_ID, ITEM_ID, PRODUCT_ID, QUANTITY, UNIT_PRICE)
VALUES (41, 6, 287, 112, 329.99);
INSERT INTO HENDI.ORDER_ITEMS (ORDER_ID, ITEM_ID, PRODUCT_ID, QUANTITY, UNIT_PRICE)
VALUES (46, 6, 60, 80, 59.99);
INSERT INTO HENDI.ORDER_ITEMS (ORDER_ID, ITEM_ID, PRODUCT_ID, QUANTITY, UNIT_PRICE)
VALUES (47, 4, 33, 98, 52.65);
INSERT INTO HENDI.ORDER_ITEMS (ORDER_ID, ITEM_ID, PRODUCT_ID, QUANTITY, UNIT_PRICE)
VALUES (58, 6, 213, 77, 1469.96);
INSERT INTO HENDI.ORDER_ITEMS (ORDER_ID, ITEM_ID, PRODUCT_ID, QUANTITY, UNIT_PRICE)
VALUES (59, 6, 154, 126, 1204.98);
INSERT INTO HENDI.ORDER_ITEMS (ORDER_ID, ITEM_ID, PRODUCT_ID, QUANTITY, UNIT_PRICE)
VALUES (65, 4, 248, 42, 2774.98);
INSERT INTO HENDI.ORDER_ITEMS (ORDER_ID, ITEM_ID, PRODUCT_ID, QUANTITY, UNIT_PRICE)
VALUES (66, 4, 103, 88, 809.99);
INSERT INTO HENDI.ORDER_ITEMS (ORDER_ID, ITEM_ID, PRODUCT_ID, QUANTITY, UNIT_PRICE)
VALUES (68, 6, 13, 141, 704.99);
INSERT INTO HENDI.ORDER_ITEMS (ORDER_ID, ITEM_ID, PRODUCT_ID, QUANTITY, UNIT_PRICE)
VALUES (69, 5, 278, 71, 677.99);
INSERT INTO HENDI.ORDER_ITEMS (ORDER_ID, ITEM_ID, PRODUCT_ID, QUANTITY, UNIT_PRICE)
VALUES (70, 3, 102, 84, 2042.69);
INSERT INTO HENDI.ORDER_ITEMS (ORDER_ID, ITEM_ID, PRODUCT_ID, QUANTITY, UNIT_PRICE)
VALUES (74, 4, 106, 82, 608.95);
INSERT INTO HENDI.ORDER_ITEMS (ORDER_ID, ITEM_ID, PRODUCT_ID, QUANTITY, UNIT_PRICE)
VALUES (75, 6, 95, 81, 109.99);
INSERT INTO HENDI.ORDER_ITEMS (ORDER_ID, ITEM_ID, PRODUCT_ID, QUANTITY, UNIT_PRICE)
VALUES (76, 6, 167, 46, 1010.46);
INSERT INTO HENDI.ORDER_ITEMS (ORDER_ID, ITEM_ID, PRODUCT_ID, QUANTITY, UNIT_PRICE)
VALUES (78, 6, 206, 145, 4139);
INSERT INTO HENDI.ORDER_ITEMS (ORDER_ID, ITEM_ID, PRODUCT_ID, QUANTITY, UNIT_PRICE)
VALUES (81, 2, 241, 134, 1756);
INSERT INTO HENDI.ORDER_ITEMS (ORDER_ID, ITEM_ID, PRODUCT_ID, QUANTITY, UNIT_PRICE)
VALUES (82, 4, 157, 113, 388.99);
INSERT INTO HENDI.ORDER_ITEMS (ORDER_ID, ITEM_ID, PRODUCT_ID, QUANTITY, UNIT_PRICE)
VALUES (87, 4, 127, 59, 719.99);
INSERT INTO HENDI.ORDER_ITEMS (ORDER_ID, ITEM_ID, PRODUCT_ID, QUANTITY, UNIT_PRICE)
VALUES (89, 6, 122, 140, 722.99);
INSERT INTO HENDI.ORDER_ITEMS (ORDER_ID, ITEM_ID, PRODUCT_ID, QUANTITY, UNIT_PRICE)
VALUES (91, 6, 123, 37, 3177.44);
INSERT INTO HENDI.ORDER_ITEMS (ORDER_ID, ITEM_ID, PRODUCT_ID, QUANTITY, UNIT_PRICE)
VALUES (92, 3, 65, 132, 1199.99);
INSERT INTO HENDI.ORDER_ITEMS (ORDER_ID, ITEM_ID, PRODUCT_ID, QUANTITY, UNIT_PRICE)
VALUES (95, 3, 271, 69, 549.59);
INSERT INTO HENDI.ORDER_ITEMS (ORDER_ID, ITEM_ID, PRODUCT_ID, QUANTITY, UNIT_PRICE)
VALUES (99, 2, 118, 37, 699.89);
INSERT INTO HENDI.ORDER_ITEMS (ORDER_ID, ITEM_ID, PRODUCT_ID, QUANTITY, UNIT_PRICE)
VALUES (1, 7, 30, 41, 645.2);
INSERT INTO HENDI.ORDER_ITEMS (ORDER_ID, ITEM_ID, PRODUCT_ID, QUANTITY, UNIT_PRICE)
VALUES (2, 4, 18, 49, 799);
INSERT INTO HENDI.ORDER_ITEMS (ORDER_ID, ITEM_ID, PRODUCT_ID, QUANTITY, UNIT_PRICE)
VALUES (3, 5, 107, 112, 644);
INSERT INTO HENDI.ORDER_ITEMS (ORDER_ID, ITEM_ID, PRODUCT_ID, QUANTITY, UNIT_PRICE)
VALUES (4, 2, 137, 75, 469.99);
INSERT INTO HENDI.ORDER_ITEMS (ORDER_ID, ITEM_ID, PRODUCT_ID, QUANTITY, UNIT_PRICE)
VALUES (5, 5, 31, 78, 443.72);
INSERT INTO HENDI.ORDER_ITEMS (ORDER_ID, ITEM_ID, PRODUCT_ID, QUANTITY, UNIT_PRICE)
VALUES (9, 5, 145, 58, 287);
INSERT INTO HENDI.ORDER_ITEMS (ORDER_ID, ITEM_ID, PRODUCT_ID, QUANTITY, UNIT_PRICE)
VALUES (10, 3, 182, 83, 949.89);
INSERT INTO HENDI.ORDER_ITEMS (ORDER_ID, ITEM_ID, PRODUCT_ID, QUANTITY, UNIT_PRICE)
VALUES (12, 7, 141, 110, 419.99);
INSERT INTO HENDI.ORDER_ITEMS (ORDER_ID, ITEM_ID, PRODUCT_ID, QUANTITY, UNIT_PRICE)
VALUES (13, 5, 167, 89, 1010.46);
INSERT INTO HENDI.ORDER_ITEMS (ORDER_ID, ITEM_ID, PRODUCT_ID, QUANTITY, UNIT_PRICE)
VALUES (15, 6, 253, 83, 579.99);
INSERT INTO HENDI.ORDER_ITEMS (ORDER_ID, ITEM_ID, PRODUCT_ID, QUANTITY, UNIT_PRICE)
VALUES (19, 6, 103, 105, 809.99);
INSERT INTO HENDI.ORDER_ITEMS (ORDER_ID, ITEM_ID, PRODUCT_ID, QUANTITY, UNIT_PRICE)
VALUES (22, 7, 17, 60, 699.01);
INSERT INTO HENDI.ORDER_ITEMS (ORDER_ID, ITEM_ID, PRODUCT_ID, QUANTITY, UNIT_PRICE)
VALUES (23, 5, 5, 59, 2290.79);
INSERT INTO HENDI.ORDER_ITEMS (ORDER_ID, ITEM_ID, PRODUCT_ID, QUANTITY, UNIT_PRICE)
VALUES (26, 3, 279, 71, 1318.99);
INSERT INTO HENDI.ORDER_ITEMS (ORDER_ID, ITEM_ID, PRODUCT_ID, QUANTITY, UNIT_PRICE)
VALUES (27, 7, 155, 51, 588.95);
INSERT INTO HENDI.ORDER_ITEMS (ORDER_ID, ITEM_ID, PRODUCT_ID, QUANTITY, UNIT_PRICE)
VALUES (29, 7, 166, 103, 1638.89);
INSERT INTO HENDI.ORDER_ITEMS (ORDER_ID, ITEM_ID, PRODUCT_ID, QUANTITY, UNIT_PRICE)
VALUES (30, 5, 43, 68, 298.98);
INSERT INTO HENDI.ORDER_ITEMS (ORDER_ID, ITEM_ID, PRODUCT_ID, QUANTITY, UNIT_PRICE)
VALUES (31, 4, 226, 34, 309.85);
INSERT INTO HENDI.ORDER_ITEMS (ORDER_ID, ITEM_ID, PRODUCT_ID, QUANTITY, UNIT_PRICE)
VALUES (34, 2, 131, 113, 279.99);
INSERT INTO HENDI.ORDER_ITEMS (ORDER_ID, ITEM_ID, PRODUCT_ID, QUANTITY, UNIT_PRICE)
VALUES (38, 7, 49, 139, 1499.99);
INSERT INTO HENDI.ORDER_ITEMS (ORDER_ID, ITEM_ID, PRODUCT_ID, QUANTITY, UNIT_PRICE)
VALUES (39, 5, 38, 144, 1199.99);
INSERT INTO HENDI.ORDER_ITEMS (ORDER_ID, ITEM_ID, PRODUCT_ID, QUANTITY, UNIT_PRICE)
VALUES (40, 7, 258, 99, 57.98);
INSERT INTO HENDI.ORDER_ITEMS (ORDER_ID, ITEM_ID, PRODUCT_ID, QUANTITY, UNIT_PRICE)
VALUES (41, 7, 25, 101, 104.88);
INSERT INTO HENDI.ORDER_ITEMS (ORDER_ID, ITEM_ID, PRODUCT_ID, QUANTITY, UNIT_PRICE)
VALUES (42, 2, 10, 147, 811.99);
INSERT INTO HENDI.ORDER_ITEMS (ORDER_ID, ITEM_ID, PRODUCT_ID, QUANTITY, UNIT_PRICE)
VALUES (44, 3, 271, 37, 549.59);
INSERT INTO HENDI.ORDER_ITEMS (ORDER_ID, ITEM_ID, PRODUCT_ID, QUANTITY, UNIT_PRICE)
VALUES (46, 7, 155, 114, 588.95);
INSERT INTO HENDI.ORDER_ITEMS (ORDER_ID, ITEM_ID, PRODUCT_ID, QUANTITY, UNIT_PRICE)
VALUES (47, 5, 149, 123, 282.98);
INSERT INTO HENDI.ORDER_ITEMS (ORDER_ID, ITEM_ID, PRODUCT_ID, QUANTITY, UNIT_PRICE)
VALUES (59, 7, 152, 82, 280.98);
INSERT INTO HENDI.ORDER_ITEMS (ORDER_ID, ITEM_ID, PRODUCT_ID, QUANTITY, UNIT_PRICE)
VALUES (61, 5, 15, 32, 725.99);
INSERT INTO HENDI.ORDER_ITEMS (ORDER_ID, ITEM_ID, PRODUCT_ID, QUANTITY, UNIT_PRICE)
VALUES (66, 5, 174, 66, 798.26);
INSERT INTO HENDI.ORDER_ITEMS (ORDER_ID, ITEM_ID, PRODUCT_ID, QUANTITY, UNIT_PRICE)
VALUES (67, 6, 108, 82, 849.99);
INSERT INTO HENDI.ORDER_ITEMS (ORDER_ID, ITEM_ID, PRODUCT_ID, QUANTITY, UNIT_PRICE)
VALUES (70, 4, 82, 139, 1499.89);
INSERT INTO HENDI.ORDER_ITEMS (ORDER_ID, ITEM_ID, PRODUCT_ID, QUANTITY, UNIT_PRICE)
VALUES (74, 5, 3, 101, 799.99);
INSERT INTO HENDI.ORDER_ITEMS (ORDER_ID, ITEM_ID, PRODUCT_ID, QUANTITY, UNIT_PRICE)
VALUES (75, 7, 106, 74, 608.95);
INSERT INTO HENDI.ORDER_ITEMS (ORDER_ID, ITEM_ID, PRODUCT_ID, QUANTITY, UNIT_PRICE)
VALUES (76, 7, 196, 125, 1099.99);
INSERT INTO HENDI.ORDER_ITEMS (ORDER_ID, ITEM_ID, PRODUCT_ID, QUANTITY, UNIT_PRICE)
VALUES (79, 4, 63, 146, 572.96);
INSERT INTO HENDI.ORDER_ITEMS (ORDER_ID, ITEM_ID, PRODUCT_ID, QUANTITY, UNIT_PRICE)
VALUES (81, 3, 69, 104, 678.75);
INSERT INTO HENDI.ORDER_ITEMS (ORDER_ID, ITEM_ID, PRODUCT_ID, QUANTITY, UNIT_PRICE)
VALUES (82, 5, 48, 59, 1218.5);
INSERT INTO HENDI.ORDER_ITEMS (ORDER_ID, ITEM_ID, PRODUCT_ID, QUANTITY, UNIT_PRICE)
VALUES (83, 5, 101, 122, 635.99);
INSERT INTO HENDI.ORDER_ITEMS (ORDER_ID, ITEM_ID, PRODUCT_ID, QUANTITY, UNIT_PRICE)
VALUES (84, 3, 269, 147, 759.99);
INSERT INTO HENDI.ORDER_ITEMS (ORDER_ID, ITEM_ID, PRODUCT_ID, QUANTITY, UNIT_PRICE)
VALUES (87, 5, 265, 74, 1431.99);
INSERT INTO HENDI.ORDER_ITEMS (ORDER_ID, ITEM_ID, PRODUCT_ID, QUANTITY, UNIT_PRICE)
VALUES (90, 4, 93, 146, 2116.72);
INSERT INTO HENDI.ORDER_ITEMS (ORDER_ID, ITEM_ID, PRODUCT_ID, QUANTITY, UNIT_PRICE)
VALUES (91, 7, 118, 113, 699.89);
INSERT INTO HENDI.ORDER_ITEMS (ORDER_ID, ITEM_ID, PRODUCT_ID, QUANTITY, UNIT_PRICE)
VALUES (92, 4, 110, 111, 3192.97);
INSERT INTO HENDI.ORDER_ITEMS (ORDER_ID, ITEM_ID, PRODUCT_ID, QUANTITY, UNIT_PRICE)
VALUES (95, 4, 86, 123, 804.98);
INSERT INTO HENDI.ORDER_ITEMS (ORDER_ID, ITEM_ID, PRODUCT_ID, QUANTITY, UNIT_PRICE)
VALUES (97, 4, 33, 67, 52.65);
INSERT INTO HENDI.ORDER_ITEMS (ORDER_ID, ITEM_ID, PRODUCT_ID, QUANTITY, UNIT_PRICE)
VALUES (99, 3, 84, 98, 440.3);
INSERT INTO HENDI.ORDER_ITEMS (ORDER_ID, ITEM_ID, PRODUCT_ID, QUANTITY, UNIT_PRICE)
VALUES (101, 4, 284, 52, 54.99);
INSERT INTO HENDI.ORDER_ITEMS (ORDER_ID, ITEM_ID, PRODUCT_ID, QUANTITY, UNIT_PRICE)
VALUES (102, 2, 95, 117, 109.99);
INSERT INTO HENDI.ORDER_ITEMS (ORDER_ID, ITEM_ID, PRODUCT_ID, QUANTITY, UNIT_PRICE)
VALUES (103, 2, 258, 142, 57.98);
INSERT INTO HENDI.ORDER_ITEMS (ORDER_ID, ITEM_ID, PRODUCT_ID, QUANTITY, UNIT_PRICE)
VALUES (1, 8, 170, 129, 383.98);
INSERT INTO HENDI.ORDER_ITEMS (ORDER_ID, ITEM_ID, PRODUCT_ID, QUANTITY, UNIT_PRICE)
VALUES (2, 5, 160, 30, 1908.73);
INSERT INTO HENDI.ORDER_ITEMS (ORDER_ID, ITEM_ID, PRODUCT_ID, QUANTITY, UNIT_PRICE)
VALUES (3, 6, 36, 81, 1299.99);
INSERT INTO HENDI.ORDER_ITEMS (ORDER_ID, ITEM_ID, PRODUCT_ID, QUANTITY, UNIT_PRICE)
VALUES (4, 3, 7, 140, 680.99);
INSERT INTO HENDI.ORDER_ITEMS (ORDER_ID, ITEM_ID, PRODUCT_ID, QUANTITY, UNIT_PRICE)
VALUES (8, 6, 127, 34, 719.99);
INSERT INTO HENDI.ORDER_ITEMS (ORDER_ID, ITEM_ID, PRODUCT_ID, QUANTITY, UNIT_PRICE)
VALUES (9, 6, 14, 48, 704.99);
INSERT INTO HENDI.ORDER_ITEMS (ORDER_ID, ITEM_ID, PRODUCT_ID, QUANTITY, UNIT_PRICE)
VALUES (10, 4, 172, 133, 358.49);
INSERT INTO HENDI.ORDER_ITEMS (ORDER_ID, ITEM_ID, PRODUCT_ID, QUANTITY, UNIT_PRICE)
VALUES (12, 8, 256, 85, 26.99);
INSERT INTO HENDI.ORDER_ITEMS (ORDER_ID, ITEM_ID, PRODUCT_ID, QUANTITY, UNIT_PRICE)
VALUES (13, 6, 1, 127, 640.99);
INSERT INTO HENDI.ORDER_ITEMS (ORDER_ID, ITEM_ID, PRODUCT_ID, QUANTITY, UNIT_PRICE)
VALUES (16, 5, 45, 80, 2501.69);
INSERT INTO HENDI.ORDER_ITEMS (ORDER_ID, ITEM_ID, PRODUCT_ID, QUANTITY, UNIT_PRICE)
VALUES (19, 7, 30, 94, 645.2);
INSERT INTO HENDI.ORDER_ITEMS (ORDER_ID, ITEM_ID, PRODUCT_ID, QUANTITY, UNIT_PRICE)
VALUES (21, 4, 1, 135, 640.99);
INSERT INTO HENDI.ORDER_ITEMS (ORDER_ID, ITEM_ID, PRODUCT_ID, QUANTITY, UNIT_PRICE)
VALUES (22, 8, 222, 99, 754.98);
INSERT INTO HENDI.ORDER_ITEMS (ORDER_ID, ITEM_ID, PRODUCT_ID, QUANTITY, UNIT_PRICE)
VALUES (23, 6, 169, 40, 1844.89);
INSERT INTO HENDI.ORDER_ITEMS (ORDER_ID, ITEM_ID, PRODUCT_ID, QUANTITY, UNIT_PRICE)
VALUES (27, 8, 71, 127, 660);
INSERT INTO HENDI.ORDER_ITEMS (ORDER_ID, ITEM_ID, PRODUCT_ID, QUANTITY, UNIT_PRICE)
VALUES (29, 8, 10, 81, 811.99);
INSERT INTO HENDI.ORDER_ITEMS (ORDER_ID, ITEM_ID, PRODUCT_ID, QUANTITY, UNIT_PRICE)
VALUES (31, 5, 79, 56, 659.99);
INSERT INTO HENDI.ORDER_ITEMS (ORDER_ID, ITEM_ID, PRODUCT_ID, QUANTITY, UNIT_PRICE)
VALUES (32, 3, 73, 134, 799);
INSERT INTO HENDI.ORDER_ITEMS (ORDER_ID, ITEM_ID, PRODUCT_ID, QUANTITY, UNIT_PRICE)
VALUES (34, 3, 39, 100, 301.99);
INSERT INTO HENDI.ORDER_ITEMS (ORDER_ID, ITEM_ID, PRODUCT_ID, QUANTITY, UNIT_PRICE)
VALUES (36, 5, 255, 143, 90.99);
INSERT INTO HENDI.ORDER_ITEMS (ORDER_ID, ITEM_ID, PRODUCT_ID, QUANTITY, UNIT_PRICE)
VALUES (37, 3, 147, 100, 283.98);
INSERT INTO HENDI.ORDER_ITEMS (ORDER_ID, ITEM_ID, PRODUCT_ID, QUANTITY, UNIT_PRICE)
VALUES (39, 6, 20, 112, 719.99);
INSERT INTO HENDI.ORDER_ITEMS (ORDER_ID, ITEM_ID, PRODUCT_ID, QUANTITY, UNIT_PRICE)
VALUES (40, 8, 31, 30, 443.72);
INSERT INTO HENDI.ORDER_ITEMS (ORDER_ID, ITEM_ID, PRODUCT_ID, QUANTITY, UNIT_PRICE)
VALUES (42, 3, 249, 76, 2660.72);
INSERT INTO HENDI.ORDER_ITEMS (ORDER_ID, ITEM_ID, PRODUCT_ID, QUANTITY, UNIT_PRICE)
VALUES (44, 4, 158, 100, 2009.46);
INSERT INTO HENDI.ORDER_ITEMS (ORDER_ID, ITEM_ID, PRODUCT_ID, QUANTITY, UNIT_PRICE)
VALUES (46, 8, 123, 116, 3177.44);
INSERT INTO HENDI.ORDER_ITEMS (ORDER_ID, ITEM_ID, PRODUCT_ID, QUANTITY, UNIT_PRICE)
VALUES (54, 2, 4, 136, 2699.99);
INSERT INTO HENDI.ORDER_ITEMS (ORDER_ID, ITEM_ID, PRODUCT_ID, QUANTITY, UNIT_PRICE)
VALUES (58, 7, 108, 49, 849.99);
INSERT INTO HENDI.ORDER_ITEMS (ORDER_ID, ITEM_ID, PRODUCT_ID, QUANTITY, UNIT_PRICE)
VALUES (61, 6, 5, 50, 2290.79);
INSERT INTO HENDI.ORDER_ITEMS (ORDER_ID, ITEM_ID, PRODUCT_ID, QUANTITY, UNIT_PRICE)
VALUES (67, 7, 78, 124, 686.99);
INSERT INTO HENDI.ORDER_ITEMS (ORDER_ID, ITEM_ID, PRODUCT_ID, QUANTITY, UNIT_PRICE)
VALUES (70, 5, 124, 106, 594.99);
INSERT INTO HENDI.ORDER_ITEMS (ORDER_ID, ITEM_ID, PRODUCT_ID, QUANTITY, UNIT_PRICE)
VALUES (73, 3, 31, 102, 443.72);
INSERT INTO HENDI.ORDER_ITEMS (ORDER_ID, ITEM_ID, PRODUCT_ID, QUANTITY, UNIT_PRICE)
VALUES (75, 8, 24, 82, 66.89);
INSERT INTO HENDI.ORDER_ITEMS (ORDER_ID, ITEM_ID, PRODUCT_ID, QUANTITY, UNIT_PRICE)
VALUES (81, 4, 49, 83, 1499.99);
INSERT INTO HENDI.ORDER_ITEMS (ORDER_ID, ITEM_ID, PRODUCT_ID, QUANTITY, UNIT_PRICE)
VALUES (82, 6, 180, 56, 279.99);
INSERT INTO HENDI.ORDER_ITEMS (ORDER_ID, ITEM_ID, PRODUCT_ID, QUANTITY, UNIT_PRICE)
VALUES (83, 6, 233, 86, 59.99);
INSERT INTO HENDI.ORDER_ITEMS (ORDER_ID, ITEM_ID, PRODUCT_ID, QUANTITY, UNIT_PRICE)
VALUES (84, 4, 95, 36, 109.99);
INSERT INTO HENDI.ORDER_ITEMS (ORDER_ID, ITEM_ID, PRODUCT_ID, QUANTITY, UNIT_PRICE)
VALUES (87, 6, 174, 84, 798.26);
INSERT INTO HENDI.ORDER_ITEMS (ORDER_ID, ITEM_ID, PRODUCT_ID, QUANTITY, UNIT_PRICE)
VALUES (90, 5, 73, 129, 799);
INSERT INTO HENDI.ORDER_ITEMS (ORDER_ID, ITEM_ID, PRODUCT_ID, QUANTITY, UNIT_PRICE)
VALUES (91, 8, 196, 102, 1099.99);
INSERT INTO HENDI.ORDER_ITEMS (ORDER_ID, ITEM_ID, PRODUCT_ID, QUANTITY, UNIT_PRICE)
VALUES (95, 5, 107, 76, 644);
INSERT INTO HENDI.ORDER_ITEMS (ORDER_ID, ITEM_ID, PRODUCT_ID, QUANTITY, UNIT_PRICE)
VALUES (97, 5, 99, 48, 68.06);
INSERT INTO HENDI.ORDER_ITEMS (ORDER_ID, ITEM_ID, PRODUCT_ID, QUANTITY, UNIT_PRICE)
VALUES (98, 2, 48, 44, 1218.5);
INSERT INTO HENDI.ORDER_ITEMS (ORDER_ID, ITEM_ID, PRODUCT_ID, QUANTITY, UNIT_PRICE)
VALUES (99, 4, 36, 71, 1299.99);
INSERT INTO HENDI.ORDER_ITEMS (ORDER_ID, ITEM_ID, PRODUCT_ID, QUANTITY, UNIT_PRICE)
VALUES (101, 5, 150, 36, 281.98);
INSERT INTO HENDI.ORDER_ITEMS (ORDER_ID, ITEM_ID, PRODUCT_ID, QUANTITY, UNIT_PRICE)
VALUES (104, 4, 48, 51, 1218.5);
INSERT INTO HENDI.ORDER_ITEMS (ORDER_ID, ITEM_ID, PRODUCT_ID, QUANTITY, UNIT_PRICE)
VALUES (105, 5, 103, 77, 809.99);
INSERT INTO HENDI.ORDER_ITEMS (ORDER_ID, ITEM_ID, PRODUCT_ID, QUANTITY, UNIT_PRICE)
VALUES (1, 9, 196, 139, 1099.99);
INSERT INTO HENDI.ORDER_ITEMS (ORDER_ID, ITEM_ID, PRODUCT_ID, QUANTITY, UNIT_PRICE)
VALUES (2, 6, 182, 95, 949.89);
INSERT INTO HENDI.ORDER_ITEMS (ORDER_ID, ITEM_ID, PRODUCT_ID, QUANTITY, UNIT_PRICE)
VALUES (3, 7, 125, 73, 768.99);
INSERT INTO HENDI.ORDER_ITEMS (ORDER_ID, ITEM_ID, PRODUCT_ID, QUANTITY, UNIT_PRICE)
VALUES (4, 4, 287, 60, 329.99);
INSERT INTO HENDI.ORDER_ITEMS (ORDER_ID, ITEM_ID, PRODUCT_ID, QUANTITY, UNIT_PRICE)
VALUES (7, 2, 230, 49, 136.69);
INSERT INTO HENDI.ORDER_ITEMS (ORDER_ID, ITEM_ID, PRODUCT_ID, QUANTITY, UNIT_PRICE)
VALUES (8, 7, 16, 135, 889.89);
INSERT INTO HENDI.ORDER_ITEMS (ORDER_ID, ITEM_ID, PRODUCT_ID, QUANTITY, UNIT_PRICE)
VALUES (9, 7, 124, 117, 594.99);
INSERT INTO HENDI.ORDER_ITEMS (ORDER_ID, ITEM_ID, PRODUCT_ID, QUANTITY, UNIT_PRICE)
VALUES (10, 5, 218, 68, 1388.89);
INSERT INTO HENDI.ORDER_ITEMS (ORDER_ID, ITEM_ID, PRODUCT_ID, QUANTITY, UNIT_PRICE)
VALUES (11, 2, 40, 79, 299.89);
INSERT INTO HENDI.ORDER_ITEMS (ORDER_ID, ITEM_ID, PRODUCT_ID, QUANTITY, UNIT_PRICE)
VALUES (12, 9, 282, 117, 804.99);
INSERT INTO HENDI.ORDER_ITEMS (ORDER_ID, ITEM_ID, PRODUCT_ID, QUANTITY, UNIT_PRICE)
VALUES (13, 7, 39, 67, 301.99);
INSERT INTO HENDI.ORDER_ITEMS (ORDER_ID, ITEM_ID, PRODUCT_ID, QUANTITY, UNIT_PRICE)
VALUES (14, 4, 114, 40, 820.61);
INSERT INTO HENDI.ORDER_ITEMS (ORDER_ID, ITEM_ID, PRODUCT_ID, QUANTITY, UNIT_PRICE)
VALUES (16, 6, 131, 53, 279.99);
INSERT INTO HENDI.ORDER_ITEMS (ORDER_ID, ITEM_ID, PRODUCT_ID, QUANTITY, UNIT_PRICE)
VALUES (18, 4, 91, 141, 2259.99);
INSERT INTO HENDI.ORDER_ITEMS (ORDER_ID, ITEM_ID, PRODUCT_ID, QUANTITY, UNIT_PRICE)
VALUES (22, 9, 8, 89, 601.99);
INSERT INTO HENDI.ORDER_ITEMS (ORDER_ID, ITEM_ID, PRODUCT_ID, QUANTITY, UNIT_PRICE)
VALUES (23, 7, 286, 36, 234);
INSERT INTO HENDI.ORDER_ITEMS (ORDER_ID, ITEM_ID, PRODUCT_ID, QUANTITY, UNIT_PRICE)
VALUES (24, 4, 24, 59, 66.89);
INSERT INTO HENDI.ORDER_ITEMS (ORDER_ID, ITEM_ID, PRODUCT_ID, QUANTITY, UNIT_PRICE)
VALUES (27, 9, 93, 132, 2116.72);
INSERT INTO HENDI.ORDER_ITEMS (ORDER_ID, ITEM_ID, PRODUCT_ID, QUANTITY, UNIT_PRICE)
VALUES (28, 6, 210, 120, 1029.99);
INSERT INTO HENDI.ORDER_ITEMS (ORDER_ID, ITEM_ID, PRODUCT_ID, QUANTITY, UNIT_PRICE)
VALUES (29, 9, 233, 71, 59.99);
INSERT INTO HENDI.ORDER_ITEMS (ORDER_ID, ITEM_ID, PRODUCT_ID, QUANTITY, UNIT_PRICE)
VALUES (32, 4, 30, 105, 645.2);
INSERT INTO HENDI.ORDER_ITEMS (ORDER_ID, ITEM_ID, PRODUCT_ID, QUANTITY, UNIT_PRICE)
VALUES (33, 4, 55, 93, 150.99);
INSERT INTO HENDI.ORDER_ITEMS (ORDER_ID, ITEM_ID, PRODUCT_ID, QUANTITY, UNIT_PRICE)
VALUES (34, 4, 143, 106, 402.99);
INSERT INTO HENDI.ORDER_ITEMS (ORDER_ID, ITEM_ID, PRODUCT_ID, QUANTITY, UNIT_PRICE)
VALUES (36, 6, 205, 33, 649.99);
INSERT INTO HENDI.ORDER_ITEMS (ORDER_ID, ITEM_ID, PRODUCT_ID, QUANTITY, UNIT_PRICE)
VALUES (39, 7, 185, 101, 873.98);
INSERT INTO HENDI.ORDER_ITEMS (ORDER_ID, ITEM_ID, PRODUCT_ID, QUANTITY, UNIT_PRICE)
VALUES (40, 9, 170, 31, 383.98);
INSERT INTO HENDI.ORDER_ITEMS (ORDER_ID, ITEM_ID, PRODUCT_ID, QUANTITY, UNIT_PRICE)
VALUES (43, 5, 86, 114, 804.98);
INSERT INTO HENDI.ORDER_ITEMS (ORDER_ID, ITEM_ID, PRODUCT_ID, QUANTITY, UNIT_PRICE)
VALUES (46, 9, 2, 65, 2554.99);
INSERT INTO HENDI.ORDER_ITEMS (ORDER_ID, ITEM_ID, PRODUCT_ID, QUANTITY, UNIT_PRICE)
VALUES (53, 3, 9, 106, 899.99);
INSERT INTO HENDI.ORDER_ITEMS (ORDER_ID, ITEM_ID, PRODUCT_ID, QUANTITY, UNIT_PRICE)
VALUES (54, 3, 68, 134, 766.11);
INSERT INTO HENDI.ORDER_ITEMS (ORDER_ID, ITEM_ID, PRODUCT_ID, QUANTITY, UNIT_PRICE)
VALUES (57, 5, 132, 77, 554.99);
INSERT INTO HENDI.ORDER_ITEMS (ORDER_ID, ITEM_ID, PRODUCT_ID, QUANTITY, UNIT_PRICE)
VALUES (58, 8, 157, 65, 388.99);
INSERT INTO HENDI.ORDER_ITEMS (ORDER_ID, ITEM_ID, PRODUCT_ID, QUANTITY, UNIT_PRICE)
VALUES (61, 7, 52, 45, 1676.98);
INSERT INTO HENDI.ORDER_ITEMS (ORDER_ID, ITEM_ID, PRODUCT_ID, QUANTITY, UNIT_PRICE)
VALUES (67, 8, 247, 39, 339.99);
INSERT INTO HENDI.ORDER_ITEMS (ORDER_ID, ITEM_ID, PRODUCT_ID, QUANTITY, UNIT_PRICE)
VALUES (69, 6, 3, 46, 799.99);
INSERT INTO HENDI.ORDER_ITEMS (ORDER_ID, ITEM_ID, PRODUCT_ID, QUANTITY, UNIT_PRICE)
VALUES (70, 6, 50, 68, 8867.99);
INSERT INTO HENDI.ORDER_ITEMS (ORDER_ID, ITEM_ID, PRODUCT_ID, QUANTITY, UNIT_PRICE)
VALUES (75, 9, 20, 34, 719.99);
INSERT INTO HENDI.ORDER_ITEMS (ORDER_ID, ITEM_ID, PRODUCT_ID, QUANTITY, UNIT_PRICE)
VALUES (76, 8, 201, 91, 653.5);
INSERT INTO HENDI.ORDER_ITEMS (ORDER_ID, ITEM_ID, PRODUCT_ID, QUANTITY, UNIT_PRICE)
VALUES (81, 5, 55, 144, 150.99);
INSERT INTO HENDI.ORDER_ITEMS (ORDER_ID, ITEM_ID, PRODUCT_ID, QUANTITY, UNIT_PRICE)
VALUES (82, 7, 70, 31, 710.99);
INSERT INTO HENDI.ORDER_ITEMS (ORDER_ID, ITEM_ID, PRODUCT_ID, QUANTITY, UNIT_PRICE)
VALUES (83, 7, 18, 49, 799);
INSERT INTO HENDI.ORDER_ITEMS (ORDER_ID, ITEM_ID, PRODUCT_ID, QUANTITY, UNIT_PRICE)
VALUES (84, 5, 87, 119, 759.99);
INSERT INTO HENDI.ORDER_ITEMS (ORDER_ID, ITEM_ID, PRODUCT_ID, QUANTITY, UNIT_PRICE)
VALUES (87, 7, 7, 66, 680.99);
INSERT INTO HENDI.ORDER_ITEMS (ORDER_ID, ITEM_ID, PRODUCT_ID, QUANTITY, UNIT_PRICE)
VALUES (89, 7, 76, 109, 629.99);
INSERT INTO HENDI.ORDER_ITEMS (ORDER_ID, ITEM_ID, PRODUCT_ID, QUANTITY, UNIT_PRICE)
VALUES (90, 6, 185, 147, 873.98);
INSERT INTO HENDI.ORDER_ITEMS (ORDER_ID, ITEM_ID, PRODUCT_ID, QUANTITY, UNIT_PRICE)
VALUES (94, 5, 181, 143, 999.99);
INSERT INTO HENDI.ORDER_ITEMS (ORDER_ID, ITEM_ID, PRODUCT_ID, QUANTITY, UNIT_PRICE)
VALUES (95, 6, 71, 135, 660);
INSERT INTO HENDI.ORDER_ITEMS (ORDER_ID, ITEM_ID, PRODUCT_ID, QUANTITY, UNIT_PRICE)
VALUES (97, 6, 219, 132, 1299.73);
INSERT INTO HENDI.ORDER_ITEMS (ORDER_ID, ITEM_ID, PRODUCT_ID, QUANTITY, UNIT_PRICE)
VALUES (99, 5, 200, 58, 620.95);
INSERT INTO HENDI.ORDER_ITEMS (ORDER_ID, ITEM_ID, PRODUCT_ID, QUANTITY, UNIT_PRICE)
VALUES (101, 6, 20, 138, 719.99);
INSERT INTO HENDI.ORDER_ITEMS (ORDER_ID, ITEM_ID, PRODUCT_ID, QUANTITY, UNIT_PRICE)
VALUES (104, 5, 281, 85, 864.98);
INSERT INTO HENDI.ORDER_ITEMS (ORDER_ID, ITEM_ID, PRODUCT_ID, QUANTITY, UNIT_PRICE)
VALUES (1, 10, 64, 147, 525.99);
INSERT INTO HENDI.ORDER_ITEMS (ORDER_ID, ITEM_ID, PRODUCT_ID, QUANTITY, UNIT_PRICE)
VALUES (2, 7, 204, 100, 686.99);
INSERT INTO HENDI.ORDER_ITEMS (ORDER_ID, ITEM_ID, PRODUCT_ID, QUANTITY, UNIT_PRICE)
VALUES (3, 8, 190, 127, 948.99);
INSERT INTO HENDI.ORDER_ITEMS (ORDER_ID, ITEM_ID, PRODUCT_ID, QUANTITY, UNIT_PRICE)
VALUES (4, 5, 20, 80, 719.99);
INSERT INTO HENDI.ORDER_ITEMS (ORDER_ID, ITEM_ID, PRODUCT_ID, QUANTITY, UNIT_PRICE)
VALUES (6, 3, 94, 90, 15.55);
INSERT INTO HENDI.ORDER_ITEMS (ORDER_ID, ITEM_ID, PRODUCT_ID, QUANTITY, UNIT_PRICE)
VALUES (10, 6, 64, 96, 525.99);
INSERT INTO HENDI.ORDER_ITEMS (ORDER_ID, ITEM_ID, PRODUCT_ID, QUANTITY, UNIT_PRICE)
VALUES (12, 10, 210, 37, 1029.99);
INSERT INTO HENDI.ORDER_ITEMS (ORDER_ID, ITEM_ID, PRODUCT_ID, QUANTITY, UNIT_PRICE)
VALUES (13, 8, 1, 95, 640.99);
INSERT INTO HENDI.ORDER_ITEMS (ORDER_ID, ITEM_ID, PRODUCT_ID, QUANTITY, UNIT_PRICE)
VALUES (14, 5, 239, 125, 739.99);
INSERT INTO HENDI.ORDER_ITEMS (ORDER_ID, ITEM_ID, PRODUCT_ID, QUANTITY, UNIT_PRICE)
VALUES (15, 7, 83, 118, 829.99);
INSERT INTO HENDI.ORDER_ITEMS (ORDER_ID, ITEM_ID, PRODUCT_ID, QUANTITY, UNIT_PRICE)
VALUES (16, 7, 256, 44, 26.99);
INSERT INTO HENDI.ORDER_ITEMS (ORDER_ID, ITEM_ID, PRODUCT_ID, QUANTITY, UNIT_PRICE)
VALUES (18, 5, 87, 103, 759.99);
INSERT INTO HENDI.ORDER_ITEMS (ORDER_ID, ITEM_ID, PRODUCT_ID, QUANTITY, UNIT_PRICE)
VALUES (22, 10, 90, 95, 759.99);
INSERT INTO HENDI.ORDER_ITEMS (ORDER_ID, ITEM_ID, PRODUCT_ID, QUANTITY, UNIT_PRICE)
VALUES (23, 8, 241, 126, 1756);
INSERT INTO HENDI.ORDER_ITEMS (ORDER_ID, ITEM_ID, PRODUCT_ID, QUANTITY, UNIT_PRICE)
VALUES (24, 5, 41, 83, 299.89);
INSERT INTO HENDI.ORDER_ITEMS (ORDER_ID, ITEM_ID, PRODUCT_ID, QUANTITY, UNIT_PRICE)
VALUES (26, 4, 164, 78, 1850);
INSERT INTO HENDI.ORDER_ITEMS (ORDER_ID, ITEM_ID, PRODUCT_ID, QUANTITY, UNIT_PRICE)
VALUES (27, 10, 150, 58, 281.98);
INSERT INTO HENDI.ORDER_ITEMS (ORDER_ID, ITEM_ID, PRODUCT_ID, QUANTITY, UNIT_PRICE)
VALUES (30, 6, 4, 82, 2699.99);
INSERT INTO HENDI.ORDER_ITEMS (ORDER_ID, ITEM_ID, PRODUCT_ID, QUANTITY, UNIT_PRICE)
VALUES (33, 5, 62, 84, 789.79);
INSERT INTO HENDI.ORDER_ITEMS (ORDER_ID, ITEM_ID, PRODUCT_ID, QUANTITY, UNIT_PRICE)
VALUES (34, 5, 68, 37, 766.11);
INSERT INTO HENDI.ORDER_ITEMS (ORDER_ID, ITEM_ID, PRODUCT_ID, QUANTITY, UNIT_PRICE)
VALUES (35, 4, 41, 79, 299.89);
INSERT INTO HENDI.ORDER_ITEMS (ORDER_ID, ITEM_ID, PRODUCT_ID, QUANTITY, UNIT_PRICE)
VALUES (39, 8, 179, 102, 312.67);
INSERT INTO HENDI.ORDER_ITEMS (ORDER_ID, ITEM_ID, PRODUCT_ID, QUANTITY, UNIT_PRICE)
VALUES (40, 10, 215, 36, 829.89);
INSERT INTO HENDI.ORDER_ITEMS (ORDER_ID, ITEM_ID, PRODUCT_ID, QUANTITY, UNIT_PRICE)
VALUES (41, 8, 21, 31, 749.99);
INSERT INTO HENDI.ORDER_ITEMS (ORDER_ID, ITEM_ID, PRODUCT_ID, QUANTITY, UNIT_PRICE)
VALUES (42, 4, 213, 103, 1469.96);
INSERT INTO HENDI.ORDER_ITEMS (ORDER_ID, ITEM_ID, PRODUCT_ID, QUANTITY, UNIT_PRICE)
VALUES (43, 6, 235, 86, 41.99);
INSERT INTO HENDI.ORDER_ITEMS (ORDER_ID, ITEM_ID, PRODUCT_ID, QUANTITY, UNIT_PRICE)
VALUES (46, 10, 214, 91, 1009.79);
INSERT INTO HENDI.ORDER_ITEMS (ORDER_ID, ITEM_ID, PRODUCT_ID, QUANTITY, UNIT_PRICE)
VALUES (58, 9, 136, 134, 826.99);
INSERT INTO HENDI.ORDER_ITEMS (ORDER_ID, ITEM_ID, PRODUCT_ID, QUANTITY, UNIT_PRICE)
VALUES (66, 6, 97, 130, 59.87);
INSERT INTO HENDI.ORDER_ITEMS (ORDER_ID, ITEM_ID, PRODUCT_ID, QUANTITY, UNIT_PRICE)
VALUES (68, 7, 189, 139, 649);
INSERT INTO HENDI.ORDER_ITEMS (ORDER_ID, ITEM_ID, PRODUCT_ID, QUANTITY, UNIT_PRICE)
VALUES (69, 7, 79, 49, 659.99);
INSERT INTO HENDI.ORDER_ITEMS (ORDER_ID, ITEM_ID, PRODUCT_ID, QUANTITY, UNIT_PRICE)
VALUES (81, 6, 65, 61, 1199.99);
INSERT INTO HENDI.ORDER_ITEMS (ORDER_ID, ITEM_ID, PRODUCT_ID, QUANTITY, UNIT_PRICE)
VALUES (82, 8, 213, 56, 1469.96);
INSERT INTO HENDI.ORDER_ITEMS (ORDER_ID, ITEM_ID, PRODUCT_ID, QUANTITY, UNIT_PRICE)
VALUES (87, 8, 257, 110, 84.95);
INSERT INTO HENDI.ORDER_ITEMS (ORDER_ID, ITEM_ID, PRODUCT_ID, QUANTITY, UNIT_PRICE)
VALUES (89, 8, 151, 127, 281.97);
INSERT INTO HENDI.ORDER_ITEMS (ORDER_ID, ITEM_ID, PRODUCT_ID, QUANTITY, UNIT_PRICE)
VALUES (90, 7, 250, 125, 338.99);
INSERT INTO HENDI.ORDER_ITEMS (ORDER_ID, ITEM_ID, PRODUCT_ID, QUANTITY, UNIT_PRICE)
VALUES (92, 5, 114, 112, 820.61);
INSERT INTO HENDI.ORDER_ITEMS (ORDER_ID, ITEM_ID, PRODUCT_ID, QUANTITY, UNIT_PRICE)
VALUES (93, 2, 169, 46, 1844.89);
INSERT INTO HENDI.ORDER_ITEMS (ORDER_ID, ITEM_ID, PRODUCT_ID, QUANTITY, UNIT_PRICE)
VALUES (94, 6, 4, 111, 2699.99);
INSERT INTO HENDI.ORDER_ITEMS (ORDER_ID, ITEM_ID, PRODUCT_ID, QUANTITY, UNIT_PRICE)
VALUES (99, 6, 1, 43, 640.99);
INSERT INTO HENDI.ORDER_ITEMS (ORDER_ID, ITEM_ID, PRODUCT_ID, QUANTITY, UNIT_PRICE)
VALUES (101, 7, 102, 123, 2042.69);
INSERT INTO HENDI.ORDER_ITEMS (ORDER_ID, ITEM_ID, PRODUCT_ID, QUANTITY, UNIT_PRICE)
VALUES (1, 11, 169, 105, 1844.89);
INSERT INTO HENDI.ORDER_ITEMS (ORDER_ID, ITEM_ID, PRODUCT_ID, QUANTITY, UNIT_PRICE)
VALUES (2, 8, 141, 97, 419.99);
INSERT INTO HENDI.ORDER_ITEMS (ORDER_ID, ITEM_ID, PRODUCT_ID, QUANTITY, UNIT_PRICE)
VALUES (4, 6, 159, 96, 1994.49);
INSERT INTO HENDI.ORDER_ITEMS (ORDER_ID, ITEM_ID, PRODUCT_ID, QUANTITY, UNIT_PRICE)
VALUES (6, 4, 258, 145, 57.98);
INSERT INTO HENDI.ORDER_ITEMS (ORDER_ID, ITEM_ID, PRODUCT_ID, QUANTITY, UNIT_PRICE)
VALUES (10, 7, 127, 52, 719.99);
INSERT INTO HENDI.ORDER_ITEMS (ORDER_ID, ITEM_ID, PRODUCT_ID, QUANTITY, UNIT_PRICE)
VALUES (12, 11, 169, 114, 1844.89);
INSERT INTO HENDI.ORDER_ITEMS (ORDER_ID, ITEM_ID, PRODUCT_ID, QUANTITY, UNIT_PRICE)
VALUES (13, 9, 225, 137, 503.98);
INSERT INTO HENDI.ORDER_ITEMS (ORDER_ID, ITEM_ID, PRODUCT_ID, QUANTITY, UNIT_PRICE)
VALUES (14, 6, 188, 79, 482.49);
INSERT INTO HENDI.ORDER_ITEMS (ORDER_ID, ITEM_ID, PRODUCT_ID, QUANTITY, UNIT_PRICE)
VALUES (15, 8, 241, 77, 1756);
INSERT INTO HENDI.ORDER_ITEMS (ORDER_ID, ITEM_ID, PRODUCT_ID, QUANTITY, UNIT_PRICE)
VALUES (16, 8, 138, 142, 645.99);
INSERT INTO HENDI.ORDER_ITEMS (ORDER_ID, ITEM_ID, PRODUCT_ID, QUANTITY, UNIT_PRICE)
VALUES (18, 6, 259, 60, 80.72);
INSERT INTO HENDI.ORDER_ITEMS (ORDER_ID, ITEM_ID, PRODUCT_ID, QUANTITY, UNIT_PRICE)
VALUES (19, 8, 91, 130, 2259.99);
INSERT INTO HENDI.ORDER_ITEMS (ORDER_ID, ITEM_ID, PRODUCT_ID, QUANTITY, UNIT_PRICE)
VALUES (22, 11, 234, 144, 150.99);
INSERT INTO HENDI.ORDER_ITEMS (ORDER_ID, ITEM_ID, PRODUCT_ID, QUANTITY, UNIT_PRICE)
VALUES (23, 9, 14, 86, 704.99);
INSERT INTO HENDI.ORDER_ITEMS (ORDER_ID, ITEM_ID, PRODUCT_ID, QUANTITY, UNIT_PRICE)
VALUES (24, 6, 276, 99, 1163.99);
INSERT INTO HENDI.ORDER_ITEMS (ORDER_ID, ITEM_ID, PRODUCT_ID, QUANTITY, UNIT_PRICE)
VALUES (26, 5, 151, 36, 281.97);
INSERT INTO HENDI.ORDER_ITEMS (ORDER_ID, ITEM_ID, PRODUCT_ID, QUANTITY, UNIT_PRICE)
VALUES (27, 11, 116, 67, 731.99);
INSERT INTO HENDI.ORDER_ITEMS (ORDER_ID, ITEM_ID, PRODUCT_ID, QUANTITY, UNIT_PRICE)
VALUES (30, 7, 155, 64, 588.95);
INSERT INTO HENDI.ORDER_ITEMS (ORDER_ID, ITEM_ID, PRODUCT_ID, QUANTITY, UNIT_PRICE)
VALUES (33, 6, 190, 70, 948.99);
INSERT INTO HENDI.ORDER_ITEMS (ORDER_ID, ITEM_ID, PRODUCT_ID, QUANTITY, UNIT_PRICE)
VALUES (42, 5, 252, 85, 499.99);
INSERT INTO HENDI.ORDER_ITEMS (ORDER_ID, ITEM_ID, PRODUCT_ID, QUANTITY, UNIT_PRICE)
VALUES (43, 7, 1, 57, 640.99);
INSERT INTO HENDI.ORDER_ITEMS (ORDER_ID, ITEM_ID, PRODUCT_ID, QUANTITY, UNIT_PRICE)
VALUES (45, 2, 66, 126, 399.99);
INSERT INTO HENDI.ORDER_ITEMS (ORDER_ID, ITEM_ID, PRODUCT_ID, QUANTITY, UNIT_PRICE)
VALUES (58, 10, 163, 31, 1899.99);
INSERT INTO HENDI.ORDER_ITEMS (ORDER_ID, ITEM_ID, PRODUCT_ID, QUANTITY, UNIT_PRICE)
VALUES (60, 6, 51, 79, 2269.99);
INSERT INTO HENDI.ORDER_ITEMS (ORDER_ID, ITEM_ID, PRODUCT_ID, QUANTITY, UNIT_PRICE)
VALUES (65, 5, 119, 141, 899.99);
INSERT INTO HENDI.ORDER_ITEMS (ORDER_ID, ITEM_ID, PRODUCT_ID, QUANTITY, UNIT_PRICE)
VALUES (66, 7, 49, 78, 1499.99);
INSERT INTO HENDI.ORDER_ITEMS (ORDER_ID, ITEM_ID, PRODUCT_ID, QUANTITY, UNIT_PRICE)
VALUES (68, 8, 204, 56, 686.99);
INSERT INTO HENDI.ORDER_ITEMS (ORDER_ID, ITEM_ID, PRODUCT_ID, QUANTITY, UNIT_PRICE)
VALUES (87, 9, 121, 142, 721.99);
INSERT INTO HENDI.ORDER_ITEMS (ORDER_ID, ITEM_ID, PRODUCT_ID, QUANTITY, UNIT_PRICE)
VALUES (91, 9, 43, 44, 298.98);
INSERT INTO HENDI.ORDER_ITEMS (ORDER_ID, ITEM_ID, PRODUCT_ID, QUANTITY, UNIT_PRICE)
VALUES (92, 6, 164, 91, 1850);
INSERT INTO HENDI.ORDER_ITEMS (ORDER_ID, ITEM_ID, PRODUCT_ID, QUANTITY, UNIT_PRICE)
VALUES (93, 3, 251, 30, 337.81);
INSERT INTO HENDI.ORDER_ITEMS (ORDER_ID, ITEM_ID, PRODUCT_ID, QUANTITY, UNIT_PRICE)
VALUES (94, 7, 172, 37, 358.49);
INSERT INTO HENDI.ORDER_ITEMS (ORDER_ID, ITEM_ID, PRODUCT_ID, QUANTITY, UNIT_PRICE)
VALUES (99, 7, 201, 31, 653.5);
INSERT INTO HENDI.ORDER_ITEMS (ORDER_ID, ITEM_ID, PRODUCT_ID, QUANTITY, UNIT_PRICE)
VALUES (1, 12, 226, 103, 309.85);
INSERT INTO HENDI.ORDER_ITEMS (ORDER_ID, ITEM_ID, PRODUCT_ID, QUANTITY, UNIT_PRICE)
VALUES (6, 5, 11, 74, 2015.11);
INSERT INTO HENDI.ORDER_ITEMS (ORDER_ID, ITEM_ID, PRODUCT_ID, QUANTITY, UNIT_PRICE)
VALUES (10, 8, 18, 124, 799);
INSERT INTO HENDI.ORDER_ITEMS (ORDER_ID, ITEM_ID, PRODUCT_ID, QUANTITY, UNIT_PRICE)
VALUES (12, 12, 96, 120, 141.56);
INSERT INTO HENDI.ORDER_ITEMS (ORDER_ID, ITEM_ID, PRODUCT_ID, QUANTITY, UNIT_PRICE)
VALUES (13, 10, 245, 138, 1699);
INSERT INTO HENDI.ORDER_ITEMS (ORDER_ID, ITEM_ID, PRODUCT_ID, QUANTITY, UNIT_PRICE)
VALUES (14, 7, 113, 32, 704.99);
INSERT INTO HENDI.ORDER_ITEMS (ORDER_ID, ITEM_ID, PRODUCT_ID, QUANTITY, UNIT_PRICE)
VALUES (18, 7, 188, 133, 482.49);
INSERT INTO HENDI.ORDER_ITEMS (ORDER_ID, ITEM_ID, PRODUCT_ID, QUANTITY, UNIT_PRICE)
VALUES (19, 9, 63, 83, 572.96);
INSERT INTO HENDI.ORDER_ITEMS (ORDER_ID, ITEM_ID, PRODUCT_ID, QUANTITY, UNIT_PRICE)
VALUES (22, 12, 108, 45, 849.99);
INSERT INTO HENDI.ORDER_ITEMS (ORDER_ID, ITEM_ID, PRODUCT_ID, QUANTITY, UNIT_PRICE)
VALUES (23, 10, 187, 110, 353.98);
INSERT INTO HENDI.ORDER_ITEMS (ORDER_ID, ITEM_ID, PRODUCT_ID, QUANTITY, UNIT_PRICE)
VALUES (25, 7, 135, 132, 127.88);
INSERT INTO HENDI.ORDER_ITEMS (ORDER_ID, ITEM_ID, PRODUCT_ID, QUANTITY, UNIT_PRICE)
VALUES (27, 12, 92, 105, 2200);
INSERT INTO HENDI.ORDER_ITEMS (ORDER_ID, ITEM_ID, PRODUCT_ID, QUANTITY, UNIT_PRICE)
VALUES (28, 7, 54, 131, 1019.99);
INSERT INTO HENDI.ORDER_ITEMS (ORDER_ID, ITEM_ID, PRODUCT_ID, QUANTITY, UNIT_PRICE)
VALUES (29, 10, 76, 62, 629.99);
INSERT INTO HENDI.ORDER_ITEMS (ORDER_ID, ITEM_ID, PRODUCT_ID, QUANTITY, UNIT_PRICE)
VALUES (32, 5, 85, 148, 1274.99);
INSERT INTO HENDI.ORDER_ITEMS (ORDER_ID, ITEM_ID, PRODUCT_ID, QUANTITY, UNIT_PRICE)
VALUES (33, 7, 18, 41, 799);
INSERT INTO HENDI.ORDER_ITEMS (ORDER_ID, ITEM_ID, PRODUCT_ID, QUANTITY, UNIT_PRICE)
VALUES (36, 7, 152, 45, 280.98);
INSERT INTO HENDI.ORDER_ITEMS (ORDER_ID, ITEM_ID, PRODUCT_ID, QUANTITY, UNIT_PRICE)
VALUES (42, 6, 78, 47, 686.99);
INSERT INTO HENDI.ORDER_ITEMS (ORDER_ID, ITEM_ID, PRODUCT_ID, QUANTITY, UNIT_PRICE)
VALUES (43, 8, 169, 73, 1844.89);
INSERT INTO HENDI.ORDER_ITEMS (ORDER_ID, ITEM_ID, PRODUCT_ID, QUANTITY, UNIT_PRICE)
VALUES (45, 3, 68, 88, 766.11);
INSERT INTO HENDI.ORDER_ITEMS (ORDER_ID, ITEM_ID, PRODUCT_ID, QUANTITY, UNIT_PRICE)
VALUES (57, 6, 164, 44, 1850);
INSERT INTO HENDI.ORDER_ITEMS (ORDER_ID, ITEM_ID, PRODUCT_ID, QUANTITY, UNIT_PRICE)
VALUES (58, 11, 152, 51, 280.98);
INSERT INTO HENDI.ORDER_ITEMS (ORDER_ID, ITEM_ID, PRODUCT_ID, QUANTITY, UNIT_PRICE)
VALUES (59, 8, 287, 96, 329.99);
INSERT INTO HENDI.ORDER_ITEMS (ORDER_ID, ITEM_ID, PRODUCT_ID, QUANTITY, UNIT_PRICE)
VALUES (60, 7, 189, 146, 649);
INSERT INTO HENDI.ORDER_ITEMS (ORDER_ID, ITEM_ID, PRODUCT_ID, QUANTITY, UNIT_PRICE)
VALUES (66, 8, 75, 122, 624.04);
INSERT INTO HENDI.ORDER_ITEMS (ORDER_ID, ITEM_ID, PRODUCT_ID, QUANTITY, UNIT_PRICE)
VALUES (67, 9, 91, 138, 2259.99);
INSERT INTO HENDI.ORDER_ITEMS (ORDER_ID, ITEM_ID, PRODUCT_ID, QUANTITY, UNIT_PRICE)
VALUES (69, 8, 169, 67, 1844.89);
INSERT INTO HENDI.ORDER_ITEMS (ORDER_ID, ITEM_ID, PRODUCT_ID, QUANTITY, UNIT_PRICE)
VALUES (73, 4, 45, 54, 2501.69);
INSERT INTO HENDI.ORDER_ITEMS (ORDER_ID, ITEM_ID, PRODUCT_ID, QUANTITY, UNIT_PRICE)
VALUES (74, 6, 187, 137, 353.98);
INSERT INTO HENDI.ORDER_ITEMS (ORDER_ID, ITEM_ID, PRODUCT_ID, QUANTITY, UNIT_PRICE)
VALUES (75, 10, 72, 86, 589.99);
INSERT INTO HENDI.ORDER_ITEMS (ORDER_ID, ITEM_ID, PRODUCT_ID, QUANTITY, UNIT_PRICE)
VALUES (76, 9, 155, 78, 588.95);
INSERT INTO HENDI.ORDER_ITEMS (ORDER_ID, ITEM_ID, PRODUCT_ID, QUANTITY, UNIT_PRICE)
VALUES (87, 10, 76, 96, 629.99);
INSERT INTO HENDI.ORDER_ITEMS (ORDER_ID, ITEM_ID, PRODUCT_ID, QUANTITY, UNIT_PRICE)
VALUES (91, 10, 269, 104, 759.99);
INSERT INTO HENDI.ORDER_ITEMS (ORDER_ID, ITEM_ID, PRODUCT_ID, QUANTITY, UNIT_PRICE)
VALUES (92, 7, 108, 104, 849.99);
INSERT INTO HENDI.ORDER_ITEMS (ORDER_ID, ITEM_ID, PRODUCT_ID, QUANTITY, UNIT_PRICE)
VALUES (93, 4, 43, 113, 298.98);
INSERT INTO HENDI.ORDER_ITEMS (ORDER_ID, ITEM_ID, PRODUCT_ID, QUANTITY, UNIT_PRICE)
VALUES (94, 8, 258, 73, 57.98);
INSERT INTO HENDI.ORDER_ITEMS (ORDER_ID, ITEM_ID, PRODUCT_ID, QUANTITY, UNIT_PRICE)
VALUES (99, 8, 102, 101, 2042.69);
INSERT INTO HENDI.ORDER_ITEMS (ORDER_ID, ITEM_ID, PRODUCT_ID, QUANTITY, UNIT_PRICE)
VALUES (104, 6, 51, 139, 2269.99);
INSERT INTO HENDI.ORDER_ITEMS (ORDER_ID, ITEM_ID, PRODUCT_ID, QUANTITY, UNIT_PRICE)
VALUES (1, 13, 178, 121, 1999.89);
INSERT INTO HENDI.ORDER_ITEMS (ORDER_ID, ITEM_ID, PRODUCT_ID, QUANTITY, UNIT_PRICE)
VALUES (4, 7, 262, 79, 1449.99);
INSERT INTO HENDI.ORDER_ITEMS (ORDER_ID, ITEM_ID, PRODUCT_ID, QUANTITY, UNIT_PRICE)
VALUES (6, 6, 89, 150, 749.99);
INSERT INTO HENDI.ORDER_ITEMS (ORDER_ID, ITEM_ID, PRODUCT_ID, QUANTITY, UNIT_PRICE)
VALUES (8, 8, 100, 68, 97.88);
INSERT INTO HENDI.ORDER_ITEMS (ORDER_ID, ITEM_ID, PRODUCT_ID, QUANTITY, UNIT_PRICE)
VALUES (9, 8, 93, 132, 2116.72);
INSERT INTO HENDI.ORDER_ITEMS (ORDER_ID, ITEM_ID, PRODUCT_ID, QUANTITY, UNIT_PRICE)
VALUES (10, 9, 119, 107, 899.99);
INSERT INTO HENDI.ORDER_ITEMS (ORDER_ID, ITEM_ID, PRODUCT_ID, QUANTITY, UNIT_PRICE)
VALUES (14, 8, 238, 64, 741.78);
INSERT INTO HENDI.ORDER_ITEMS (ORDER_ID, ITEM_ID, PRODUCT_ID, QUANTITY, UNIT_PRICE)
VALUES (16, 9, 135, 76, 127.88);
INSERT INTO HENDI.ORDER_ITEMS (ORDER_ID, ITEM_ID, PRODUCT_ID, QUANTITY, UNIT_PRICE)
VALUES (18, 8, 136, 32, 826.99);
INSERT INTO HENDI.ORDER_ITEMS (ORDER_ID, ITEM_ID, PRODUCT_ID, QUANTITY, UNIT_PRICE)
VALUES (19, 10, 200, 93, 620.95);
INSERT INTO HENDI.ORDER_ITEMS (ORDER_ID, ITEM_ID, PRODUCT_ID, QUANTITY, UNIT_PRICE)
VALUES (22, 13, 281, 73, 864.98);
INSERT INTO HENDI.ORDER_ITEMS (ORDER_ID, ITEM_ID, PRODUCT_ID, QUANTITY, UNIT_PRICE)
VALUES (25, 8, 2, 65, 2554.99);
INSERT INTO HENDI.ORDER_ITEMS (ORDER_ID, ITEM_ID, PRODUCT_ID, QUANTITY, UNIT_PRICE)
VALUES (27, 13, 111, 102, 827.37);
INSERT INTO HENDI.ORDER_ITEMS (ORDER_ID, ITEM_ID, PRODUCT_ID, QUANTITY, UNIT_PRICE)
VALUES (28, 8, 40, 105, 299.89);
INSERT INTO HENDI.ORDER_ITEMS (ORDER_ID, ITEM_ID, PRODUCT_ID, QUANTITY, UNIT_PRICE)
VALUES (29, 11, 115, 52, 699.99);
INSERT INTO HENDI.ORDER_ITEMS (ORDER_ID, ITEM_ID, PRODUCT_ID, QUANTITY, UNIT_PRICE)
VALUES (31, 6, 171, 103, 382.98);
INSERT INTO HENDI.ORDER_ITEMS (ORDER_ID, ITEM_ID, PRODUCT_ID, QUANTITY, UNIT_PRICE)
VALUES (32, 6, 102, 147, 2042.69);
INSERT INTO HENDI.ORDER_ITEMS (ORDER_ID, ITEM_ID, PRODUCT_ID, QUANTITY, UNIT_PRICE)
VALUES (33, 8, 13, 75, 704.99);
INSERT INTO HENDI.ORDER_ITEMS (ORDER_ID, ITEM_ID, PRODUCT_ID, QUANTITY, UNIT_PRICE)
VALUES (34, 6, 101, 62, 635.99);
INSERT INTO HENDI.ORDER_ITEMS (ORDER_ID, ITEM_ID, PRODUCT_ID, QUANTITY, UNIT_PRICE)
VALUES (35, 5, 186, 41, 1449.98);
INSERT INTO HENDI.ORDER_ITEMS (ORDER_ID, ITEM_ID, PRODUCT_ID, QUANTITY, UNIT_PRICE)
VALUES (36, 8, 141, 144, 419.99);
INSERT INTO HENDI.ORDER_ITEMS (ORDER_ID, ITEM_ID, PRODUCT_ID, QUANTITY, UNIT_PRICE)
VALUES (39, 9, 144, 125, 289.79);
INSERT INTO HENDI.ORDER_ITEMS (ORDER_ID, ITEM_ID, PRODUCT_ID, QUANTITY, UNIT_PRICE)
VALUES (40, 11, 184, 88, 999.99);
INSERT INTO HENDI.ORDER_ITEMS (ORDER_ID, ITEM_ID, PRODUCT_ID, QUANTITY, UNIT_PRICE)
VALUES (41, 9, 55, 61, 150.99);
INSERT INTO HENDI.ORDER_ITEMS (ORDER_ID, ITEM_ID, PRODUCT_ID, QUANTITY, UNIT_PRICE)
VALUES (42, 7, 139, 149, 65.92);
INSERT INTO HENDI.ORDER_ITEMS (ORDER_ID, ITEM_ID, PRODUCT_ID, QUANTITY, UNIT_PRICE)
VALUES (46, 11, 89, 119, 749.99);
INSERT INTO HENDI.ORDER_ITEMS (ORDER_ID, ITEM_ID, PRODUCT_ID, QUANTITY, UNIT_PRICE)
VALUES (51, 2, 7, 64, 680.99);
INSERT INTO HENDI.ORDER_ITEMS (ORDER_ID, ITEM_ID, PRODUCT_ID, QUANTITY, UNIT_PRICE)
VALUES (53, 4, 177, 96, 1759.99);
INSERT INTO HENDI.ORDER_ITEMS (ORDER_ID, ITEM_ID, PRODUCT_ID, QUANTITY, UNIT_PRICE)
VALUES (58, 12, 62, 148, 789.79);
INSERT INTO HENDI.ORDER_ITEMS (ORDER_ID, ITEM_ID, PRODUCT_ID, QUANTITY, UNIT_PRICE)
VALUES (59, 9, 154, 82, 1204.98);
INSERT INTO HENDI.ORDER_ITEMS (ORDER_ID, ITEM_ID, PRODUCT_ID, QUANTITY, UNIT_PRICE)
VALUES (64, 2, 126, 52, 640.99);
INSERT INTO HENDI.ORDER_ITEMS (ORDER_ID, ITEM_ID, PRODUCT_ID, QUANTITY, UNIT_PRICE)
VALUES (65, 6, 262, 118, 1449.99);
INSERT INTO HENDI.ORDER_ITEMS (ORDER_ID, ITEM_ID, PRODUCT_ID, QUANTITY, UNIT_PRICE)
VALUES (66, 9, 279, 90, 1318.99);
INSERT INTO HENDI.ORDER_ITEMS (ORDER_ID, ITEM_ID, PRODUCT_ID, QUANTITY, UNIT_PRICE)
VALUES (67, 10, 239, 45, 739.99);
INSERT INTO HENDI.ORDER_ITEMS (ORDER_ID, ITEM_ID, PRODUCT_ID, QUANTITY, UNIT_PRICE)
VALUES (68, 9, 177, 84, 1759.99);
INSERT INTO HENDI.ORDER_ITEMS (ORDER_ID, ITEM_ID, PRODUCT_ID, QUANTITY, UNIT_PRICE)
VALUES (69, 9, 261, 55, 1504.99);

REM INSERTING into HENDI.INVENTORIES
SET DEFINE OFF;
INSERT INTO HENDI.INVENTORIES (PRODUCT_ID, WAREHOUSE_ID, QUANTITY)
VALUES (210, 8, 122);
INSERT INTO HENDI.INVENTORIES (PRODUCT_ID, WAREHOUSE_ID, QUANTITY)
VALUES (211, 8, 123);
INSERT INTO HENDI.INVENTORIES (PRODUCT_ID, WAREHOUSE_ID, QUANTITY)
VALUES (212, 8, 123);
INSERT INTO HENDI.INVENTORIES (PRODUCT_ID, WAREHOUSE_ID, QUANTITY)
VALUES (214, 8, 124);
INSERT INTO HENDI.INVENTORIES (PRODUCT_ID, WAREHOUSE_ID, QUANTITY)
VALUES (216, 8, 125);
INSERT INTO HENDI.INVENTORIES (PRODUCT_ID, WAREHOUSE_ID, QUANTITY)
VALUES (217, 8, 125);
INSERT INTO HENDI.INVENTORIES (PRODUCT_ID, WAREHOUSE_ID, QUANTITY)
VALUES (218, 8, 126);
INSERT INTO HENDI.INVENTORIES (PRODUCT_ID, WAREHOUSE_ID, QUANTITY)
VALUES (220, 8, 149);
INSERT INTO HENDI.INVENTORIES (PRODUCT_ID, WAREHOUSE_ID, QUANTITY)
VALUES (221, 8, 150);
INSERT INTO HENDI.INVENTORIES (PRODUCT_ID, WAREHOUSE_ID, QUANTITY)
VALUES (222, 8, 150);
INSERT INTO HENDI.INVENTORIES (PRODUCT_ID, WAREHOUSE_ID, QUANTITY)
VALUES (223, 8, 151);
INSERT INTO HENDI.INVENTORIES (PRODUCT_ID, WAREHOUSE_ID, QUANTITY)
VALUES (229, 8, 123);
INSERT INTO HENDI.INVENTORIES (PRODUCT_ID, WAREHOUSE_ID, QUANTITY)
VALUES (230, 8, 124);
INSERT INTO HENDI.INVENTORIES (PRODUCT_ID, WAREHOUSE_ID, QUANTITY)
VALUES (231, 8, 124);
INSERT INTO HENDI.INVENTORIES (PRODUCT_ID, WAREHOUSE_ID, QUANTITY)
VALUES (232, 8, 124);
INSERT INTO HENDI.INVENTORIES (PRODUCT_ID, WAREHOUSE_ID, QUANTITY)
VALUES (233, 8, 124);
INSERT INTO HENDI.INVENTORIES (PRODUCT_ID, WAREHOUSE_ID, QUANTITY)
VALUES (234, 8, 124);
INSERT INTO HENDI.INVENTORIES (PRODUCT_ID, WAREHOUSE_ID, QUANTITY)
VALUES (235, 8, 125);
INSERT INTO HENDI.INVENTORIES (PRODUCT_ID, WAREHOUSE_ID, QUANTITY)
VALUES (241, 8, 121);
INSERT INTO HENDI.INVENTORIES (PRODUCT_ID, WAREHOUSE_ID, QUANTITY)
VALUES (242, 8, 121);
INSERT INTO HENDI.INVENTORIES (PRODUCT_ID, WAREHOUSE_ID, QUANTITY)
VALUES (243, 8, 121);
INSERT INTO HENDI.INVENTORIES (PRODUCT_ID, WAREHOUSE_ID, QUANTITY)
VALUES (245, 8, 137);
INSERT INTO HENDI.INVENTORIES (PRODUCT_ID, WAREHOUSE_ID, QUANTITY)
VALUES (254, 8, 136);
INSERT INTO HENDI.INVENTORIES (PRODUCT_ID, WAREHOUSE_ID, QUANTITY)
VALUES (255, 8, 136);
INSERT INTO HENDI.INVENTORIES (PRODUCT_ID, WAREHOUSE_ID, QUANTITY)
VALUES (256, 8, 136);
INSERT INTO HENDI.INVENTORIES (PRODUCT_ID, WAREHOUSE_ID, QUANTITY)
VALUES (257, 8, 136);
INSERT INTO HENDI.INVENTORIES (PRODUCT_ID, WAREHOUSE_ID, QUANTITY)
VALUES (258, 8, 136);
INSERT INTO HENDI.INVENTORIES (PRODUCT_ID, WAREHOUSE_ID, QUANTITY)
VALUES (259, 8, 137);
INSERT INTO HENDI.INVENTORIES (PRODUCT_ID, WAREHOUSE_ID, QUANTITY)
VALUES (260, 8, 137);
INSERT INTO HENDI.INVENTORIES (PRODUCT_ID, WAREHOUSE_ID, QUANTITY)
VALUES (263, 8, 137);
INSERT INTO HENDI.INVENTORIES (PRODUCT_ID, WAREHOUSE_ID, QUANTITY)
VALUES (264, 8, 137);
INSERT INTO HENDI.INVENTORIES (PRODUCT_ID, WAREHOUSE_ID, QUANTITY)
VALUES (269, 8, 178);
INSERT INTO HENDI.INVENTORIES (PRODUCT_ID, WAREHOUSE_ID, QUANTITY)
VALUES (270, 8, 178);
INSERT INTO HENDI.INVENTORIES (PRODUCT_ID, WAREHOUSE_ID, QUANTITY)
VALUES (271, 8, 183);
INSERT INTO HENDI.INVENTORIES (PRODUCT_ID, WAREHOUSE_ID, QUANTITY)
VALUES (272, 8, 184);
INSERT INTO HENDI.INVENTORIES (PRODUCT_ID, WAREHOUSE_ID, QUANTITY)
VALUES (273, 8, 156);
INSERT INTO HENDI.INVENTORIES (PRODUCT_ID, WAREHOUSE_ID, QUANTITY)
VALUES (274, 8, 160);
INSERT INTO HENDI.INVENTORIES (PRODUCT_ID, WAREHOUSE_ID, QUANTITY)
VALUES (276, 8, 187);
INSERT INTO HENDI.INVENTORIES (PRODUCT_ID, WAREHOUSE_ID, QUANTITY)
VALUES (277, 8, 187);
INSERT INTO HENDI.INVENTORIES (PRODUCT_ID, WAREHOUSE_ID, QUANTITY)
VALUES (278, 8, 188);
INSERT INTO HENDI.INVENTORIES (PRODUCT_ID, WAREHOUSE_ID, QUANTITY)
VALUES (280, 8, 154);
INSERT INTO HENDI.INVENTORIES (PRODUCT_ID, WAREHOUSE_ID, QUANTITY)
VALUES (281, 8, 167);
INSERT INTO HENDI.INVENTORIES (PRODUCT_ID, WAREHOUSE_ID, QUANTITY)
VALUES (283, 8, 194);
INSERT INTO HENDI.INVENTORIES (PRODUCT_ID, WAREHOUSE_ID, QUANTITY)
VALUES (284, 8, 268);
INSERT INTO HENDI.INVENTORIES (PRODUCT_ID, WAREHOUSE_ID, QUANTITY)
VALUES (285, 8, 176);
INSERT INTO HENDI.INVENTORIES (PRODUCT_ID, WAREHOUSE_ID, QUANTITY)
VALUES (286, 8, 177);
INSERT INTO HENDI.INVENTORIES (PRODUCT_ID, WAREHOUSE_ID, QUANTITY)
VALUES (2, 9, 23);
INSERT INTO HENDI.INVENTORIES (PRODUCT_ID, WAREHOUSE_ID, QUANTITY)
VALUES (3, 9, 35);
INSERT INTO HENDI.INVENTORIES (PRODUCT_ID, WAREHOUSE_ID, QUANTITY)
VALUES (4, 9, 35);
INSERT INTO HENDI.INVENTORIES (PRODUCT_ID, WAREHOUSE_ID, QUANTITY)
VALUES (5, 9, 36);
INSERT INTO HENDI.INVENTORIES (PRODUCT_ID, WAREHOUSE_ID, QUANTITY)
VALUES (6, 9, 36);
INSERT INTO HENDI.INVENTORIES (PRODUCT_ID, WAREHOUSE_ID, QUANTITY)
VALUES (7, 9, 36);
INSERT INTO HENDI.INVENTORIES (PRODUCT_ID, WAREHOUSE_ID, QUANTITY)
VALUES (8, 9, 36);
INSERT INTO HENDI.INVENTORIES (PRODUCT_ID, WAREHOUSE_ID, QUANTITY)
VALUES (9, 9, 36);
INSERT INTO HENDI.INVENTORIES (PRODUCT_ID, WAREHOUSE_ID, QUANTITY)
VALUES (11, 9, 37);
INSERT INTO HENDI.INVENTORIES (PRODUCT_ID, WAREHOUSE_ID, QUANTITY)
VALUES (12, 9, 37);
INSERT INTO HENDI.INVENTORIES (PRODUCT_ID, WAREHOUSE_ID, QUANTITY)
VALUES (13, 9, 37);
INSERT INTO HENDI.INVENTORIES (PRODUCT_ID, WAREHOUSE_ID, QUANTITY)
VALUES (14, 9, 38);
INSERT INTO HENDI.INVENTORIES (PRODUCT_ID, WAREHOUSE_ID, QUANTITY)
VALUES (15, 9, 41);
INSERT INTO HENDI.INVENTORIES (PRODUCT_ID, WAREHOUSE_ID, QUANTITY)
VALUES (17, 9, 3);
INSERT INTO HENDI.INVENTORIES (PRODUCT_ID, WAREHOUSE_ID, QUANTITY)
VALUES (18, 9, 3);
INSERT INTO HENDI.INVENTORIES (PRODUCT_ID, WAREHOUSE_ID, QUANTITY)
VALUES (19, 9, 3);
INSERT INTO HENDI.INVENTORIES (PRODUCT_ID, WAREHOUSE_ID, QUANTITY)
VALUES (20, 9, 4);
INSERT INTO HENDI.INVENTORIES (PRODUCT_ID, WAREHOUSE_ID, QUANTITY)
VALUES (21, 9, 4);
INSERT INTO HENDI.INVENTORIES (PRODUCT_ID, WAREHOUSE_ID, QUANTITY)
VALUES (27, 9, 5);
INSERT INTO HENDI.INVENTORIES (PRODUCT_ID, WAREHOUSE_ID, QUANTITY)
VALUES (29, 9, 6);
INSERT INTO HENDI.INVENTORIES (PRODUCT_ID, WAREHOUSE_ID, QUANTITY)
VALUES (30, 9, 6);
INSERT INTO HENDI.INVENTORIES (PRODUCT_ID, WAREHOUSE_ID, QUANTITY)
VALUES (31, 9, 7);
INSERT INTO HENDI.INVENTORIES (PRODUCT_ID, WAREHOUSE_ID, QUANTITY)
VALUES (32, 9, 7);
INSERT INTO HENDI.INVENTORIES (PRODUCT_ID, WAREHOUSE_ID, QUANTITY)
VALUES (34, 9, 8);
INSERT INTO HENDI.INVENTORIES (PRODUCT_ID, WAREHOUSE_ID, QUANTITY)
VALUES (46, 9, 6);
INSERT INTO HENDI.INVENTORIES (PRODUCT_ID, WAREHOUSE_ID, QUANTITY)
VALUES (47, 9, 0);
INSERT INTO HENDI.INVENTORIES (PRODUCT_ID, WAREHOUSE_ID, QUANTITY)
VALUES (54, 9, 33);
INSERT INTO HENDI.INVENTORIES (PRODUCT_ID, WAREHOUSE_ID, QUANTITY)
VALUES (62, 9, 32);
INSERT INTO HENDI.INVENTORIES (PRODUCT_ID, WAREHOUSE_ID, QUANTITY)
VALUES (63, 9, 33);
INSERT INTO HENDI.INVENTORIES (PRODUCT_ID, WAREHOUSE_ID, QUANTITY)
VALUES (67, 9, 34);
INSERT INTO HENDI.INVENTORIES (PRODUCT_ID, WAREHOUSE_ID, QUANTITY)
VALUES (68, 9, 34);
INSERT INTO HENDI.INVENTORIES (PRODUCT_ID, WAREHOUSE_ID, QUANTITY)
VALUES (69, 9, 35);
INSERT INTO HENDI.INVENTORIES (PRODUCT_ID, WAREHOUSE_ID, QUANTITY)
VALUES (70, 9, 35);
INSERT INTO HENDI.INVENTORIES (PRODUCT_ID, WAREHOUSE_ID, QUANTITY)
VALUES (71, 9, 35);
INSERT INTO HENDI.INVENTORIES (PRODUCT_ID, WAREHOUSE_ID, QUANTITY)
VALUES (72, 9, 35);
INSERT INTO HENDI.INVENTORIES (PRODUCT_ID, WAREHOUSE_ID, QUANTITY)
VALUES (73, 9, 27);
INSERT INTO HENDI.INVENTORIES (PRODUCT_ID, WAREHOUSE_ID, QUANTITY)
VALUES (74, 9, 27);
INSERT INTO HENDI.INVENTORIES (PRODUCT_ID, WAREHOUSE_ID, QUANTITY)
VALUES (76, 9, 28);
INSERT INTO HENDI.INVENTORIES (PRODUCT_ID, WAREHOUSE_ID, QUANTITY)
VALUES (78, 9, 29);
INSERT INTO HENDI.INVENTORIES (PRODUCT_ID, WAREHOUSE_ID, QUANTITY)
VALUES (79, 9, 29);
INSERT INTO HENDI.INVENTORIES (PRODUCT_ID, WAREHOUSE_ID, QUANTITY)
VALUES (80, 9, 29);
INSERT INTO HENDI.INVENTORIES (PRODUCT_ID, WAREHOUSE_ID, QUANTITY)
VALUES (84, 9, 33);
INSERT INTO HENDI.INVENTORIES (PRODUCT_ID, WAREHOUSE_ID, QUANTITY)
VALUES (87, 9, 35);
INSERT INTO HENDI.INVENTORIES (PRODUCT_ID, WAREHOUSE_ID, QUANTITY)
VALUES (88, 9, 7);
INSERT INTO HENDI.INVENTORIES (PRODUCT_ID, WAREHOUSE_ID, QUANTITY)
VALUES (89, 9, 8);
INSERT INTO HENDI.INVENTORIES (PRODUCT_ID, WAREHOUSE_ID, QUANTITY)
VALUES (90, 9, 8);
INSERT INTO HENDI.INVENTORIES (PRODUCT_ID, WAREHOUSE_ID, QUANTITY)
VALUES (91, 9, 22);
INSERT INTO HENDI.INVENTORIES (PRODUCT_ID, WAREHOUSE_ID, QUANTITY)
VALUES (98, 9, 32);
INSERT INTO HENDI.INVENTORIES (PRODUCT_ID, WAREHOUSE_ID, QUANTITY)
VALUES (101, 9, 3);
INSERT INTO HENDI.INVENTORIES (PRODUCT_ID, WAREHOUSE_ID, QUANTITY)
VALUES (102, 9, 36);
INSERT INTO HENDI.INVENTORIES (PRODUCT_ID, WAREHOUSE_ID, QUANTITY)
VALUES (103, 9, 5);
INSERT INTO HENDI.INVENTORIES (PRODUCT_ID, WAREHOUSE_ID, QUANTITY)
VALUES (105, 9, 6);
INSERT INTO HENDI.INVENTORIES (PRODUCT_ID, WAREHOUSE_ID, QUANTITY)
VALUES (106, 9, 6);
INSERT INTO HENDI.INVENTORIES (PRODUCT_ID, WAREHOUSE_ID, QUANTITY)
VALUES (107, 9, 6);
INSERT INTO HENDI.INVENTORIES (PRODUCT_ID, WAREHOUSE_ID, QUANTITY)
VALUES (108, 9, 6);
INSERT INTO HENDI.INVENTORIES (PRODUCT_ID, WAREHOUSE_ID, QUANTITY)
VALUES (109, 9, 6);
INSERT INTO HENDI.INVENTORIES (PRODUCT_ID, WAREHOUSE_ID, QUANTITY)
VALUES (110, 9, 7);
INSERT INTO HENDI.INVENTORIES (PRODUCT_ID, WAREHOUSE_ID, QUANTITY)
VALUES (114, 9, 8);
INSERT INTO HENDI.INVENTORIES (PRODUCT_ID, WAREHOUSE_ID, QUANTITY)
VALUES (115, 9, 9);
INSERT INTO HENDI.INVENTORIES (PRODUCT_ID, WAREHOUSE_ID, QUANTITY)
VALUES (116, 9, 9);
INSERT INTO HENDI.INVENTORIES (PRODUCT_ID, WAREHOUSE_ID, QUANTITY)
VALUES (117, 9, 9);
INSERT INTO HENDI.INVENTORIES (PRODUCT_ID, WAREHOUSE_ID, QUANTITY)
VALUES (119, 9, 10);
INSERT INTO HENDI.INVENTORIES (PRODUCT_ID, WAREHOUSE_ID, QUANTITY)
VALUES (120, 9, 10);
INSERT INTO HENDI.INVENTORIES (PRODUCT_ID, WAREHOUSE_ID, QUANTITY)
VALUES (121, 9, 10);
INSERT INTO HENDI.INVENTORIES (PRODUCT_ID, WAREHOUSE_ID, QUANTITY)
VALUES (122, 9, 11);
INSERT INTO HENDI.INVENTORIES (PRODUCT_ID, WAREHOUSE_ID, QUANTITY)
VALUES (123, 9, 11);
INSERT INTO HENDI.INVENTORIES (PRODUCT_ID, WAREHOUSE_ID, QUANTITY)
VALUES (124, 9, 11);
INSERT INTO HENDI.INVENTORIES (PRODUCT_ID, WAREHOUSE_ID, QUANTITY)
VALUES (125, 9, 11);
INSERT INTO HENDI.INVENTORIES (PRODUCT_ID, WAREHOUSE_ID, QUANTITY)
VALUES (126, 9, 12);
INSERT INTO HENDI.INVENTORIES (PRODUCT_ID, WAREHOUSE_ID, QUANTITY)
VALUES (128, 9, 12);
INSERT INTO HENDI.INVENTORIES (PRODUCT_ID, WAREHOUSE_ID, QUANTITY)
VALUES (129, 9, 12);
INSERT INTO HENDI.INVENTORIES (PRODUCT_ID, WAREHOUSE_ID, QUANTITY)
VALUES (132, 9, 13);
INSERT INTO HENDI.INVENTORIES (PRODUCT_ID, WAREHOUSE_ID, QUANTITY)
VALUES (133, 9, 13);
INSERT INTO HENDI.INVENTORIES (PRODUCT_ID, WAREHOUSE_ID, QUANTITY)
VALUES (136, 9, 14);
INSERT INTO HENDI.INVENTORIES (PRODUCT_ID, WAREHOUSE_ID, QUANTITY)
VALUES (137, 9, 15);
INSERT INTO HENDI.INVENTORIES (PRODUCT_ID, WAREHOUSE_ID, QUANTITY)
VALUES (138, 9, 16);
INSERT INTO HENDI.INVENTORIES (PRODUCT_ID, WAREHOUSE_ID, QUANTITY)
VALUES (141, 9, 18);
INSERT INTO HENDI.INVENTORIES (PRODUCT_ID, WAREHOUSE_ID, QUANTITY)
VALUES (142, 9, 19);
INSERT INTO HENDI.INVENTORIES (PRODUCT_ID, WAREHOUSE_ID, QUANTITY)
VALUES (159, 9, 15);
INSERT INTO HENDI.INVENTORIES (PRODUCT_ID, WAREHOUSE_ID, QUANTITY)
VALUES (160, 9, 21);
INSERT INTO HENDI.INVENTORIES (PRODUCT_ID, WAREHOUSE_ID, QUANTITY)
VALUES (161, 9, 36);
INSERT INTO HENDI.INVENTORIES (PRODUCT_ID, WAREHOUSE_ID, QUANTITY)
VALUES (163, 9, 35);
INSERT INTO HENDI.INVENTORIES (PRODUCT_ID, WAREHOUSE_ID, QUANTITY)
VALUES (166, 9, 54);
INSERT INTO HENDI.INVENTORIES (PRODUCT_ID, WAREHOUSE_ID, QUANTITY)
VALUES (174, 9, 74);
INSERT INTO HENDI.INVENTORIES (PRODUCT_ID, WAREHOUSE_ID, QUANTITY)
VALUES (175, 9, 74);
INSERT INTO HENDI.INVENTORIES (PRODUCT_ID, WAREHOUSE_ID, QUANTITY)
VALUES (182, 9, 110);
INSERT INTO HENDI.INVENTORIES (PRODUCT_ID, WAREHOUSE_ID, QUANTITY)
VALUES (184, 9, 111);
INSERT INTO HENDI.INVENTORIES (PRODUCT_ID, WAREHOUSE_ID, QUANTITY)
VALUES (185, 9, 111);
INSERT INTO HENDI.INVENTORIES (PRODUCT_ID, WAREHOUSE_ID, QUANTITY)
VALUES (188, 9, 119);
INSERT INTO HENDI.INVENTORIES (PRODUCT_ID, WAREHOUSE_ID, QUANTITY)
VALUES (189, 9, 119);
INSERT INTO HENDI.INVENTORIES (PRODUCT_ID, WAREHOUSE_ID, QUANTITY)
VALUES (190, 9, 120);
INSERT INTO HENDI.INVENTORIES (PRODUCT_ID, WAREHOUSE_ID, QUANTITY)
VALUES (191, 9, 120);
INSERT INTO HENDI.INVENTORIES (PRODUCT_ID, WAREHOUSE_ID, QUANTITY)
VALUES (193, 9, 121);
INSERT INTO HENDI.INVENTORIES (PRODUCT_ID, WAREHOUSE_ID, QUANTITY)
VALUES (195, 9, 122);
INSERT INTO HENDI.INVENTORIES (PRODUCT_ID, WAREHOUSE_ID, QUANTITY)
VALUES (196, 9, 122);
INSERT INTO HENDI.INVENTORIES (PRODUCT_ID, WAREHOUSE_ID, QUANTITY)
VALUES (198, 9, 122);
INSERT INTO HENDI.INVENTORIES (PRODUCT_ID, WAREHOUSE_ID, QUANTITY)
VALUES (199, 9, 123);
INSERT INTO HENDI.INVENTORIES (PRODUCT_ID, WAREHOUSE_ID, QUANTITY)
VALUES (200, 9, 123);
INSERT INTO HENDI.INVENTORIES (PRODUCT_ID, WAREHOUSE_ID, QUANTITY)
VALUES (201, 9, 124);
INSERT INTO HENDI.INVENTORIES (PRODUCT_ID, WAREHOUSE_ID, QUANTITY)
VALUES (203, 9, 124);
INSERT INTO HENDI.INVENTORIES (PRODUCT_ID, WAREHOUSE_ID, QUANTITY)
VALUES (204, 9, 125);
INSERT INTO HENDI.INVENTORIES (PRODUCT_ID, WAREHOUSE_ID, QUANTITY)
VALUES (205, 9, 125);
INSERT INTO HENDI.INVENTORIES (PRODUCT_ID, WAREHOUSE_ID, QUANTITY)
VALUES (207, 9, 109);
INSERT INTO HENDI.INVENTORIES (PRODUCT_ID, WAREHOUSE_ID, QUANTITY)
VALUES (210, 9, 110);
INSERT INTO HENDI.INVENTORIES (PRODUCT_ID, WAREHOUSE_ID, QUANTITY)
VALUES (211, 9, 111);
INSERT INTO HENDI.INVENTORIES (PRODUCT_ID, WAREHOUSE_ID, QUANTITY)
VALUES (212, 9, 111);
INSERT INTO HENDI.INVENTORIES (PRODUCT_ID, WAREHOUSE_ID, QUANTITY)
VALUES (214, 9, 112);
INSERT INTO HENDI.INVENTORIES (PRODUCT_ID, WAREHOUSE_ID, QUANTITY)
VALUES (216, 9, 113);
INSERT INTO HENDI.INVENTORIES (PRODUCT_ID, WAREHOUSE_ID, QUANTITY)
VALUES (217, 9, 113);
INSERT INTO HENDI.INVENTORIES (PRODUCT_ID, WAREHOUSE_ID, QUANTITY)
VALUES (218, 9, 114);
INSERT INTO HENDI.INVENTORIES (PRODUCT_ID, WAREHOUSE_ID, QUANTITY)
VALUES (220, 9, 134);
INSERT INTO HENDI.INVENTORIES (PRODUCT_ID, WAREHOUSE_ID, QUANTITY)
VALUES (221, 9, 135);
INSERT INTO HENDI.INVENTORIES (PRODUCT_ID, WAREHOUSE_ID, QUANTITY)
VALUES (222, 9, 135);
INSERT INTO HENDI.INVENTORIES (PRODUCT_ID, WAREHOUSE_ID, QUANTITY)
VALUES (223, 9, 136);
INSERT INTO HENDI.INVENTORIES (PRODUCT_ID, WAREHOUSE_ID, QUANTITY)
VALUES (241, 9, 109);
INSERT INTO HENDI.INVENTORIES (PRODUCT_ID, WAREHOUSE_ID, QUANTITY)
VALUES (242, 9, 109);
INSERT INTO HENDI.INVENTORIES (PRODUCT_ID, WAREHOUSE_ID, QUANTITY)
VALUES (243, 9, 109);
INSERT INTO HENDI.INVENTORIES (PRODUCT_ID, WAREHOUSE_ID, QUANTITY)
VALUES (245, 9, 125);
INSERT INTO HENDI.INVENTORIES (PRODUCT_ID, WAREHOUSE_ID, QUANTITY)
VALUES (269, 9, 161);
INSERT INTO HENDI.INVENTORIES (PRODUCT_ID, WAREHOUSE_ID, QUANTITY)
VALUES (270, 9, 161);
INSERT INTO HENDI.INVENTORIES (PRODUCT_ID, WAREHOUSE_ID, QUANTITY)
VALUES (271, 9, 165);
INSERT INTO HENDI.INVENTORIES (PRODUCT_ID, WAREHOUSE_ID, QUANTITY)
VALUES (272, 9, 166);
INSERT INTO HENDI.INVENTORIES (PRODUCT_ID, WAREHOUSE_ID, QUANTITY)
VALUES (274, 9, 148);
INSERT INTO HENDI.INVENTORIES (PRODUCT_ID, WAREHOUSE_ID, QUANTITY)
VALUES (276, 9, 169);
INSERT INTO HENDI.INVENTORIES (PRODUCT_ID, WAREHOUSE_ID, QUANTITY)
VALUES (277, 9, 169);
INSERT INTO HENDI.INVENTORIES (PRODUCT_ID, WAREHOUSE_ID, QUANTITY)
VALUES (278, 9, 170);
INSERT INTO HENDI.INVENTORIES (PRODUCT_ID, WAREHOUSE_ID, QUANTITY)
VALUES (281, 9, 155);
INSERT INTO HENDI.INVENTORIES (PRODUCT_ID, WAREHOUSE_ID, QUANTITY)
VALUES (283, 9, 179);
INSERT INTO HENDI.INVENTORIES (PRODUCT_ID, WAREHOUSE_ID, QUANTITY)
VALUES (3, 1, 106);
INSERT INTO HENDI.INVENTORIES (PRODUCT_ID, WAREHOUSE_ID, QUANTITY)
VALUES (4, 1, 106);
INSERT INTO HENDI.INVENTORIES (PRODUCT_ID, WAREHOUSE_ID, QUANTITY)
VALUES (5, 1, 106);
INSERT INTO HENDI.INVENTORIES (PRODUCT_ID, WAREHOUSE_ID, QUANTITY)
VALUES (6, 1, 107);
INSERT INTO HENDI.INVENTORIES (PRODUCT_ID, WAREHOUSE_ID, QUANTITY)
VALUES (11, 1, 108);
INSERT INTO HENDI.INVENTORIES (PRODUCT_ID, WAREHOUSE_ID, QUANTITY)
VALUES (12, 1, 108);
INSERT INTO HENDI.INVENTORIES (PRODUCT_ID, WAREHOUSE_ID, QUANTITY)
VALUES (80, 1, 125);
INSERT INTO HENDI.INVENTORIES (PRODUCT_ID, WAREHOUSE_ID, QUANTITY)
VALUES (87, 1, 131);
INSERT INTO HENDI.INVENTORIES (PRODUCT_ID, WAREHOUSE_ID, QUANTITY)
VALUES (88, 1, 117);
INSERT INTO HENDI.INVENTORIES (PRODUCT_ID, WAREHOUSE_ID, QUANTITY)
VALUES (89, 1, 118);
INSERT INTO HENDI.INVENTORIES (PRODUCT_ID, WAREHOUSE_ID, QUANTITY)
VALUES (90, 1, 118);
INSERT INTO HENDI.INVENTORIES (PRODUCT_ID, WAREHOUSE_ID, QUANTITY)
VALUES (103, 1, 125);
INSERT INTO HENDI.INVENTORIES (PRODUCT_ID, WAREHOUSE_ID, QUANTITY)
VALUES (105, 1, 126);
INSERT INTO HENDI.INVENTORIES (PRODUCT_ID, WAREHOUSE_ID, QUANTITY)
VALUES (108, 1, 126);
INSERT INTO HENDI.INVENTORIES (PRODUCT_ID, WAREHOUSE_ID, QUANTITY)
VALUES (110, 1, 127);
INSERT INTO HENDI.INVENTORIES (PRODUCT_ID, WAREHOUSE_ID, QUANTITY)
VALUES (114, 1, 128);
INSERT INTO HENDI.INVENTORIES (PRODUCT_ID, WAREHOUSE_ID, QUANTITY)
VALUES (123, 1, 131);
INSERT INTO HENDI.INVENTORIES (PRODUCT_ID, WAREHOUSE_ID, QUANTITY)
VALUES (132, 1, 133);
INSERT INTO HENDI.INVENTORIES (PRODUCT_ID, WAREHOUSE_ID, QUANTITY)
VALUES (133, 1, 133);
INSERT INTO HENDI.INVENTORIES (PRODUCT_ID, WAREHOUSE_ID, QUANTITY)
VALUES (142, 1, 89);
INSERT INTO HENDI.INVENTORIES (PRODUCT_ID, WAREHOUSE_ID, QUANTITY)
VALUES (161, 1, 132);
INSERT INTO HENDI.INVENTORIES (PRODUCT_ID, WAREHOUSE_ID, QUANTITY)
VALUES (174, 1, 170);
INSERT INTO HENDI.INVENTORIES (PRODUCT_ID, WAREHOUSE_ID, QUANTITY)
VALUES (175, 1, 170);
INSERT INTO HENDI.INVENTORIES (PRODUCT_ID, WAREHOUSE_ID, QUANTITY)
VALUES (182, 1, 175);
INSERT INTO HENDI.INVENTORIES (PRODUCT_ID, WAREHOUSE_ID, QUANTITY)
VALUES (184, 1, 175);
INSERT INTO HENDI.INVENTORIES (PRODUCT_ID, WAREHOUSE_ID, QUANTITY)
VALUES (185, 1, 176);
INSERT INTO HENDI.INVENTORIES (PRODUCT_ID, WAREHOUSE_ID, QUANTITY)
VALUES (207, 1, 205);
INSERT INTO HENDI.INVENTORIES (PRODUCT_ID, WAREHOUSE_ID, QUANTITY)
VALUES (216, 1, 209);
INSERT INTO HENDI.INVENTORIES (PRODUCT_ID, WAREHOUSE_ID, QUANTITY)
VALUES (220, 1, 196);
INSERT INTO HENDI.INVENTORIES (PRODUCT_ID, WAREHOUSE_ID, QUANTITY)
VALUES (221, 1, 197);
INSERT INTO HENDI.INVENTORIES (PRODUCT_ID, WAREHOUSE_ID, QUANTITY)
VALUES (222, 1, 197);
INSERT INTO HENDI.INVENTORIES (PRODUCT_ID, WAREHOUSE_ID, QUANTITY)
VALUES (223, 1, 197);
INSERT INTO HENDI.INVENTORIES (PRODUCT_ID, WAREHOUSE_ID, QUANTITY)
VALUES (245, 1, 221);
INSERT INTO HENDI.INVENTORIES (PRODUCT_ID, WAREHOUSE_ID, QUANTITY)
VALUES (269, 1, 222);
INSERT INTO HENDI.INVENTORIES (PRODUCT_ID, WAREHOUSE_ID, QUANTITY)
VALUES (270, 1, 222);
INSERT INTO HENDI.INVENTORIES (PRODUCT_ID, WAREHOUSE_ID, QUANTITY)
VALUES (281, 1, 251);
INSERT INTO HENDI.INVENTORIES (PRODUCT_ID, WAREHOUSE_ID, QUANTITY)
VALUES (3, 2, 96);
INSERT INTO HENDI.INVENTORIES (PRODUCT_ID, WAREHOUSE_ID, QUANTITY)
VALUES (4, 2, 96);
INSERT INTO HENDI.INVENTORIES (PRODUCT_ID, WAREHOUSE_ID, QUANTITY)
VALUES (5, 2, 96);
INSERT INTO HENDI.INVENTORIES (PRODUCT_ID, WAREHOUSE_ID, QUANTITY)
VALUES (6, 2, 96);
INSERT INTO HENDI.INVENTORIES (PRODUCT_ID, WAREHOUSE_ID, QUANTITY)
VALUES (7, 2, 97);
INSERT INTO HENDI.INVENTORIES (PRODUCT_ID, WAREHOUSE_ID, QUANTITY)
VALUES (8, 2, 97);
INSERT INTO HENDI.INVENTORIES (PRODUCT_ID, WAREHOUSE_ID, QUANTITY)
VALUES (9, 2, 97);
INSERT INTO HENDI.INVENTORIES (PRODUCT_ID, WAREHOUSE_ID, QUANTITY)
VALUES (11, 2, 98);
INSERT INTO HENDI.INVENTORIES (PRODUCT_ID, WAREHOUSE_ID, QUANTITY)
VALUES (12, 2, 98);
INSERT INTO HENDI.INVENTORIES (PRODUCT_ID, WAREHOUSE_ID, QUANTITY)
VALUES (13, 2, 98);
INSERT INTO HENDI.INVENTORIES (PRODUCT_ID, WAREHOUSE_ID, QUANTITY)
VALUES (14, 2, 98);
INSERT INTO HENDI.INVENTORIES (PRODUCT_ID, WAREHOUSE_ID, QUANTITY)
VALUES (15, 2, 99);
INSERT INTO HENDI.INVENTORIES (PRODUCT_ID, WAREHOUSE_ID, QUANTITY)
VALUES (17, 2, 100);
INSERT INTO HENDI.INVENTORIES (PRODUCT_ID, WAREHOUSE_ID, QUANTITY)
VALUES (18, 2, 101);
INSERT INTO HENDI.INVENTORIES (PRODUCT_ID, WAREHOUSE_ID, QUANTITY)
VALUES (19, 2, 101);
INSERT INTO HENDI.INVENTORIES (PRODUCT_ID, WAREHOUSE_ID, QUANTITY)
VALUES (20, 2, 104);
INSERT INTO HENDI.INVENTORIES (PRODUCT_ID, WAREHOUSE_ID, QUANTITY)
VALUES (21, 2, 105);
INSERT INTO HENDI.INVENTORIES (PRODUCT_ID, WAREHOUSE_ID, QUANTITY)
VALUES (22, 2, 114);
INSERT INTO HENDI.INVENTORIES (PRODUCT_ID, WAREHOUSE_ID, QUANTITY)
VALUES (23, 2, 114);
INSERT INTO HENDI.INVENTORIES (PRODUCT_ID, WAREHOUSE_ID, QUANTITY)
VALUES (24, 2, 115);
INSERT INTO HENDI.INVENTORIES (PRODUCT_ID, WAREHOUSE_ID, QUANTITY)
VALUES (25, 2, 115);
INSERT INTO HENDI.INVENTORIES (PRODUCT_ID, WAREHOUSE_ID, QUANTITY)
VALUES (26, 2, 115);
INSERT INTO HENDI.INVENTORIES (PRODUCT_ID, WAREHOUSE_ID, QUANTITY)
VALUES (27, 2, 106);
INSERT INTO HENDI.INVENTORIES (PRODUCT_ID, WAREHOUSE_ID, QUANTITY)
VALUES (29, 2, 107);
INSERT INTO HENDI.INVENTORIES (PRODUCT_ID, WAREHOUSE_ID, QUANTITY)
VALUES (30, 2, 107);
INSERT INTO HENDI.INVENTORIES (PRODUCT_ID, WAREHOUSE_ID, QUANTITY)
VALUES (33, 2, 117);
INSERT INTO HENDI.INVENTORIES (PRODUCT_ID, WAREHOUSE_ID, QUANTITY)
VALUES (35, 2, 118);
INSERT INTO HENDI.INVENTORIES (PRODUCT_ID, WAREHOUSE_ID, QUANTITY)
VALUES (36, 2, 118);
INSERT INTO HENDI.INVENTORIES (PRODUCT_ID, WAREHOUSE_ID, QUANTITY)
VALUES (37, 2, 119);
INSERT INTO HENDI.INVENTORIES (PRODUCT_ID, WAREHOUSE_ID, QUANTITY)
VALUES (38, 2, 119);
INSERT INTO HENDI.INVENTORIES (PRODUCT_ID, WAREHOUSE_ID, QUANTITY)
VALUES (39, 2, 119);
INSERT INTO HENDI.INVENTORIES (PRODUCT_ID, WAREHOUSE_ID, QUANTITY)
VALUES (40, 2, 119);
INSERT INTO HENDI.INVENTORIES (PRODUCT_ID, WAREHOUSE_ID, QUANTITY)
VALUES (41, 2, 119);
INSERT INTO HENDI.INVENTORIES (PRODUCT_ID, WAREHOUSE_ID, QUANTITY)
VALUES (42, 2, 122);
INSERT INTO HENDI.INVENTORIES (PRODUCT_ID, WAREHOUSE_ID, QUANTITY)
VALUES (43, 2, 122);
INSERT INTO HENDI.INVENTORIES (PRODUCT_ID, WAREHOUSE_ID, QUANTITY)
VALUES (44, 2, 122);
INSERT INTO HENDI.INVENTORIES (PRODUCT_ID, WAREHOUSE_ID, QUANTITY)
VALUES (50, 2, 117);
INSERT INTO HENDI.INVENTORIES (PRODUCT_ID, WAREHOUSE_ID, QUANTITY)
VALUES (54, 2, 110);
INSERT INTO HENDI.INVENTORIES (PRODUCT_ID, WAREHOUSE_ID, QUANTITY)
VALUES (62, 2, 149);
INSERT INTO HENDI.INVENTORIES (PRODUCT_ID, WAREHOUSE_ID, QUANTITY)
VALUES (63, 2, 149);
INSERT INTO HENDI.INVENTORIES (PRODUCT_ID, WAREHOUSE_ID, QUANTITY)
VALUES (67, 2, 154);
INSERT INTO HENDI.INVENTORIES (PRODUCT_ID, WAREHOUSE_ID, QUANTITY)
VALUES (68, 2, 154);
INSERT INTO HENDI.INVENTORIES (PRODUCT_ID, WAREHOUSE_ID, QUANTITY)
VALUES (69, 2, 154);
INSERT INTO HENDI.INVENTORIES (PRODUCT_ID, WAREHOUSE_ID, QUANTITY)
VALUES (70, 2, 155);
INSERT INTO HENDI.INVENTORIES (PRODUCT_ID, WAREHOUSE_ID, QUANTITY)
VALUES (71, 2, 155);
INSERT INTO HENDI.INVENTORIES (PRODUCT_ID, WAREHOUSE_ID, QUANTITY)
VALUES (72, 2, 155);
INSERT INTO HENDI.INVENTORIES (PRODUCT_ID, WAREHOUSE_ID, QUANTITY)
VALUES (73, 2, 111);
INSERT INTO HENDI.INVENTORIES (PRODUCT_ID, WAREHOUSE_ID, QUANTITY)
VALUES (74, 2, 111);
INSERT INTO HENDI.INVENTORIES (PRODUCT_ID, WAREHOUSE_ID, QUANTITY)
VALUES (76, 2, 112);
INSERT INTO HENDI.INVENTORIES (PRODUCT_ID, WAREHOUSE_ID, QUANTITY)
VALUES (78, 2, 113);
INSERT INTO HENDI.INVENTORIES (PRODUCT_ID, WAREHOUSE_ID, QUANTITY)
VALUES (79, 2, 113);
INSERT INTO HENDI.INVENTORIES (PRODUCT_ID, WAREHOUSE_ID, QUANTITY)
VALUES (80, 2, 113);
INSERT INTO HENDI.INVENTORIES (PRODUCT_ID, WAREHOUSE_ID, QUANTITY)
VALUES (87, 2, 119);
INSERT INTO HENDI.INVENTORIES (PRODUCT_ID, WAREHOUSE_ID, QUANTITY)
VALUES (88, 2, 167);
INSERT INTO HENDI.INVENTORIES (PRODUCT_ID, WAREHOUSE_ID, QUANTITY)
VALUES (89, 2, 167);
INSERT INTO HENDI.INVENTORIES (PRODUCT_ID, WAREHOUSE_ID, QUANTITY)
VALUES (90, 2, 167);
INSERT INTO HENDI.INVENTORIES (PRODUCT_ID, WAREHOUSE_ID, QUANTITY)
VALUES (94, 2, 91);
INSERT INTO HENDI.INVENTORIES (PRODUCT_ID, WAREHOUSE_ID, QUANTITY)
VALUES (99, 2, 94);
INSERT INTO HENDI.INVENTORIES (PRODUCT_ID, WAREHOUSE_ID, QUANTITY)
VALUES (100, 2, 94);
INSERT INTO HENDI.INVENTORIES (PRODUCT_ID, WAREHOUSE_ID, QUANTITY)
VALUES (101, 2, 173);
INSERT INTO HENDI.INVENTORIES (PRODUCT_ID, WAREHOUSE_ID, QUANTITY)
VALUES (103, 2, 178);
INSERT INTO HENDI.INVENTORIES (PRODUCT_ID, WAREHOUSE_ID, QUANTITY)
VALUES (104, 2, 81);
INSERT INTO HENDI.INVENTORIES (PRODUCT_ID, WAREHOUSE_ID, QUANTITY)
VALUES (105, 2, 178);
INSERT INTO HENDI.INVENTORIES (PRODUCT_ID, WAREHOUSE_ID, QUANTITY)
VALUES (106, 2, 178);
INSERT INTO HENDI.INVENTORIES (PRODUCT_ID, WAREHOUSE_ID, QUANTITY)
VALUES (107, 2, 178);
INSERT INTO HENDI.INVENTORIES (PRODUCT_ID, WAREHOUSE_ID, QUANTITY)
VALUES (108, 2, 179);
INSERT INTO HENDI.INVENTORIES (PRODUCT_ID, WAREHOUSE_ID, QUANTITY)
VALUES (109, 2, 179);
INSERT INTO HENDI.INVENTORIES (PRODUCT_ID, WAREHOUSE_ID, QUANTITY)
VALUES (110, 2, 179);
INSERT INTO HENDI.INVENTORIES (PRODUCT_ID, WAREHOUSE_ID, QUANTITY)
VALUES (114, 2, 180);
INSERT INTO HENDI.INVENTORIES (PRODUCT_ID, WAREHOUSE_ID, QUANTITY)
VALUES (115, 2, 181);
INSERT INTO HENDI.INVENTORIES (PRODUCT_ID, WAREHOUSE_ID, QUANTITY)
VALUES (116, 2, 182);
INSERT INTO HENDI.INVENTORIES (PRODUCT_ID, WAREHOUSE_ID, QUANTITY)
VALUES (117, 2, 182);
INSERT INTO HENDI.INVENTORIES (PRODUCT_ID, WAREHOUSE_ID, QUANTITY)
VALUES (119, 2, 183);
INSERT INTO HENDI.INVENTORIES (PRODUCT_ID, WAREHOUSE_ID, QUANTITY)
VALUES (120, 2, 183);
INSERT INTO HENDI.INVENTORIES (PRODUCT_ID, WAREHOUSE_ID, QUANTITY)
VALUES (121, 2, 183);
INSERT INTO HENDI.INVENTORIES (PRODUCT_ID, WAREHOUSE_ID, QUANTITY)
VALUES (122, 2, 183);
INSERT INTO HENDI.INVENTORIES (PRODUCT_ID, WAREHOUSE_ID, QUANTITY)
VALUES (123, 2, 184);
INSERT INTO HENDI.INVENTORIES (PRODUCT_ID, WAREHOUSE_ID, QUANTITY)
VALUES (124, 2, 184);
INSERT INTO HENDI.INVENTORIES (PRODUCT_ID, WAREHOUSE_ID, QUANTITY)
VALUES (125, 2, 184);
INSERT INTO HENDI.INVENTORIES (PRODUCT_ID, WAREHOUSE_ID, QUANTITY)
VALUES (126, 2, 184);
INSERT INTO HENDI.INVENTORIES (PRODUCT_ID, WAREHOUSE_ID, QUANTITY)
VALUES (128, 2, 185);
INSERT INTO HENDI.INVENTORIES (PRODUCT_ID, WAREHOUSE_ID, QUANTITY)
VALUES (129, 2, 185);
INSERT INTO HENDI.INVENTORIES (PRODUCT_ID, WAREHOUSE_ID, QUANTITY)
VALUES (130, 2, 88);
INSERT INTO HENDI.INVENTORIES (PRODUCT_ID, WAREHOUSE_ID, QUANTITY)
VALUES (131, 2, 88);
INSERT INTO HENDI.INVENTORIES (PRODUCT_ID, WAREHOUSE_ID, QUANTITY)
VALUES (132, 2, 185);
INSERT INTO HENDI.INVENTORIES (PRODUCT_ID, WAREHOUSE_ID, QUANTITY)
VALUES (133, 2, 185);
INSERT INTO HENDI.INVENTORIES (PRODUCT_ID, WAREHOUSE_ID, QUANTITY)
VALUES (134, 2, 89);
INSERT INTO HENDI.INVENTORIES (PRODUCT_ID, WAREHOUSE_ID, QUANTITY)
VALUES (135, 2, 89);
INSERT INTO HENDI.INVENTORIES (PRODUCT_ID, WAREHOUSE_ID, QUANTITY)
VALUES (136, 2, 186);
INSERT INTO HENDI.INVENTORIES (PRODUCT_ID, WAREHOUSE_ID, QUANTITY)
VALUES (138, 2, 191);
INSERT INTO HENDI.INVENTORIES (PRODUCT_ID, WAREHOUSE_ID, QUANTITY)
VALUES (139, 2, 93);
INSERT INTO HENDI.INVENTORIES (PRODUCT_ID, WAREHOUSE_ID, QUANTITY)
VALUES (140, 2, 94);
INSERT INTO HENDI.INVENTORIES (PRODUCT_ID, WAREHOUSE_ID, QUANTITY)
VALUES (142, 2, 194);
INSERT INTO HENDI.INVENTORIES (PRODUCT_ID, WAREHOUSE_ID, QUANTITY)
VALUES (144, 2, 95);
INSERT INTO HENDI.INVENTORIES (PRODUCT_ID, WAREHOUSE_ID, QUANTITY)
VALUES (145, 2, 96);
INSERT INTO HENDI.INVENTORIES (PRODUCT_ID, WAREHOUSE_ID, QUANTITY)
VALUES (146, 2, 96);
INSERT INTO HENDI.INVENTORIES (PRODUCT_ID, WAREHOUSE_ID, QUANTITY)
VALUES (147, 2, 96);
INSERT INTO HENDI.INVENTORIES (PRODUCT_ID, WAREHOUSE_ID, QUANTITY)
VALUES (148, 2, 97);
INSERT INTO HENDI.INVENTORIES (PRODUCT_ID, WAREHOUSE_ID, QUANTITY)
VALUES (149, 2, 97);
INSERT INTO HENDI.INVENTORIES (PRODUCT_ID, WAREHOUSE_ID, QUANTITY)
VALUES (150, 2, 101);
INSERT INTO HENDI.INVENTORIES (PRODUCT_ID, WAREHOUSE_ID, QUANTITY)
VALUES (151, 2, 101);
INSERT INTO HENDI.INVENTORIES (PRODUCT_ID, WAREHOUSE_ID, QUANTITY)
VALUES (152, 2, 101);
INSERT INTO HENDI.INVENTORIES (PRODUCT_ID, WAREHOUSE_ID, QUANTITY)
VALUES (161, 2, 120);
INSERT INTO HENDI.INVENTORIES (PRODUCT_ID, WAREHOUSE_ID, QUANTITY)
VALUES (166, 2, 138);
INSERT INTO HENDI.INVENTORIES (PRODUCT_ID, WAREHOUSE_ID, QUANTITY)
VALUES (168, 2, 128);
INSERT INTO HENDI.INVENTORIES (PRODUCT_ID, WAREHOUSE_ID, QUANTITY)
VALUES (174, 2, 158);
INSERT INTO HENDI.INVENTORIES (PRODUCT_ID, WAREHOUSE_ID, QUANTITY)
VALUES (175, 2, 158);
INSERT INTO HENDI.INVENTORIES (PRODUCT_ID, WAREHOUSE_ID, QUANTITY)
VALUES (182, 2, 177);
INSERT INTO HENDI.INVENTORIES (PRODUCT_ID, WAREHOUSE_ID, QUANTITY)
VALUES (184, 2, 178);
INSERT INTO HENDI.INVENTORIES (PRODUCT_ID, WAREHOUSE_ID, QUANTITY)
VALUES (185, 2, 178);
INSERT INTO HENDI.INVENTORIES (PRODUCT_ID, WAREHOUSE_ID, QUANTITY)
VALUES (188, 2, 171);
INSERT INTO HENDI.INVENTORIES (PRODUCT_ID, WAREHOUSE_ID, QUANTITY)
VALUES (189, 2, 172);
INSERT INTO HENDI.INVENTORIES (PRODUCT_ID, WAREHOUSE_ID, QUANTITY)
VALUES (190, 2, 172);
INSERT INTO HENDI.INVENTORIES (PRODUCT_ID, WAREHOUSE_ID, QUANTITY)
VALUES (191, 2, 173);
INSERT INTO HENDI.INVENTORIES (PRODUCT_ID, WAREHOUSE_ID, QUANTITY)
VALUES (193, 2, 173);
INSERT INTO HENDI.INVENTORIES (PRODUCT_ID, WAREHOUSE_ID, QUANTITY)
VALUES (195, 2, 174);
INSERT INTO HENDI.INVENTORIES (PRODUCT_ID, WAREHOUSE_ID, QUANTITY)
VALUES (196, 2, 174);
INSERT INTO HENDI.INVENTORIES (PRODUCT_ID, WAREHOUSE_ID, QUANTITY)
VALUES (198, 2, 175);
INSERT INTO HENDI.INVENTORIES (PRODUCT_ID, WAREHOUSE_ID, QUANTITY)
VALUES (199, 2, 176);
INSERT INTO HENDI.INVENTORIES (PRODUCT_ID, WAREHOUSE_ID, QUANTITY)
VALUES (200, 2, 176);
INSERT INTO HENDI.INVENTORIES (PRODUCT_ID, WAREHOUSE_ID, QUANTITY)
VALUES (201, 2, 176);
INSERT INTO HENDI.INVENTORIES (PRODUCT_ID, WAREHOUSE_ID, QUANTITY)
VALUES (203, 2, 177);
INSERT INTO HENDI.INVENTORIES (PRODUCT_ID, WAREHOUSE_ID, QUANTITY)
VALUES (204, 2, 177);
INSERT INTO HENDI.INVENTORIES (PRODUCT_ID, WAREHOUSE_ID, QUANTITY)
VALUES (205, 2, 177);
INSERT INTO HENDI.INVENTORIES (PRODUCT_ID, WAREHOUSE_ID, QUANTITY)
VALUES (207, 2, 193);
INSERT INTO HENDI.INVENTORIES (PRODUCT_ID, WAREHOUSE_ID, QUANTITY)
VALUES (210, 2, 194);
INSERT INTO HENDI.INVENTORIES (PRODUCT_ID, WAREHOUSE_ID, QUANTITY)
VALUES (211, 2, 195);
INSERT INTO HENDI.INVENTORIES (PRODUCT_ID, WAREHOUSE_ID, QUANTITY)
VALUES (212, 2, 195);
INSERT INTO HENDI.INVENTORIES (PRODUCT_ID, WAREHOUSE_ID, QUANTITY)
VALUES (214, 2, 196);
INSERT INTO HENDI.INVENTORIES (PRODUCT_ID, WAREHOUSE_ID, QUANTITY)
VALUES (216, 2, 197);
INSERT INTO HENDI.INVENTORIES (PRODUCT_ID, WAREHOUSE_ID, QUANTITY)
VALUES (218, 2, 198);
INSERT INTO HENDI.INVENTORIES (PRODUCT_ID, WAREHOUSE_ID, QUANTITY)
VALUES (220, 2, 184);
INSERT INTO HENDI.INVENTORIES (PRODUCT_ID, WAREHOUSE_ID, QUANTITY)
VALUES (221, 2, 185);
INSERT INTO HENDI.INVENTORIES (PRODUCT_ID, WAREHOUSE_ID, QUANTITY)
VALUES (222, 2, 185);
INSERT INTO HENDI.INVENTORIES (PRODUCT_ID, WAREHOUSE_ID, QUANTITY)
VALUES (223, 2, 185);
INSERT INTO HENDI.INVENTORIES (PRODUCT_ID, WAREHOUSE_ID, QUANTITY)
VALUES (227, 2, 189);
INSERT INTO HENDI.INVENTORIES (PRODUCT_ID, WAREHOUSE_ID, QUANTITY)
VALUES (228, 2, 189);
INSERT INTO HENDI.INVENTORIES (PRODUCT_ID, WAREHOUSE_ID, QUANTITY)
VALUES (229, 2, 212);
INSERT INTO HENDI.INVENTORIES (PRODUCT_ID, WAREHOUSE_ID, QUANTITY)
VALUES (230, 2, 213);
INSERT INTO HENDI.INVENTORIES (PRODUCT_ID, WAREHOUSE_ID, QUANTITY)
VALUES (231, 2, 213);
INSERT INTO HENDI.INVENTORIES (PRODUCT_ID, WAREHOUSE_ID, QUANTITY)
VALUES (232, 2, 213);
INSERT INTO HENDI.INVENTORIES (PRODUCT_ID, WAREHOUSE_ID, QUANTITY)
VALUES (233, 2, 213);
INSERT INTO HENDI.INVENTORIES (PRODUCT_ID, WAREHOUSE_ID, QUANTITY)
VALUES (234, 2, 213);
INSERT INTO HENDI.INVENTORIES (PRODUCT_ID, WAREHOUSE_ID, QUANTITY)
VALUES (235, 2, 214);
INSERT INTO HENDI.INVENTORIES (PRODUCT_ID, WAREHOUSE_ID, QUANTITY)
VALUES (236, 2, 214);
INSERT INTO HENDI.INVENTORIES (PRODUCT_ID, WAREHOUSE_ID, QUANTITY)
VALUES (237, 2, 214);
INSERT INTO HENDI.INVENTORIES (PRODUCT_ID, WAREHOUSE_ID, QUANTITY)
VALUES (238, 2, 214);
INSERT INTO HENDI.INVENTORIES (PRODUCT_ID, WAREHOUSE_ID, QUANTITY)
VALUES (239, 2, 214);
INSERT INTO HENDI.INVENTORIES (PRODUCT_ID, WAREHOUSE_ID, QUANTITY)
VALUES (245, 2, 209);
INSERT INTO HENDI.INVENTORIES (PRODUCT_ID, WAREHOUSE_ID, QUANTITY)
VALUES (254, 2, 225);
INSERT INTO HENDI.INVENTORIES (PRODUCT_ID, WAREHOUSE_ID, QUANTITY)
VALUES (255, 2, 225);
INSERT INTO HENDI.INVENTORIES (PRODUCT_ID, WAREHOUSE_ID, QUANTITY)
VALUES (256, 2, 225);
INSERT INTO HENDI.INVENTORIES (PRODUCT_ID, WAREHOUSE_ID, QUANTITY)
VALUES (257, 2, 226);
INSERT INTO HENDI.INVENTORIES (PRODUCT_ID, WAREHOUSE_ID, QUANTITY)
VALUES (258, 2, 226);
INSERT INTO HENDI.INVENTORIES (PRODUCT_ID, WAREHOUSE_ID, QUANTITY)
VALUES (259, 2, 226);
INSERT INTO HENDI.INVENTORIES (PRODUCT_ID, WAREHOUSE_ID, QUANTITY)
VALUES (260, 2, 226);
INSERT INTO HENDI.INVENTORIES (PRODUCT_ID, WAREHOUSE_ID, QUANTITY)
VALUES (261, 2, 226);
INSERT INTO HENDI.INVENTORIES (PRODUCT_ID, WAREHOUSE_ID, QUANTITY)
VALUES (262, 2, 227);
INSERT INTO HENDI.INVENTORIES (PRODUCT_ID, WAREHOUSE_ID, QUANTITY)
VALUES (263, 2, 227);
INSERT INTO HENDI.INVENTORIES (PRODUCT_ID, WAREHOUSE_ID, QUANTITY)
VALUES (264, 2, 227);
INSERT INTO HENDI.INVENTORIES (PRODUCT_ID, WAREHOUSE_ID, QUANTITY)
VALUES (265, 2, 227);
INSERT INTO HENDI.INVENTORIES (PRODUCT_ID, WAREHOUSE_ID, QUANTITY)
VALUES (269, 2, 210);
INSERT INTO HENDI.INVENTORIES (PRODUCT_ID, WAREHOUSE_ID, QUANTITY)
VALUES (270, 2, 210);
INSERT INTO HENDI.INVENTORIES (PRODUCT_ID, WAREHOUSE_ID, QUANTITY)
VALUES (271, 2, 215);
INSERT INTO HENDI.INVENTORIES (PRODUCT_ID, WAREHOUSE_ID, QUANTITY)
VALUES (272, 2, 216);
INSERT INTO HENDI.INVENTORIES (PRODUCT_ID, WAREHOUSE_ID, QUANTITY)
VALUES (273, 2, 264);
INSERT INTO HENDI.INVENTORIES (PRODUCT_ID, WAREHOUSE_ID, QUANTITY)
VALUES (274, 2, 232);
INSERT INTO HENDI.INVENTORIES (PRODUCT_ID, WAREHOUSE_ID, QUANTITY)
VALUES (276, 2, 219);
INSERT INTO HENDI.INVENTORIES (PRODUCT_ID, WAREHOUSE_ID, QUANTITY)
VALUES (277, 2, 219);
INSERT INTO HENDI.INVENTORIES (PRODUCT_ID, WAREHOUSE_ID, QUANTITY)
VALUES (278, 2, 220);
INSERT INTO HENDI.INVENTORIES (PRODUCT_ID, WAREHOUSE_ID, QUANTITY)
VALUES (279, 2, 244);
INSERT INTO HENDI.INVENTORIES (PRODUCT_ID, WAREHOUSE_ID, QUANTITY)
VALUES (280, 2, 244);
INSERT INTO HENDI.INVENTORIES (PRODUCT_ID, WAREHOUSE_ID, QUANTITY)
VALUES (281, 2, 239);
INSERT INTO HENDI.INVENTORIES (PRODUCT_ID, WAREHOUSE_ID, QUANTITY)
VALUES (283, 2, 226);
INSERT INTO HENDI.INVENTORIES (PRODUCT_ID, WAREHOUSE_ID, QUANTITY)
VALUES (284, 2, 353);
INSERT INTO HENDI.INVENTORIES (PRODUCT_ID, WAREHOUSE_ID, QUANTITY)
VALUES (285, 2, 267);
INSERT INTO HENDI.INVENTORIES (PRODUCT_ID, WAREHOUSE_ID, QUANTITY)
VALUES (286, 2, 267);
INSERT INTO HENDI.INVENTORIES (PRODUCT_ID, WAREHOUSE_ID, QUANTITY)
VALUES (2, 3, 100);
INSERT INTO HENDI.INVENTORIES (PRODUCT_ID, WAREHOUSE_ID, QUANTITY)
VALUES (3, 3, 88);
INSERT INTO HENDI.INVENTORIES (PRODUCT_ID, WAREHOUSE_ID, QUANTITY)
VALUES (4, 3, 88);
INSERT INTO HENDI.INVENTORIES (PRODUCT_ID, WAREHOUSE_ID, QUANTITY)
VALUES (5, 3, 89);
INSERT INTO HENDI.INVENTORIES (PRODUCT_ID, WAREHOUSE_ID, QUANTITY)
VALUES (6, 3, 89);
INSERT INTO HENDI.INVENTORIES (PRODUCT_ID, WAREHOUSE_ID, QUANTITY)
VALUES (11, 3, 90);
INSERT INTO HENDI.INVENTORIES (PRODUCT_ID, WAREHOUSE_ID, QUANTITY)
VALUES (12, 3, 90);
INSERT INTO HENDI.INVENTORIES (PRODUCT_ID, WAREHOUSE_ID, QUANTITY)
VALUES (46, 3, 112);
INSERT INTO HENDI.INVENTORIES (PRODUCT_ID, WAREHOUSE_ID, QUANTITY)
VALUES (47, 3, 66);
INSERT INTO HENDI.INVENTORIES (PRODUCT_ID, WAREHOUSE_ID, QUANTITY)
VALUES (80, 3, 101);
INSERT INTO HENDI.INVENTORIES (PRODUCT_ID, WAREHOUSE_ID, QUANTITY)
VALUES (87, 3, 107);
INSERT INTO HENDI.INVENTORIES (PRODUCT_ID, WAREHOUSE_ID, QUANTITY)
VALUES (88, 3, 118);
INSERT INTO HENDI.INVENTORIES (PRODUCT_ID, WAREHOUSE_ID, QUANTITY)
VALUES (89, 3, 118);
INSERT INTO HENDI.INVENTORIES (PRODUCT_ID, WAREHOUSE_ID, QUANTITY)
VALUES (90, 3, 118);
INSERT INTO HENDI.INVENTORIES (PRODUCT_ID, WAREHOUSE_ID, QUANTITY)
VALUES (91, 3, 94);
INSERT INTO HENDI.INVENTORIES (PRODUCT_ID, WAREHOUSE_ID, QUANTITY)
VALUES (98, 3, 69);
INSERT INTO HENDI.INVENTORIES (PRODUCT_ID, WAREHOUSE_ID, QUANTITY)
VALUES (102, 3, 73);
INSERT INTO HENDI.INVENTORIES (PRODUCT_ID, WAREHOUSE_ID, QUANTITY)
VALUES (103, 3, 126);
INSERT INTO HENDI.INVENTORIES (PRODUCT_ID, WAREHOUSE_ID, QUANTITY)
VALUES (105, 3, 126);
INSERT INTO HENDI.INVENTORIES (PRODUCT_ID, WAREHOUSE_ID, QUANTITY)
VALUES (108, 3, 127);
INSERT INTO HENDI.INVENTORIES (PRODUCT_ID, WAREHOUSE_ID, QUANTITY)
VALUES (110, 3, 127);
INSERT INTO HENDI.INVENTORIES (PRODUCT_ID, WAREHOUSE_ID, QUANTITY)
VALUES (114, 3, 131);
INSERT INTO HENDI.INVENTORIES (PRODUCT_ID, WAREHOUSE_ID, QUANTITY)
VALUES (123, 3, 135);
INSERT INTO HENDI.INVENTORIES (PRODUCT_ID, WAREHOUSE_ID, QUANTITY)
VALUES (132, 3, 136);
INSERT INTO HENDI.INVENTORIES (PRODUCT_ID, WAREHOUSE_ID, QUANTITY)
VALUES (133, 3, 136);
INSERT INTO HENDI.INVENTORIES (PRODUCT_ID, WAREHOUSE_ID, QUANTITY)
VALUES (142, 3, 142);
INSERT INTO HENDI.INVENTORIES (PRODUCT_ID, WAREHOUSE_ID, QUANTITY)
VALUES (159, 3, 87);
INSERT INTO HENDI.INVENTORIES (PRODUCT_ID, WAREHOUSE_ID, QUANTITY)
VALUES (160, 3, 93);
INSERT INTO HENDI.INVENTORIES (PRODUCT_ID, WAREHOUSE_ID, QUANTITY)
VALUES (161, 3, 108);
INSERT INTO HENDI.INVENTORIES (PRODUCT_ID, WAREHOUSE_ID, QUANTITY)
VALUES (163, 3, 107);
INSERT INTO HENDI.INVENTORIES (PRODUCT_ID, WAREHOUSE_ID, QUANTITY)
VALUES (174, 3, 146);
INSERT INTO HENDI.INVENTORIES (PRODUCT_ID, WAREHOUSE_ID, QUANTITY)
VALUES (175, 3, 146);
INSERT INTO HENDI.INVENTORIES (PRODUCT_ID, WAREHOUSE_ID, QUANTITY)
VALUES (182, 3, 245);
INSERT INTO HENDI.INVENTORIES (PRODUCT_ID, WAREHOUSE_ID, QUANTITY)
VALUES (184, 3, 246);
INSERT INTO HENDI.INVENTORIES (PRODUCT_ID, WAREHOUSE_ID, QUANTITY)
VALUES (185, 3, 246);
INSERT INTO HENDI.INVENTORIES (PRODUCT_ID, WAREHOUSE_ID, QUANTITY)
VALUES (207, 3, 181);
INSERT INTO HENDI.INVENTORIES (PRODUCT_ID, WAREHOUSE_ID, QUANTITY)
VALUES (216, 3, 185);
INSERT INTO HENDI.INVENTORIES (PRODUCT_ID, WAREHOUSE_ID, QUANTITY)
VALUES (220, 3, 272);
INSERT INTO HENDI.INVENTORIES (PRODUCT_ID, WAREHOUSE_ID, QUANTITY)
VALUES (221, 3, 273);
INSERT INTO HENDI.INVENTORIES (PRODUCT_ID, WAREHOUSE_ID, QUANTITY)
VALUES (222, 3, 273);
INSERT INTO HENDI.INVENTORIES (PRODUCT_ID, WAREHOUSE_ID, QUANTITY)
VALUES (223, 3, 273);
INSERT INTO HENDI.INVENTORIES (PRODUCT_ID, WAREHOUSE_ID, QUANTITY)
VALUES (241, 3, 181);
INSERT INTO HENDI.INVENTORIES (PRODUCT_ID, WAREHOUSE_ID, QUANTITY)
VALUES (242, 3, 181);
INSERT INTO HENDI.INVENTORIES (PRODUCT_ID, WAREHOUSE_ID, QUANTITY)
VALUES (243, 3, 181);
INSERT INTO HENDI.INVENTORIES (PRODUCT_ID, WAREHOUSE_ID, QUANTITY)
VALUES (245, 3, 197);
INSERT INTO HENDI.INVENTORIES (PRODUCT_ID, WAREHOUSE_ID, QUANTITY)
VALUES (269, 3, 304);
INSERT INTO HENDI.INVENTORIES (PRODUCT_ID, WAREHOUSE_ID, QUANTITY)
VALUES (270, 3, 304);
INSERT INTO HENDI.INVENTORIES (PRODUCT_ID, WAREHOUSE_ID, QUANTITY)
VALUES (281, 3, 227);
INSERT INTO HENDI.INVENTORIES (PRODUCT_ID, WAREHOUSE_ID, QUANTITY)
VALUES (3, 4, 63);
INSERT INTO HENDI.INVENTORIES (PRODUCT_ID, WAREHOUSE_ID, QUANTITY)
VALUES (4, 4, 63);
INSERT INTO HENDI.INVENTORIES (PRODUCT_ID, WAREHOUSE_ID, QUANTITY)
VALUES (5, 4, 63);
INSERT INTO HENDI.INVENTORIES (PRODUCT_ID, WAREHOUSE_ID, QUANTITY)
VALUES (6, 4, 64);
INSERT INTO HENDI.INVENTORIES (PRODUCT_ID, WAREHOUSE_ID, QUANTITY)
VALUES (7, 4, 64);
INSERT INTO HENDI.INVENTORIES (PRODUCT_ID, WAREHOUSE_ID, QUANTITY)
VALUES (8, 4, 67);
INSERT INTO HENDI.INVENTORIES (PRODUCT_ID, WAREHOUSE_ID, QUANTITY)
VALUES (9, 4, 67);
INSERT INTO HENDI.INVENTORIES (PRODUCT_ID, WAREHOUSE_ID, QUANTITY)
VALUES (11, 4, 68);
INSERT INTO HENDI.INVENTORIES (PRODUCT_ID, WAREHOUSE_ID, QUANTITY)
VALUES (12, 4, 68);
INSERT INTO HENDI.INVENTORIES (PRODUCT_ID, WAREHOUSE_ID, QUANTITY)
VALUES (13, 4, 68);
INSERT INTO HENDI.INVENTORIES (PRODUCT_ID, WAREHOUSE_ID, QUANTITY)
VALUES (14, 4, 68);
INSERT INTO HENDI.INVENTORIES (PRODUCT_ID, WAREHOUSE_ID, QUANTITY)
VALUES (15, 4, 69);
INSERT INTO HENDI.INVENTORIES (PRODUCT_ID, WAREHOUSE_ID, QUANTITY)
VALUES (17, 4, 70);
INSERT INTO HENDI.INVENTORIES (PRODUCT_ID, WAREHOUSE_ID, QUANTITY)
VALUES (18, 4, 71);
INSERT INTO HENDI.INVENTORIES (PRODUCT_ID, WAREHOUSE_ID, QUANTITY)
VALUES (19, 4, 71);
INSERT INTO HENDI.INVENTORIES (PRODUCT_ID, WAREHOUSE_ID, QUANTITY)
VALUES (20, 4, 71);
INSERT INTO HENDI.INVENTORIES (PRODUCT_ID, WAREHOUSE_ID, QUANTITY)
VALUES (21, 4, 72);
INSERT INTO HENDI.INVENTORIES (PRODUCT_ID, WAREHOUSE_ID, QUANTITY)
VALUES (27, 4, 73);
INSERT INTO HENDI.INVENTORIES (PRODUCT_ID, WAREHOUSE_ID, QUANTITY)
VALUES (29, 4, 74);
INSERT INTO HENDI.INVENTORIES (PRODUCT_ID, WAREHOUSE_ID, QUANTITY)
VALUES (30, 4, 74);
INSERT INTO HENDI.INVENTORIES (PRODUCT_ID, WAREHOUSE_ID, QUANTITY)
VALUES (54, 4, 88);
INSERT INTO HENDI.INVENTORIES (PRODUCT_ID, WAREHOUSE_ID, QUANTITY)
VALUES (62, 4, 74);
INSERT INTO HENDI.INVENTORIES (PRODUCT_ID, WAREHOUSE_ID, QUANTITY)
VALUES (63, 4, 74);
INSERT INTO HENDI.INVENTORIES (PRODUCT_ID, WAREHOUSE_ID, QUANTITY)
VALUES (67, 4, 76);
INSERT INTO HENDI.INVENTORIES (PRODUCT_ID, WAREHOUSE_ID, QUANTITY)
VALUES (68, 4, 76);
INSERT INTO HENDI.INVENTORIES (PRODUCT_ID, WAREHOUSE_ID, QUANTITY)
VALUES (69, 4, 76);
INSERT INTO HENDI.INVENTORIES (PRODUCT_ID, WAREHOUSE_ID, QUANTITY)
VALUES (70, 4, 76);
INSERT INTO HENDI.INVENTORIES (PRODUCT_ID, WAREHOUSE_ID, QUANTITY)
VALUES (71, 4, 76);
INSERT INTO HENDI.INVENTORIES (PRODUCT_ID, WAREHOUSE_ID, QUANTITY)
VALUES (72, 4, 77);
INSERT INTO HENDI.INVENTORIES (PRODUCT_ID, WAREHOUSE_ID, QUANTITY)
VALUES (73, 4, 87);
INSERT INTO HENDI.INVENTORIES (PRODUCT_ID, WAREHOUSE_ID, QUANTITY)
VALUES (74, 4, 87);
INSERT INTO HENDI.INVENTORIES (PRODUCT_ID, WAREHOUSE_ID, QUANTITY)
VALUES (76, 4, 88);
INSERT INTO HENDI.INVENTORIES (PRODUCT_ID, WAREHOUSE_ID, QUANTITY)
VALUES (78, 4, 89);
INSERT INTO HENDI.INVENTORIES (PRODUCT_ID, WAREHOUSE_ID, QUANTITY)
VALUES (79, 4, 89);
INSERT INTO HENDI.INVENTORIES (PRODUCT_ID, WAREHOUSE_ID, QUANTITY)
VALUES (80, 4, 89);
INSERT INTO HENDI.INVENTORIES (PRODUCT_ID, WAREHOUSE_ID, QUANTITY)
VALUES (87, 4, 95);
INSERT INTO HENDI.INVENTORIES (PRODUCT_ID, WAREHOUSE_ID, QUANTITY)
VALUES (88, 4, 86);
INSERT INTO HENDI.INVENTORIES (PRODUCT_ID, WAREHOUSE_ID, QUANTITY)
VALUES (89, 4, 86);
INSERT INTO HENDI.INVENTORIES (PRODUCT_ID, WAREHOUSE_ID, QUANTITY)
VALUES (90, 4, 86);
INSERT INTO HENDI.INVENTORIES (PRODUCT_ID, WAREHOUSE_ID, QUANTITY)
VALUES (101, 4, 95);
INSERT INTO HENDI.INVENTORIES (PRODUCT_ID, WAREHOUSE_ID, QUANTITY)
VALUES (103, 4, 97);
INSERT INTO HENDI.INVENTORIES (PRODUCT_ID, WAREHOUSE_ID, QUANTITY)
VALUES (105, 4, 97);
INSERT INTO HENDI.INVENTORIES (PRODUCT_ID, WAREHOUSE_ID, QUANTITY)
VALUES (106, 4, 97);
INSERT INTO HENDI.INVENTORIES (PRODUCT_ID, WAREHOUSE_ID, QUANTITY)
VALUES (107, 4, 97);
INSERT INTO HENDI.INVENTORIES (PRODUCT_ID, WAREHOUSE_ID, QUANTITY)
VALUES (108, 4, 98);
INSERT INTO HENDI.INVENTORIES (PRODUCT_ID, WAREHOUSE_ID, QUANTITY)
VALUES (109, 4, 98);
INSERT INTO HENDI.INVENTORIES (PRODUCT_ID, WAREHOUSE_ID, QUANTITY)
VALUES (110, 4, 98);
INSERT INTO HENDI.INVENTORIES (PRODUCT_ID, WAREHOUSE_ID, QUANTITY)
VALUES (114, 4, 99);
INSERT INTO HENDI.INVENTORIES (PRODUCT_ID, WAREHOUSE_ID, QUANTITY)
VALUES (115, 4, 100);
INSERT INTO HENDI.INVENTORIES (PRODUCT_ID, WAREHOUSE_ID, QUANTITY)
VALUES (116, 4, 100);
INSERT INTO HENDI.INVENTORIES (PRODUCT_ID, WAREHOUSE_ID, QUANTITY)
VALUES (117, 4, 101);
INSERT INTO HENDI.INVENTORIES (PRODUCT_ID, WAREHOUSE_ID, QUANTITY)
VALUES (119, 4, 102);
INSERT INTO HENDI.INVENTORIES (PRODUCT_ID, WAREHOUSE_ID, QUANTITY)
VALUES (120, 4, 102);
INSERT INTO HENDI.INVENTORIES (PRODUCT_ID, WAREHOUSE_ID, QUANTITY)
VALUES (121, 4, 102);
INSERT INTO HENDI.INVENTORIES (PRODUCT_ID, WAREHOUSE_ID, QUANTITY)
VALUES (122, 4, 102);
INSERT INTO HENDI.INVENTORIES (PRODUCT_ID, WAREHOUSE_ID, QUANTITY)
VALUES (123, 4, 103);
INSERT INTO HENDI.INVENTORIES (PRODUCT_ID, WAREHOUSE_ID, QUANTITY)
VALUES (124, 4, 103);
INSERT INTO HENDI.INVENTORIES (PRODUCT_ID, WAREHOUSE_ID, QUANTITY)
VALUES (125, 4, 103);
INSERT INTO HENDI.INVENTORIES (PRODUCT_ID, WAREHOUSE_ID, QUANTITY)
VALUES (126, 4, 103);
INSERT INTO HENDI.INVENTORIES (PRODUCT_ID, WAREHOUSE_ID, QUANTITY)
VALUES (128, 4, 103);
INSERT INTO HENDI.INVENTORIES (PRODUCT_ID, WAREHOUSE_ID, QUANTITY)
VALUES (129, 4, 104);
INSERT INTO HENDI.INVENTORIES (PRODUCT_ID, WAREHOUSE_ID, QUANTITY)
VALUES (132, 4, 104);
INSERT INTO HENDI.INVENTORIES (PRODUCT_ID, WAREHOUSE_ID, QUANTITY)
VALUES (133, 4, 104);
INSERT INTO HENDI.INVENTORIES (PRODUCT_ID, WAREHOUSE_ID, QUANTITY)
VALUES (136, 4, 105);
INSERT INTO HENDI.INVENTORIES (PRODUCT_ID, WAREHOUSE_ID, QUANTITY)
VALUES (138, 4, 107);
INSERT INTO HENDI.INVENTORIES (PRODUCT_ID, WAREHOUSE_ID, QUANTITY)
VALUES (142, 4, 110);
INSERT INTO HENDI.INVENTORIES (PRODUCT_ID, WAREHOUSE_ID, QUANTITY)
VALUES (161, 4, 96);
INSERT INTO HENDI.INVENTORIES (PRODUCT_ID, WAREHOUSE_ID, QUANTITY)
VALUES (166, 4, 114);
INSERT INTO HENDI.INVENTORIES (PRODUCT_ID, WAREHOUSE_ID, QUANTITY)
VALUES (174, 4, 134);
INSERT INTO HENDI.INVENTORIES (PRODUCT_ID, WAREHOUSE_ID, QUANTITY)
VALUES (175, 4, 134);
INSERT INTO HENDI.INVENTORIES (PRODUCT_ID, WAREHOUSE_ID, QUANTITY)
VALUES (182, 4, 210);
INSERT INTO HENDI.INVENTORIES (PRODUCT_ID, WAREHOUSE_ID, QUANTITY)
VALUES (184, 4, 211);
INSERT INTO HENDI.INVENTORIES (PRODUCT_ID, WAREHOUSE_ID, QUANTITY)
VALUES (185, 4, 211);
INSERT INTO HENDI.INVENTORIES (PRODUCT_ID, WAREHOUSE_ID, QUANTITY)
VALUES (188, 4, 219);
INSERT INTO HENDI.INVENTORIES (PRODUCT_ID, WAREHOUSE_ID, QUANTITY)
VALUES (189, 4, 219);
INSERT INTO HENDI.INVENTORIES (PRODUCT_ID, WAREHOUSE_ID, QUANTITY)
VALUES (190, 4, 223);
INSERT INTO HENDI.INVENTORIES (PRODUCT_ID, WAREHOUSE_ID, QUANTITY)
VALUES (191, 4, 223);
INSERT INTO HENDI.INVENTORIES (PRODUCT_ID, WAREHOUSE_ID, QUANTITY)
VALUES (193, 4, 223);
INSERT INTO HENDI.INVENTORIES (PRODUCT_ID, WAREHOUSE_ID, QUANTITY)
VALUES (195, 4, 224);
INSERT INTO HENDI.INVENTORIES (PRODUCT_ID, WAREHOUSE_ID, QUANTITY)
VALUES (196, 4, 225);
INSERT INTO HENDI.INVENTORIES (PRODUCT_ID, WAREHOUSE_ID, QUANTITY)
VALUES (198, 4, 225);
INSERT INTO HENDI.INVENTORIES (PRODUCT_ID, WAREHOUSE_ID, QUANTITY)
VALUES (199, 4, 226);
INSERT INTO HENDI.INVENTORIES (PRODUCT_ID, WAREHOUSE_ID, QUANTITY)
VALUES (200, 4, 226);
INSERT INTO HENDI.INVENTORIES (PRODUCT_ID, WAREHOUSE_ID, QUANTITY)
VALUES (201, 4, 227);
INSERT INTO HENDI.INVENTORIES (PRODUCT_ID, WAREHOUSE_ID, QUANTITY)
VALUES (203, 4, 227);
INSERT INTO HENDI.INVENTORIES (PRODUCT_ID, WAREHOUSE_ID, QUANTITY)
VALUES (204, 4, 227);
INSERT INTO HENDI.INVENTORIES (PRODUCT_ID, WAREHOUSE_ID, QUANTITY)
VALUES (205, 4, 228);
INSERT INTO HENDI.INVENTORIES (PRODUCT_ID, WAREHOUSE_ID, QUANTITY)
VALUES (207, 4, 169);
INSERT INTO HENDI.INVENTORIES (PRODUCT_ID, WAREHOUSE_ID, QUANTITY)
VALUES (210, 4, 170);
INSERT INTO HENDI.INVENTORIES (PRODUCT_ID, WAREHOUSE_ID, QUANTITY)
VALUES (211, 4, 171);
INSERT INTO HENDI.INVENTORIES (PRODUCT_ID, WAREHOUSE_ID, QUANTITY)
VALUES (212, 4, 171);
INSERT INTO HENDI.INVENTORIES (PRODUCT_ID, WAREHOUSE_ID, QUANTITY)
VALUES (214, 4, 172);
INSERT INTO HENDI.INVENTORIES (PRODUCT_ID, WAREHOUSE_ID, QUANTITY)
VALUES (216, 4, 173);
INSERT INTO HENDI.INVENTORIES (PRODUCT_ID, WAREHOUSE_ID, QUANTITY)
VALUES (218, 4, 174);
INSERT INTO HENDI.INVENTORIES (PRODUCT_ID, WAREHOUSE_ID, QUANTITY)
VALUES (220, 4, 234);
INSERT INTO HENDI.INVENTORIES (PRODUCT_ID, WAREHOUSE_ID, QUANTITY)
VALUES (221, 4, 235);
INSERT INTO HENDI.INVENTORIES (PRODUCT_ID, WAREHOUSE_ID, QUANTITY)
VALUES (222, 4, 235);
INSERT INTO HENDI.INVENTORIES (PRODUCT_ID, WAREHOUSE_ID, QUANTITY)
VALUES (223, 4, 236);
INSERT INTO HENDI.INVENTORIES (PRODUCT_ID, WAREHOUSE_ID, QUANTITY)
VALUES (245, 4, 185);
INSERT INTO HENDI.INVENTORIES (PRODUCT_ID, WAREHOUSE_ID, QUANTITY)
VALUES (269, 4, 266);
INSERT INTO HENDI.INVENTORIES (PRODUCT_ID, WAREHOUSE_ID, QUANTITY)
VALUES (270, 4, 266);
INSERT INTO HENDI.INVENTORIES (PRODUCT_ID, WAREHOUSE_ID, QUANTITY)
VALUES (271, 4, 271);
INSERT INTO HENDI.INVENTORIES (PRODUCT_ID, WAREHOUSE_ID, QUANTITY)
VALUES (272, 4, 272);
INSERT INTO HENDI.INVENTORIES (PRODUCT_ID, WAREHOUSE_ID, QUANTITY)
VALUES (274, 4, 208);
INSERT INTO HENDI.INVENTORIES (PRODUCT_ID, WAREHOUSE_ID, QUANTITY)
VALUES (276, 4, 275);
INSERT INTO HENDI.INVENTORIES (PRODUCT_ID, WAREHOUSE_ID, QUANTITY)
VALUES (277, 4, 275);
INSERT INTO HENDI.INVENTORIES (PRODUCT_ID, WAREHOUSE_ID, QUANTITY)
VALUES (278, 4, 276);
INSERT INTO HENDI.INVENTORIES (PRODUCT_ID, WAREHOUSE_ID, QUANTITY)
VALUES (281, 4, 215);
INSERT INTO HENDI.INVENTORIES (PRODUCT_ID, WAREHOUSE_ID, QUANTITY)
VALUES (283, 4, 282);
INSERT INTO HENDI.INVENTORIES (PRODUCT_ID, WAREHOUSE_ID, QUANTITY)
VALUES (2, 5, 71);
INSERT INTO HENDI.INVENTORIES (PRODUCT_ID, WAREHOUSE_ID, QUANTITY)
VALUES (3, 5, 46);
INSERT INTO HENDI.INVENTORIES (PRODUCT_ID, WAREHOUSE_ID, QUANTITY)
VALUES (4, 5, 46);
INSERT INTO HENDI.INVENTORIES (PRODUCT_ID, WAREHOUSE_ID, QUANTITY)
VALUES (5, 5, 47);
INSERT INTO HENDI.INVENTORIES (PRODUCT_ID, WAREHOUSE_ID, QUANTITY)
VALUES (6, 5, 47);
INSERT INTO HENDI.INVENTORIES (PRODUCT_ID, WAREHOUSE_ID, QUANTITY)
VALUES (11, 5, 48);
INSERT INTO HENDI.INVENTORIES (PRODUCT_ID, WAREHOUSE_ID, QUANTITY)
VALUES (12, 5, 48);
INSERT INTO HENDI.INVENTORIES (PRODUCT_ID, WAREHOUSE_ID, QUANTITY)
VALUES (22, 5, 73);
INSERT INTO HENDI.INVENTORIES (PRODUCT_ID, WAREHOUSE_ID, QUANTITY)
VALUES (23, 5, 74);
INSERT INTO HENDI.INVENTORIES (PRODUCT_ID, WAREHOUSE_ID, QUANTITY)
VALUES (24, 5, 74);
INSERT INTO HENDI.INVENTORIES (PRODUCT_ID, WAREHOUSE_ID, QUANTITY)
VALUES (25, 5, 74);
INSERT INTO HENDI.INVENTORIES (PRODUCT_ID, WAREHOUSE_ID, QUANTITY)
VALUES (26, 5, 74);
INSERT INTO HENDI.INVENTORIES (PRODUCT_ID, WAREHOUSE_ID, QUANTITY)
VALUES (33, 5, 77);
INSERT INTO HENDI.INVENTORIES (PRODUCT_ID, WAREHOUSE_ID, QUANTITY)
VALUES (35, 5, 77);
INSERT INTO HENDI.INVENTORIES (PRODUCT_ID, WAREHOUSE_ID, QUANTITY)
VALUES (36, 5, 78);
INSERT INTO HENDI.INVENTORIES (PRODUCT_ID, WAREHOUSE_ID, QUANTITY)
VALUES (37, 5, 78);
INSERT INTO HENDI.INVENTORIES (PRODUCT_ID, WAREHOUSE_ID, QUANTITY)
VALUES (38, 5, 78);
INSERT INTO HENDI.INVENTORIES (PRODUCT_ID, WAREHOUSE_ID, QUANTITY)
VALUES (39, 5, 78);
INSERT INTO HENDI.INVENTORIES (PRODUCT_ID, WAREHOUSE_ID, QUANTITY)
VALUES (40, 5, 78);
INSERT INTO HENDI.INVENTORIES (PRODUCT_ID, WAREHOUSE_ID, QUANTITY)
VALUES (41, 5, 79);
INSERT INTO HENDI.INVENTORIES (PRODUCT_ID, WAREHOUSE_ID, QUANTITY)
VALUES (42, 5, 81);
INSERT INTO HENDI.INVENTORIES (PRODUCT_ID, WAREHOUSE_ID, QUANTITY)
VALUES (43, 5, 81);
INSERT INTO HENDI.INVENTORIES (PRODUCT_ID, WAREHOUSE_ID, QUANTITY)
VALUES (44, 5, 82);
INSERT INTO HENDI.INVENTORIES (PRODUCT_ID, WAREHOUSE_ID, QUANTITY)
VALUES (46, 5, 90);
INSERT INTO HENDI.INVENTORIES (PRODUCT_ID, WAREHOUSE_ID, QUANTITY)
VALUES (47, 5, 44);
INSERT INTO HENDI.INVENTORIES (PRODUCT_ID, WAREHOUSE_ID, QUANTITY)
VALUES (50, 5, 69);
INSERT INTO HENDI.INVENTORIES (PRODUCT_ID, WAREHOUSE_ID, QUANTITY)
VALUES (80, 5, 77);
INSERT INTO HENDI.INVENTORIES (PRODUCT_ID, WAREHOUSE_ID, QUANTITY)
VALUES (87, 5, 83);
INSERT INTO HENDI.INVENTORIES (PRODUCT_ID, WAREHOUSE_ID, QUANTITY)
VALUES (88, 5, 62);
INSERT INTO HENDI.INVENTORIES (PRODUCT_ID, WAREHOUSE_ID, QUANTITY)
VALUES (89, 5, 63);
INSERT INTO HENDI.INVENTORIES (PRODUCT_ID, WAREHOUSE_ID, QUANTITY)
VALUES (90, 5, 63);
INSERT INTO HENDI.INVENTORIES (PRODUCT_ID, WAREHOUSE_ID, QUANTITY)
VALUES (91, 5, 70);
INSERT INTO HENDI.INVENTORIES (PRODUCT_ID, WAREHOUSE_ID, QUANTITY)
VALUES (94, 5, 85);
INSERT INTO HENDI.INVENTORIES (PRODUCT_ID, WAREHOUSE_ID, QUANTITY)
VALUES (98, 5, 86);
INSERT INTO HENDI.INVENTORIES (PRODUCT_ID, WAREHOUSE_ID, QUANTITY)
VALUES (99, 5, 88);
INSERT INTO HENDI.INVENTORIES (PRODUCT_ID, WAREHOUSE_ID, QUANTITY)
VALUES (100, 5, 88);
INSERT INTO HENDI.INVENTORIES (PRODUCT_ID, WAREHOUSE_ID, QUANTITY)
VALUES (102, 5, 90);
INSERT INTO HENDI.INVENTORIES (PRODUCT_ID, WAREHOUSE_ID, QUANTITY)
VALUES (103, 5, 73);
INSERT INTO HENDI.INVENTORIES (PRODUCT_ID, WAREHOUSE_ID, QUANTITY)
VALUES (104, 5, 84);
INSERT INTO HENDI.INVENTORIES (PRODUCT_ID, WAREHOUSE_ID, QUANTITY)
VALUES (105, 5, 74);
INSERT INTO HENDI.INVENTORIES (PRODUCT_ID, WAREHOUSE_ID, QUANTITY)
VALUES (108, 5, 74);
INSERT INTO HENDI.INVENTORIES (PRODUCT_ID, WAREHOUSE_ID, QUANTITY)
VALUES (110, 5, 75);
INSERT INTO HENDI.INVENTORIES (PRODUCT_ID, WAREHOUSE_ID, QUANTITY)
VALUES (114, 5, 76);
INSERT INTO HENDI.INVENTORIES (PRODUCT_ID, WAREHOUSE_ID, QUANTITY)
VALUES (123, 5, 79);
INSERT INTO HENDI.INVENTORIES (PRODUCT_ID, WAREHOUSE_ID, QUANTITY)
VALUES (130, 5, 42);
INSERT INTO HENDI.INVENTORIES (PRODUCT_ID, WAREHOUSE_ID, QUANTITY)
VALUES (131, 5, 42);
INSERT INTO HENDI.INVENTORIES (PRODUCT_ID, WAREHOUSE_ID, QUANTITY)
VALUES (132, 5, 81);
INSERT INTO HENDI.INVENTORIES (PRODUCT_ID, WAREHOUSE_ID, QUANTITY)
VALUES (133, 5, 81);
INSERT INTO HENDI.INVENTORIES (PRODUCT_ID, WAREHOUSE_ID, QUANTITY)
VALUES (134, 5, 42);
INSERT INTO HENDI.INVENTORIES (PRODUCT_ID, WAREHOUSE_ID, QUANTITY)
VALUES (135, 5, 43);
INSERT INTO HENDI.INVENTORIES (PRODUCT_ID, WAREHOUSE_ID, QUANTITY)
VALUES (139, 5, 47);
INSERT INTO HENDI.INVENTORIES (PRODUCT_ID, WAREHOUSE_ID, QUANTITY)
VALUES (140, 5, 47);
INSERT INTO HENDI.INVENTORIES (PRODUCT_ID, WAREHOUSE_ID, QUANTITY)
VALUES (142, 5, 87);
INSERT INTO HENDI.INVENTORIES (PRODUCT_ID, WAREHOUSE_ID, QUANTITY)
VALUES (144, 5, 49);
INSERT INTO HENDI.INVENTORIES (PRODUCT_ID, WAREHOUSE_ID, QUANTITY)
VALUES (145, 5, 49);
INSERT INTO HENDI.INVENTORIES (PRODUCT_ID, WAREHOUSE_ID, QUANTITY)
VALUES (146, 5, 50);
INSERT INTO HENDI.INVENTORIES (PRODUCT_ID, WAREHOUSE_ID, QUANTITY)
VALUES (147, 5, 50);
INSERT INTO HENDI.INVENTORIES (PRODUCT_ID, WAREHOUSE_ID, QUANTITY)
VALUES (148, 5, 50);
INSERT INTO HENDI.INVENTORIES (PRODUCT_ID, WAREHOUSE_ID, QUANTITY)
VALUES (149, 5, 50);
INSERT INTO HENDI.INVENTORIES (PRODUCT_ID, WAREHOUSE_ID, QUANTITY)
VALUES (150, 5, 54);
INSERT INTO HENDI.INVENTORIES (PRODUCT_ID, WAREHOUSE_ID, QUANTITY)
VALUES (151, 5, 54);
INSERT INTO HENDI.INVENTORIES (PRODUCT_ID, WAREHOUSE_ID, QUANTITY)
VALUES (152, 5, 54);
INSERT INTO HENDI.INVENTORIES (PRODUCT_ID, WAREHOUSE_ID, QUANTITY)
VALUES (159, 5, 63);
INSERT INTO HENDI.INVENTORIES (PRODUCT_ID, WAREHOUSE_ID, QUANTITY)
VALUES (160, 5, 69);
INSERT INTO HENDI.INVENTORIES (PRODUCT_ID, WAREHOUSE_ID, QUANTITY)
VALUES (161, 5, 84);
INSERT INTO HENDI.INVENTORIES (PRODUCT_ID, WAREHOUSE_ID, QUANTITY)
VALUES (163, 5, 83);
INSERT INTO HENDI.INVENTORIES (PRODUCT_ID, WAREHOUSE_ID, QUANTITY)
VALUES (168, 5, 92);
INSERT INTO HENDI.INVENTORIES (PRODUCT_ID, WAREHOUSE_ID, QUANTITY)
VALUES (174, 5, 122);
INSERT INTO HENDI.INVENTORIES (PRODUCT_ID, WAREHOUSE_ID, QUANTITY)
VALUES (175, 5, 122);
INSERT INTO HENDI.INVENTORIES (PRODUCT_ID, WAREHOUSE_ID, QUANTITY)
VALUES (182, 5, 184);
INSERT INTO HENDI.INVENTORIES (PRODUCT_ID, WAREHOUSE_ID, QUANTITY)
VALUES (184, 5, 184);
INSERT INTO HENDI.INVENTORIES (PRODUCT_ID, WAREHOUSE_ID, QUANTITY)
VALUES (185, 5, 185);
INSERT INTO HENDI.INVENTORIES (PRODUCT_ID, WAREHOUSE_ID, QUANTITY)
VALUES (207, 5, 157);
INSERT INTO HENDI.INVENTORIES (PRODUCT_ID, WAREHOUSE_ID, QUANTITY)
VALUES (216, 5, 161);
INSERT INTO HENDI.INVENTORIES (PRODUCT_ID, WAREHOUSE_ID, QUANTITY)
VALUES (220, 5, 208);
INSERT INTO HENDI.INVENTORIES (PRODUCT_ID, WAREHOUSE_ID, QUANTITY)
VALUES (221, 5, 209);
INSERT INTO HENDI.INVENTORIES (PRODUCT_ID, WAREHOUSE_ID, QUANTITY)
VALUES (222, 5, 209);
INSERT INTO HENDI.INVENTORIES (PRODUCT_ID, WAREHOUSE_ID, QUANTITY)
VALUES (223, 5, 209);
INSERT INTO HENDI.INVENTORIES (PRODUCT_ID, WAREHOUSE_ID, QUANTITY)
VALUES (229, 5, 163);
INSERT INTO HENDI.INVENTORIES (PRODUCT_ID, WAREHOUSE_ID, QUANTITY)
VALUES (230, 5, 163);
INSERT INTO HENDI.INVENTORIES (PRODUCT_ID, WAREHOUSE_ID, QUANTITY)
VALUES (231, 5, 163);
INSERT INTO HENDI.INVENTORIES (PRODUCT_ID, WAREHOUSE_ID, QUANTITY)
VALUES (232, 5, 163);
INSERT INTO HENDI.INVENTORIES (PRODUCT_ID, WAREHOUSE_ID, QUANTITY)
VALUES (233, 5, 164);
INSERT INTO HENDI.INVENTORIES (PRODUCT_ID, WAREHOUSE_ID, QUANTITY)
VALUES (234, 5, 164);
INSERT INTO HENDI.INVENTORIES (PRODUCT_ID, WAREHOUSE_ID, QUANTITY)
VALUES (235, 5, 164);
INSERT INTO HENDI.INVENTORIES (PRODUCT_ID, WAREHOUSE_ID, QUANTITY)
VALUES (236, 5, 164);
INSERT INTO HENDI.INVENTORIES (PRODUCT_ID, WAREHOUSE_ID, QUANTITY)
VALUES (237, 5, 164);
INSERT INTO HENDI.INVENTORIES (PRODUCT_ID, WAREHOUSE_ID, QUANTITY)
VALUES (238, 5, 165);
INSERT INTO HENDI.INVENTORIES (PRODUCT_ID, WAREHOUSE_ID, QUANTITY)
VALUES (239, 5, 165);
INSERT INTO HENDI.INVENTORIES (PRODUCT_ID, WAREHOUSE_ID, QUANTITY)
VALUES (241, 5, 157);
INSERT INTO HENDI.INVENTORIES (PRODUCT_ID, WAREHOUSE_ID, QUANTITY)
VALUES (242, 5, 157);
INSERT INTO HENDI.INVENTORIES (PRODUCT_ID, WAREHOUSE_ID, QUANTITY)
VALUES (243, 5, 157);
INSERT INTO HENDI.INVENTORIES (PRODUCT_ID, WAREHOUSE_ID, QUANTITY)
VALUES (245, 5, 173);
INSERT INTO HENDI.INVENTORIES (PRODUCT_ID, WAREHOUSE_ID, QUANTITY)
VALUES (254, 5, 175);
INSERT INTO HENDI.INVENTORIES (PRODUCT_ID, WAREHOUSE_ID, QUANTITY)
VALUES (255, 5, 175);
INSERT INTO HENDI.INVENTORIES (PRODUCT_ID, WAREHOUSE_ID, QUANTITY)
VALUES (256, 5, 175);
INSERT INTO HENDI.INVENTORIES (PRODUCT_ID, WAREHOUSE_ID, QUANTITY)
VALUES (257, 5, 176);
INSERT INTO HENDI.INVENTORIES (PRODUCT_ID, WAREHOUSE_ID, QUANTITY)
VALUES (258, 5, 176);
INSERT INTO HENDI.INVENTORIES (PRODUCT_ID, WAREHOUSE_ID, QUANTITY)
VALUES (259, 5, 176);
INSERT INTO HENDI.INVENTORIES (PRODUCT_ID, WAREHOUSE_ID, QUANTITY)
VALUES (260, 5, 176);
INSERT INTO HENDI.INVENTORIES (PRODUCT_ID, WAREHOUSE_ID, QUANTITY)
VALUES (261, 5, 176);
INSERT INTO HENDI.INVENTORIES (PRODUCT_ID, WAREHOUSE_ID, QUANTITY)
VALUES (262, 5, 177);
INSERT INTO HENDI.INVENTORIES (PRODUCT_ID, WAREHOUSE_ID, QUANTITY)
VALUES (263, 5, 177);
INSERT INTO HENDI.INVENTORIES (PRODUCT_ID, WAREHOUSE_ID, QUANTITY)
VALUES (264, 5, 177);
INSERT INTO HENDI.INVENTORIES (PRODUCT_ID, WAREHOUSE_ID, QUANTITY)
VALUES (265, 5, 177);
INSERT INTO HENDI.INVENTORIES (PRODUCT_ID, WAREHOUSE_ID, QUANTITY)
VALUES (269, 5, 237);
INSERT INTO HENDI.INVENTORIES (PRODUCT_ID, WAREHOUSE_ID, QUANTITY)
VALUES (270, 5, 237);
INSERT INTO HENDI.INVENTORIES (PRODUCT_ID, WAREHOUSE_ID, QUANTITY)
VALUES (273, 5, 199);
INSERT INTO HENDI.INVENTORIES (PRODUCT_ID, WAREHOUSE_ID, QUANTITY)
VALUES (279, 5, 193);
INSERT INTO HENDI.INVENTORIES (PRODUCT_ID, WAREHOUSE_ID, QUANTITY)
VALUES (280, 5, 194);
INSERT INTO HENDI.INVENTORIES (PRODUCT_ID, WAREHOUSE_ID, QUANTITY)
VALUES (281, 5, 203);
INSERT INTO HENDI.INVENTORIES (PRODUCT_ID, WAREHOUSE_ID, QUANTITY)
VALUES (284, 5, 220);
INSERT INTO HENDI.INVENTORIES (PRODUCT_ID, WAREHOUSE_ID, QUANTITY)
VALUES (285, 5, 216);
INSERT INTO HENDI.INVENTORIES (PRODUCT_ID, WAREHOUSE_ID, QUANTITY)
VALUES (286, 5, 216);
INSERT INTO HENDI.INVENTORIES (PRODUCT_ID, WAREHOUSE_ID, QUANTITY)
VALUES (2, 6, 58);
INSERT INTO HENDI.INVENTORIES (PRODUCT_ID, WAREHOUSE_ID, QUANTITY)
VALUES (3, 6, 29);
INSERT INTO HENDI.INVENTORIES (PRODUCT_ID, WAREHOUSE_ID, QUANTITY)
VALUES (4, 6, 30);
INSERT INTO HENDI.INVENTORIES (PRODUCT_ID, WAREHOUSE_ID, QUANTITY)
VALUES (5, 6, 30);
INSERT INTO HENDI.INVENTORIES (PRODUCT_ID, WAREHOUSE_ID, QUANTITY)
VALUES (6, 6, 30);
INSERT INTO HENDI.INVENTORIES (PRODUCT_ID, WAREHOUSE_ID, QUANTITY)
VALUES (7, 6, 30);
INSERT INTO HENDI.INVENTORIES (PRODUCT_ID, WAREHOUSE_ID, QUANTITY)
VALUES (8, 6, 30);
INSERT INTO HENDI.INVENTORIES (PRODUCT_ID, WAREHOUSE_ID, QUANTITY)
VALUES (9, 6, 31);
INSERT INTO HENDI.INVENTORIES (PRODUCT_ID, WAREHOUSE_ID, QUANTITY)
VALUES (11, 6, 31);
INSERT INTO HENDI.INVENTORIES (PRODUCT_ID, WAREHOUSE_ID, QUANTITY)
VALUES (12, 6, 32);
INSERT INTO HENDI.INVENTORIES (PRODUCT_ID, WAREHOUSE_ID, QUANTITY)
VALUES (13, 6, 32);
INSERT INTO HENDI.INVENTORIES (PRODUCT_ID, WAREHOUSE_ID, QUANTITY)
VALUES (14, 6, 32);
INSERT INTO HENDI.INVENTORIES (PRODUCT_ID, WAREHOUSE_ID, QUANTITY)
VALUES (15, 6, 33);
INSERT INTO HENDI.INVENTORIES (PRODUCT_ID, WAREHOUSE_ID, QUANTITY)
VALUES (17, 6, 34);
INSERT INTO HENDI.INVENTORIES (PRODUCT_ID, WAREHOUSE_ID, QUANTITY)
VALUES (18, 6, 35);
INSERT INTO HENDI.INVENTORIES (PRODUCT_ID, WAREHOUSE_ID, QUANTITY)
VALUES (19, 6, 35);
INSERT INTO HENDI.INVENTORIES (PRODUCT_ID, WAREHOUSE_ID, QUANTITY)
VALUES (20, 6, 35);
INSERT INTO HENDI.INVENTORIES (PRODUCT_ID, WAREHOUSE_ID, QUANTITY)
VALUES (21, 6, 36);
INSERT INTO HENDI.INVENTORIES (PRODUCT_ID, WAREHOUSE_ID, QUANTITY)
VALUES (22, 6, 62);
INSERT INTO HENDI.INVENTORIES (PRODUCT_ID, WAREHOUSE_ID, QUANTITY)
VALUES (23, 6, 62);
INSERT INTO HENDI.INVENTORIES (PRODUCT_ID, WAREHOUSE_ID, QUANTITY)
VALUES (24, 6, 62);
INSERT INTO HENDI.INVENTORIES (PRODUCT_ID, WAREHOUSE_ID, QUANTITY)
VALUES (25, 6, 62);
INSERT INTO HENDI.INVENTORIES (PRODUCT_ID, WAREHOUSE_ID, QUANTITY)
VALUES (26, 6, 63);
INSERT INTO HENDI.INVENTORIES (PRODUCT_ID, WAREHOUSE_ID, QUANTITY)
VALUES (27, 6, 37);
INSERT INTO HENDI.INVENTORIES (PRODUCT_ID, WAREHOUSE_ID, QUANTITY)
VALUES (29, 6, 38);
INSERT INTO HENDI.INVENTORIES (PRODUCT_ID, WAREHOUSE_ID, QUANTITY)
VALUES (30, 6, 38);
INSERT INTO HENDI.INVENTORIES (PRODUCT_ID, WAREHOUSE_ID, QUANTITY)
VALUES (31, 6, 39);
INSERT INTO HENDI.INVENTORIES (PRODUCT_ID, WAREHOUSE_ID, QUANTITY)
VALUES (32, 6, 39);
INSERT INTO HENDI.INVENTORIES (PRODUCT_ID, WAREHOUSE_ID, QUANTITY)
VALUES (33, 6, 65);
INSERT INTO HENDI.INVENTORIES (PRODUCT_ID, WAREHOUSE_ID, QUANTITY)
VALUES (34, 6, 39);
INSERT INTO HENDI.INVENTORIES (PRODUCT_ID, WAREHOUSE_ID, QUANTITY)
VALUES (35, 6, 66);
INSERT INTO HENDI.INVENTORIES (PRODUCT_ID, WAREHOUSE_ID, QUANTITY)
VALUES (36, 6, 66);
INSERT INTO HENDI.INVENTORIES (PRODUCT_ID, WAREHOUSE_ID, QUANTITY)
VALUES (37, 6, 66);
INSERT INTO HENDI.INVENTORIES (PRODUCT_ID, WAREHOUSE_ID, QUANTITY)
VALUES (38, 6, 66);
INSERT INTO HENDI.INVENTORIES (PRODUCT_ID, WAREHOUSE_ID, QUANTITY)
VALUES (39, 6, 66);
INSERT INTO HENDI.INVENTORIES (PRODUCT_ID, WAREHOUSE_ID, QUANTITY)
VALUES (40, 6, 67);
INSERT INTO HENDI.INVENTORIES (PRODUCT_ID, WAREHOUSE_ID, QUANTITY)
VALUES (41, 6, 67);
INSERT INTO HENDI.INVENTORIES (PRODUCT_ID, WAREHOUSE_ID, QUANTITY)
VALUES (42, 6, 69);
INSERT INTO HENDI.INVENTORIES (PRODUCT_ID, WAREHOUSE_ID, QUANTITY)
VALUES (43, 6, 69);
INSERT INTO HENDI.INVENTORIES (PRODUCT_ID, WAREHOUSE_ID, QUANTITY)
VALUES (44, 6, 70);
INSERT INTO HENDI.INVENTORIES (PRODUCT_ID, WAREHOUSE_ID, QUANTITY)
VALUES (46, 6, 29);
INSERT INTO HENDI.INVENTORIES (PRODUCT_ID, WAREHOUSE_ID, QUANTITY)
VALUES (47, 6, 33);
INSERT INTO HENDI.INVENTORIES (PRODUCT_ID, WAREHOUSE_ID, QUANTITY)
VALUES (50, 6, 84);
INSERT INTO HENDI.INVENTORIES (PRODUCT_ID, WAREHOUSE_ID, QUANTITY)
VALUES (54, 6, 66);
INSERT INTO HENDI.INVENTORIES (PRODUCT_ID, WAREHOUSE_ID, QUANTITY)
VALUES (56, 6, 58);
INSERT INTO HENDI.INVENTORIES (PRODUCT_ID, WAREHOUSE_ID, QUANTITY)
VALUES (57, 6, 66);
INSERT INTO HENDI.INVENTORIES (PRODUCT_ID, WAREHOUSE_ID, QUANTITY)
VALUES (62, 6, 30);
INSERT INTO HENDI.INVENTORIES (PRODUCT_ID, WAREHOUSE_ID, QUANTITY)
VALUES (63, 6, 30);
INSERT INTO HENDI.INVENTORIES (PRODUCT_ID, WAREHOUSE_ID, QUANTITY)
VALUES (67, 6, 34);
INSERT INTO HENDI.INVENTORIES (PRODUCT_ID, WAREHOUSE_ID, QUANTITY)
VALUES (68, 6, 35);
INSERT INTO HENDI.INVENTORIES (PRODUCT_ID, WAREHOUSE_ID, QUANTITY)
VALUES (69, 6, 35);
INSERT INTO HENDI.INVENTORIES (PRODUCT_ID, WAREHOUSE_ID, QUANTITY)
VALUES (70, 6, 35);
INSERT INTO HENDI.INVENTORIES (PRODUCT_ID, WAREHOUSE_ID, QUANTITY)
VALUES (71, 6, 35);
INSERT INTO HENDI.INVENTORIES (PRODUCT_ID, WAREHOUSE_ID, QUANTITY)
VALUES (72, 6, 35);
INSERT INTO HENDI.INVENTORIES (PRODUCT_ID, WAREHOUSE_ID, QUANTITY)
VALUES (73, 6, 63);
INSERT INTO HENDI.INVENTORIES (PRODUCT_ID, WAREHOUSE_ID, QUANTITY)
VALUES (74, 6, 63);
INSERT INTO HENDI.INVENTORIES (PRODUCT_ID, WAREHOUSE_ID, QUANTITY)
VALUES (76, 6, 64);
INSERT INTO HENDI.INVENTORIES (PRODUCT_ID, WAREHOUSE_ID, QUANTITY)
VALUES (78, 6, 65);
INSERT INTO HENDI.INVENTORIES (PRODUCT_ID, WAREHOUSE_ID, QUANTITY)
VALUES (79, 6, 65);
INSERT INTO HENDI.INVENTORIES (PRODUCT_ID, WAREHOUSE_ID, QUANTITY)
VALUES (80, 6, 65);
INSERT INTO HENDI.INVENTORIES (PRODUCT_ID, WAREHOUSE_ID, QUANTITY)
VALUES (84, 6, 69);
INSERT INTO HENDI.INVENTORIES (PRODUCT_ID, WAREHOUSE_ID, QUANTITY)
VALUES (87, 6, 71);
INSERT INTO HENDI.INVENTORIES (PRODUCT_ID, WAREHOUSE_ID, QUANTITY)
VALUES (88, 6, 44);
INSERT INTO HENDI.INVENTORIES (PRODUCT_ID, WAREHOUSE_ID, QUANTITY)
VALUES (89, 6, 45);
INSERT INTO HENDI.INVENTORIES (PRODUCT_ID, WAREHOUSE_ID, QUANTITY)
VALUES (90, 6, 45);
INSERT INTO HENDI.INVENTORIES (PRODUCT_ID, WAREHOUSE_ID, QUANTITY)
VALUES (91, 6, 58);
INSERT INTO HENDI.INVENTORIES (PRODUCT_ID, WAREHOUSE_ID, QUANTITY)
VALUES (94, 6, 71);
INSERT INTO HENDI.INVENTORIES (PRODUCT_ID, WAREHOUSE_ID, QUANTITY)
VALUES (95, 6, 60);
INSERT INTO HENDI.INVENTORIES (PRODUCT_ID, WAREHOUSE_ID, QUANTITY)
VALUES (96, 6, 60);
INSERT INTO HENDI.INVENTORIES (PRODUCT_ID, WAREHOUSE_ID, QUANTITY)
VALUES (98, 6, 72);
INSERT INTO HENDI.INVENTORIES (PRODUCT_ID, WAREHOUSE_ID, QUANTITY)
VALUES (99, 6, 73);
INSERT INTO HENDI.INVENTORIES (PRODUCT_ID, WAREHOUSE_ID, QUANTITY)
VALUES (100, 6, 74);
INSERT INTO HENDI.INVENTORIES (PRODUCT_ID, WAREHOUSE_ID, QUANTITY)
VALUES (101, 6, 51);
INSERT INTO HENDI.INVENTORIES (PRODUCT_ID, WAREHOUSE_ID, QUANTITY)
VALUES (102, 6, 76);
INSERT INTO HENDI.INVENTORIES (PRODUCT_ID, WAREHOUSE_ID, QUANTITY)
VALUES (103, 6, 53);
INSERT INTO HENDI.INVENTORIES (PRODUCT_ID, WAREHOUSE_ID, QUANTITY)
VALUES (104, 6, 71);
INSERT INTO HENDI.INVENTORIES (PRODUCT_ID, WAREHOUSE_ID, QUANTITY)
VALUES (105, 6, 53);
INSERT INTO HENDI.INVENTORIES (PRODUCT_ID, WAREHOUSE_ID, QUANTITY)
VALUES (106, 6, 53);
INSERT INTO HENDI.INVENTORIES (PRODUCT_ID, WAREHOUSE_ID, QUANTITY)
VALUES (107, 6, 53);
INSERT INTO HENDI.INVENTORIES (PRODUCT_ID, WAREHOUSE_ID, QUANTITY)
VALUES (108, 6, 54);
INSERT INTO HENDI.INVENTORIES (PRODUCT_ID, WAREHOUSE_ID, QUANTITY)
VALUES (109, 6, 54);
INSERT INTO HENDI.INVENTORIES (PRODUCT_ID, WAREHOUSE_ID, QUANTITY)
VALUES (110, 6, 54);
INSERT INTO HENDI.INVENTORIES (PRODUCT_ID, WAREHOUSE_ID, QUANTITY)
VALUES (114, 6, 55);
INSERT INTO HENDI.INVENTORIES (PRODUCT_ID, WAREHOUSE_ID, QUANTITY)
VALUES (115, 6, 56);
INSERT INTO HENDI.INVENTORIES (PRODUCT_ID, WAREHOUSE_ID, QUANTITY)
VALUES (116, 6, 56);
INSERT INTO HENDI.INVENTORIES (PRODUCT_ID, WAREHOUSE_ID, QUANTITY)
VALUES (117, 6, 57);
INSERT INTO HENDI.INVENTORIES (PRODUCT_ID, WAREHOUSE_ID, QUANTITY)
VALUES (119, 6, 58);
INSERT INTO HENDI.INVENTORIES (PRODUCT_ID, WAREHOUSE_ID, QUANTITY)
VALUES (120, 6, 58);
INSERT INTO HENDI.INVENTORIES (PRODUCT_ID, WAREHOUSE_ID, QUANTITY)
VALUES (121, 6, 58);
INSERT INTO HENDI.INVENTORIES (PRODUCT_ID, WAREHOUSE_ID, QUANTITY)
VALUES (122, 6, 58);
INSERT INTO HENDI.INVENTORIES (PRODUCT_ID, WAREHOUSE_ID, QUANTITY)
VALUES (123, 6, 59);
INSERT INTO HENDI.INVENTORIES (PRODUCT_ID, WAREHOUSE_ID, QUANTITY)
VALUES (124, 6, 59);
INSERT INTO HENDI.INVENTORIES (PRODUCT_ID, WAREHOUSE_ID, QUANTITY)
VALUES (125, 6, 59);
INSERT INTO HENDI.INVENTORIES (PRODUCT_ID, WAREHOUSE_ID, QUANTITY)
VALUES (126, 6, 59);
INSERT INTO HENDI.INVENTORIES (PRODUCT_ID, WAREHOUSE_ID, QUANTITY)
VALUES (128, 6, 59);
INSERT INTO HENDI.INVENTORIES (PRODUCT_ID, WAREHOUSE_ID, QUANTITY)
VALUES (129, 6, 60);
INSERT INTO HENDI.INVENTORIES (PRODUCT_ID, WAREHOUSE_ID, QUANTITY)
VALUES (130, 6, 78);
INSERT INTO HENDI.INVENTORIES (PRODUCT_ID, WAREHOUSE_ID, QUANTITY)
VALUES (131, 6, 29);
INSERT INTO HENDI.INVENTORIES (PRODUCT_ID, WAREHOUSE_ID, QUANTITY)
VALUES (132, 6, 60);
INSERT INTO HENDI.INVENTORIES (PRODUCT_ID, WAREHOUSE_ID, QUANTITY)
VALUES (133, 6, 60);
INSERT INTO HENDI.INVENTORIES (PRODUCT_ID, WAREHOUSE_ID, QUANTITY)
VALUES (134, 6, 29);
INSERT INTO HENDI.INVENTORIES (PRODUCT_ID, WAREHOUSE_ID, QUANTITY)
VALUES (135, 6, 29);
INSERT INTO HENDI.INVENTORIES (PRODUCT_ID, WAREHOUSE_ID, QUANTITY)
VALUES (136, 6, 61);
INSERT INTO HENDI.INVENTORIES (PRODUCT_ID, WAREHOUSE_ID, QUANTITY)
VALUES (137, 6, 65);
INSERT INTO HENDI.INVENTORIES (PRODUCT_ID, WAREHOUSE_ID, QUANTITY)
VALUES (138, 6, 66);
INSERT INTO HENDI.INVENTORIES (PRODUCT_ID, WAREHOUSE_ID, QUANTITY)
VALUES (139, 6, 34);
INSERT INTO HENDI.INVENTORIES (PRODUCT_ID, WAREHOUSE_ID, QUANTITY)
VALUES (140, 6, 34);
INSERT INTO HENDI.INVENTORIES (PRODUCT_ID, WAREHOUSE_ID, QUANTITY)
VALUES (141, 6, 68);
INSERT INTO HENDI.INVENTORIES (PRODUCT_ID, WAREHOUSE_ID, QUANTITY)
VALUES (142, 6, 69);
INSERT INTO HENDI.INVENTORIES (PRODUCT_ID, WAREHOUSE_ID, QUANTITY)
VALUES (144, 6, 36);
INSERT INTO HENDI.INVENTORIES (PRODUCT_ID, WAREHOUSE_ID, QUANTITY)
VALUES (145, 6, 36);
INSERT INTO HENDI.INVENTORIES (PRODUCT_ID, WAREHOUSE_ID, QUANTITY)
VALUES (146, 6, 37);
INSERT INTO HENDI.INVENTORIES (PRODUCT_ID, WAREHOUSE_ID, QUANTITY)
VALUES (147, 6, 37);
INSERT INTO HENDI.INVENTORIES (PRODUCT_ID, WAREHOUSE_ID, QUANTITY)
VALUES (148, 6, 37);
INSERT INTO HENDI.INVENTORIES (PRODUCT_ID, WAREHOUSE_ID, QUANTITY)
VALUES (149, 6, 37);
INSERT INTO HENDI.INVENTORIES (PRODUCT_ID, WAREHOUSE_ID, QUANTITY)
VALUES (150, 6, 41);
INSERT INTO HENDI.INVENTORIES (PRODUCT_ID, WAREHOUSE_ID, QUANTITY)
VALUES (151, 6, 41);
INSERT INTO HENDI.INVENTORIES (PRODUCT_ID, WAREHOUSE_ID, QUANTITY)
VALUES (152, 6, 41);
INSERT INTO HENDI.INVENTORIES (PRODUCT_ID, WAREHOUSE_ID, QUANTITY)
VALUES (157, 6, 42);
INSERT INTO HENDI.INVENTORIES (PRODUCT_ID, WAREHOUSE_ID, QUANTITY)
VALUES (159, 6, 51);
INSERT INTO HENDI.INVENTORIES (PRODUCT_ID, WAREHOUSE_ID, QUANTITY)
VALUES (160, 6, 57);
INSERT INTO HENDI.INVENTORIES (PRODUCT_ID, WAREHOUSE_ID, QUANTITY)
VALUES (161, 6, 72);
INSERT INTO HENDI.INVENTORIES (PRODUCT_ID, WAREHOUSE_ID, QUANTITY)
VALUES (163, 6, 71);
INSERT INTO HENDI.INVENTORIES (PRODUCT_ID, WAREHOUSE_ID, QUANTITY)
VALUES (166, 6, 90);
INSERT INTO HENDI.INVENTORIES (PRODUCT_ID, WAREHOUSE_ID, QUANTITY)
VALUES (168, 6, 80);
INSERT INTO HENDI.INVENTORIES (PRODUCT_ID, WAREHOUSE_ID, QUANTITY)
VALUES (170, 6, 81);
INSERT INTO HENDI.INVENTORIES (PRODUCT_ID, WAREHOUSE_ID, QUANTITY)
VALUES (172, 6, 85);
INSERT INTO HENDI.INVENTORIES (PRODUCT_ID, WAREHOUSE_ID, QUANTITY)
VALUES (173, 6, 94);
INSERT INTO HENDI.INVENTORIES (PRODUCT_ID, WAREHOUSE_ID, QUANTITY)
VALUES (174, 6, 110);
INSERT INTO HENDI.INVENTORIES (PRODUCT_ID, WAREHOUSE_ID, QUANTITY)
VALUES (175, 6, 110);
INSERT INTO HENDI.INVENTORIES (PRODUCT_ID, WAREHOUSE_ID, QUANTITY)
VALUES (182, 6, 163);
INSERT INTO HENDI.INVENTORIES (PRODUCT_ID, WAREHOUSE_ID, QUANTITY)
VALUES (184, 6, 164);
INSERT INTO HENDI.INVENTORIES (PRODUCT_ID, WAREHOUSE_ID, QUANTITY)
VALUES (185, 6, 164);
INSERT INTO HENDI.INVENTORIES (PRODUCT_ID, WAREHOUSE_ID, QUANTITY)
VALUES (188, 6, 172);
INSERT INTO HENDI.INVENTORIES (PRODUCT_ID, WAREHOUSE_ID, QUANTITY)
VALUES (189, 6, 172);
INSERT INTO HENDI.INVENTORIES (PRODUCT_ID, WAREHOUSE_ID, QUANTITY)
VALUES (190, 6, 173);
INSERT INTO HENDI.INVENTORIES (PRODUCT_ID, WAREHOUSE_ID, QUANTITY)
VALUES (191, 6, 173);
INSERT INTO HENDI.INVENTORIES (PRODUCT_ID, WAREHOUSE_ID, QUANTITY)
VALUES (193, 6, 174);
INSERT INTO HENDI.INVENTORIES (PRODUCT_ID, WAREHOUSE_ID, QUANTITY)
VALUES (195, 6, 175);
INSERT INTO HENDI.INVENTORIES (PRODUCT_ID, WAREHOUSE_ID, QUANTITY)
VALUES (196, 6, 175);
INSERT INTO HENDI.INVENTORIES (PRODUCT_ID, WAREHOUSE_ID, QUANTITY)
VALUES (198, 6, 176);
INSERT INTO HENDI.INVENTORIES (PRODUCT_ID, WAREHOUSE_ID, QUANTITY)
VALUES (199, 6, 176);
INSERT INTO HENDI.INVENTORIES (PRODUCT_ID, WAREHOUSE_ID, QUANTITY)
VALUES (200, 6, 177);
INSERT INTO HENDI.INVENTORIES (PRODUCT_ID, WAREHOUSE_ID, QUANTITY)
VALUES (201, 6, 177);
INSERT INTO HENDI.INVENTORIES (PRODUCT_ID, WAREHOUSE_ID, QUANTITY)
VALUES (203, 6, 177);
INSERT INTO HENDI.INVENTORIES (PRODUCT_ID, WAREHOUSE_ID, QUANTITY)
VALUES (204, 6, 178);
INSERT INTO HENDI.INVENTORIES (PRODUCT_ID, WAREHOUSE_ID, QUANTITY)
VALUES (205, 6, 178);
INSERT INTO HENDI.INVENTORIES (PRODUCT_ID, WAREHOUSE_ID, QUANTITY)
VALUES (207, 6, 145);
INSERT INTO HENDI.INVENTORIES (PRODUCT_ID, WAREHOUSE_ID, QUANTITY)
VALUES (210, 6, 146);
INSERT INTO HENDI.INVENTORIES (PRODUCT_ID, WAREHOUSE_ID, QUANTITY)
VALUES (211, 6, 147);
INSERT INTO HENDI.INVENTORIES (PRODUCT_ID, WAREHOUSE_ID, QUANTITY)
VALUES (212, 6, 147);
INSERT INTO HENDI.INVENTORIES (PRODUCT_ID, WAREHOUSE_ID, QUANTITY)
VALUES (214, 6, 148);
INSERT INTO HENDI.INVENTORIES (PRODUCT_ID, WAREHOUSE_ID, QUANTITY)
VALUES (216, 6, 149);
INSERT INTO HENDI.INVENTORIES (PRODUCT_ID, WAREHOUSE_ID, QUANTITY)
VALUES (217, 6, 149);
INSERT INTO HENDI.INVENTORIES (PRODUCT_ID, WAREHOUSE_ID, QUANTITY)
VALUES (218, 6, 150);
INSERT INTO HENDI.INVENTORIES (PRODUCT_ID, WAREHOUSE_ID, QUANTITY)
VALUES (220, 6, 185);
INSERT INTO HENDI.INVENTORIES (PRODUCT_ID, WAREHOUSE_ID, QUANTITY)
VALUES (221, 6, 185);
INSERT INTO HENDI.INVENTORIES (PRODUCT_ID, WAREHOUSE_ID, QUANTITY)
VALUES (222, 6, 186);
INSERT INTO HENDI.INVENTORIES (PRODUCT_ID, WAREHOUSE_ID, QUANTITY)
VALUES (223, 6, 186);
INSERT INTO HENDI.INVENTORIES (PRODUCT_ID, WAREHOUSE_ID, QUANTITY)
VALUES (227, 6, 141);
INSERT INTO HENDI.INVENTORIES (PRODUCT_ID, WAREHOUSE_ID, QUANTITY)
VALUES (228, 6, 141);
INSERT INTO HENDI.INVENTORIES (PRODUCT_ID, WAREHOUSE_ID, QUANTITY)
VALUES (229, 6, 149);
INSERT INTO HENDI.INVENTORIES (PRODUCT_ID, WAREHOUSE_ID, QUANTITY)
VALUES (230, 6, 149);
INSERT INTO HENDI.INVENTORIES (PRODUCT_ID, WAREHOUSE_ID, QUANTITY)
VALUES (231, 6, 150);
INSERT INTO HENDI.INVENTORIES (PRODUCT_ID, WAREHOUSE_ID, QUANTITY)
VALUES (232, 6, 150);
INSERT INTO HENDI.INVENTORIES (PRODUCT_ID, WAREHOUSE_ID, QUANTITY)
VALUES (233, 6, 150);
INSERT INTO HENDI.INVENTORIES (PRODUCT_ID, WAREHOUSE_ID, QUANTITY)
VALUES (234, 6, 150);
INSERT INTO HENDI.INVENTORIES (PRODUCT_ID, WAREHOUSE_ID, QUANTITY)
VALUES (235, 6, 150);
INSERT INTO HENDI.INVENTORIES (PRODUCT_ID, WAREHOUSE_ID, QUANTITY)
VALUES (236, 6, 151);
INSERT INTO HENDI.INVENTORIES (PRODUCT_ID, WAREHOUSE_ID, QUANTITY)
VALUES (237, 6, 151);
INSERT INTO HENDI.INVENTORIES (PRODUCT_ID, WAREHOUSE_ID, QUANTITY)
VALUES (238, 6, 151);
INSERT INTO HENDI.INVENTORIES (PRODUCT_ID, WAREHOUSE_ID, QUANTITY)
VALUES (239, 6, 151);
INSERT INTO HENDI.INVENTORIES (PRODUCT_ID, WAREHOUSE_ID, QUANTITY)
VALUES (241, 6, 145);
INSERT INTO HENDI.INVENTORIES (PRODUCT_ID, WAREHOUSE_ID, QUANTITY)
VALUES (242, 6, 145);
INSERT INTO HENDI.INVENTORIES (PRODUCT_ID, WAREHOUSE_ID, QUANTITY)
VALUES (243, 6, 145);
INSERT INTO HENDI.INVENTORIES (PRODUCT_ID, WAREHOUSE_ID, QUANTITY)
VALUES (245, 6, 161);
INSERT INTO HENDI.INVENTORIES (PRODUCT_ID, WAREHOUSE_ID, QUANTITY)
VALUES (247, 6, 148);
INSERT INTO HENDI.INVENTORIES (PRODUCT_ID, WAREHOUSE_ID, QUANTITY)
VALUES (251, 6, 150);
INSERT INTO HENDI.INVENTORIES (PRODUCT_ID, WAREHOUSE_ID, QUANTITY)
VALUES (254, 6, 161);
INSERT INTO HENDI.INVENTORIES (PRODUCT_ID, WAREHOUSE_ID, QUANTITY)
VALUES (255, 6, 162);
INSERT INTO HENDI.INVENTORIES (PRODUCT_ID, WAREHOUSE_ID, QUANTITY)
VALUES (256, 6, 162);
INSERT INTO HENDI.INVENTORIES (PRODUCT_ID, WAREHOUSE_ID, QUANTITY)
VALUES (257, 6, 162);
INSERT INTO HENDI.INVENTORIES (PRODUCT_ID, WAREHOUSE_ID, QUANTITY)
VALUES (258, 6, 162);
INSERT INTO HENDI.INVENTORIES (PRODUCT_ID, WAREHOUSE_ID, QUANTITY)
VALUES (259, 6, 162);
INSERT INTO HENDI.INVENTORIES (PRODUCT_ID, WAREHOUSE_ID, QUANTITY)
VALUES (260, 6, 163);
INSERT INTO HENDI.INVENTORIES (PRODUCT_ID, WAREHOUSE_ID, QUANTITY)
VALUES (261, 6, 163);
INSERT INTO HENDI.INVENTORIES (PRODUCT_ID, WAREHOUSE_ID, QUANTITY)
VALUES (262, 6, 163);
INSERT INTO HENDI.INVENTORIES (PRODUCT_ID, WAREHOUSE_ID, QUANTITY)
VALUES (263, 6, 163);
INSERT INTO HENDI.INVENTORIES (PRODUCT_ID, WAREHOUSE_ID, QUANTITY)
VALUES (264, 6, 163);
INSERT INTO HENDI.INVENTORIES (PRODUCT_ID, WAREHOUSE_ID, QUANTITY)
VALUES (265, 6, 164);
INSERT INTO HENDI.INVENTORIES (PRODUCT_ID, WAREHOUSE_ID, QUANTITY)
VALUES (269, 6, 214);
INSERT INTO HENDI.INVENTORIES (PRODUCT_ID, WAREHOUSE_ID, QUANTITY)
VALUES (270, 6, 214);
INSERT INTO HENDI.INVENTORIES (PRODUCT_ID, WAREHOUSE_ID, QUANTITY)
VALUES (271, 6, 221);
INSERT INTO HENDI.INVENTORIES (PRODUCT_ID, WAREHOUSE_ID, QUANTITY)
VALUES (272, 6, 222);
INSERT INTO HENDI.INVENTORIES (PRODUCT_ID, WAREHOUSE_ID, QUANTITY)
VALUES (273, 6, 184);
INSERT INTO HENDI.INVENTORIES (PRODUCT_ID, WAREHOUSE_ID, QUANTITY)
VALUES (274, 6, 184);
INSERT INTO HENDI.INVENTORIES (PRODUCT_ID, WAREHOUSE_ID, QUANTITY)
VALUES (276, 6, 225);
INSERT INTO HENDI.INVENTORIES (PRODUCT_ID, WAREHOUSE_ID, QUANTITY)
VALUES (277, 6, 225);
INSERT INTO HENDI.INVENTORIES (PRODUCT_ID, WAREHOUSE_ID, QUANTITY)
VALUES (278, 6, 226);
INSERT INTO HENDI.INVENTORIES (PRODUCT_ID, WAREHOUSE_ID, QUANTITY)
VALUES (279, 6, 180);
INSERT INTO HENDI.INVENTORIES (PRODUCT_ID, WAREHOUSE_ID, QUANTITY)
VALUES (280, 6, 180);
INSERT INTO HENDI.INVENTORIES (PRODUCT_ID, WAREHOUSE_ID, QUANTITY)
VALUES (281, 6, 191);
INSERT INTO HENDI.INVENTORIES (PRODUCT_ID, WAREHOUSE_ID, QUANTITY)
VALUES (283, 6, 232);
INSERT INTO HENDI.INVENTORIES (PRODUCT_ID, WAREHOUSE_ID, QUANTITY)
VALUES (284, 6, 320);
INSERT INTO HENDI.INVENTORIES (PRODUCT_ID, WAREHOUSE_ID, QUANTITY)
VALUES (285, 6, 202);
INSERT INTO HENDI.INVENTORIES (PRODUCT_ID, WAREHOUSE_ID, QUANTITY)
VALUES (286, 6, 203);
INSERT INTO HENDI.INVENTORIES (PRODUCT_ID, WAREHOUSE_ID, QUANTITY)
VALUES (287, 6, 212);
INSERT INTO HENDI.INVENTORIES (PRODUCT_ID, WAREHOUSE_ID, QUANTITY)
VALUES (288, 6, 213);
INSERT INTO HENDI.INVENTORIES (PRODUCT_ID, WAREHOUSE_ID, QUANTITY)
VALUES (2, 7, 46);
INSERT INTO HENDI.INVENTORIES (PRODUCT_ID, WAREHOUSE_ID, QUANTITY)
VALUES (3, 7, 63);
INSERT INTO HENDI.INVENTORIES (PRODUCT_ID, WAREHOUSE_ID, QUANTITY)
VALUES (4, 7, 63);
INSERT INTO HENDI.INVENTORIES (PRODUCT_ID, WAREHOUSE_ID, QUANTITY)
VALUES (5, 7, 63);
INSERT INTO HENDI.INVENTORIES (PRODUCT_ID, WAREHOUSE_ID, QUANTITY)
VALUES (6, 7, 63);
INSERT INTO HENDI.INVENTORIES (PRODUCT_ID, WAREHOUSE_ID, QUANTITY)
VALUES (11, 7, 65);
INSERT INTO HENDI.INVENTORIES (PRODUCT_ID, WAREHOUSE_ID, QUANTITY)
VALUES (12, 7, 65);
INSERT INTO HENDI.INVENTORIES (PRODUCT_ID, WAREHOUSE_ID, QUANTITY)
VALUES (22, 7, 50);
INSERT INTO HENDI.INVENTORIES (PRODUCT_ID, WAREHOUSE_ID, QUANTITY)
VALUES (23, 7, 50);
INSERT INTO HENDI.INVENTORIES (PRODUCT_ID, WAREHOUSE_ID, QUANTITY)
VALUES (24, 7, 50);
INSERT INTO HENDI.INVENTORIES (PRODUCT_ID, WAREHOUSE_ID, QUANTITY)
VALUES (25, 7, 51);
INSERT INTO HENDI.INVENTORIES (PRODUCT_ID, WAREHOUSE_ID, QUANTITY)
VALUES (26, 7, 51);
INSERT INTO HENDI.INVENTORIES (PRODUCT_ID, WAREHOUSE_ID, QUANTITY)
VALUES (33, 7, 53);
INSERT INTO HENDI.INVENTORIES (PRODUCT_ID, WAREHOUSE_ID, QUANTITY)
VALUES (35, 7, 54);
INSERT INTO HENDI.INVENTORIES (PRODUCT_ID, WAREHOUSE_ID, QUANTITY)
VALUES (36, 7, 54);
INSERT INTO HENDI.INVENTORIES (PRODUCT_ID, WAREHOUSE_ID, QUANTITY)
VALUES (37, 7, 55);
INSERT INTO HENDI.INVENTORIES (PRODUCT_ID, WAREHOUSE_ID, QUANTITY)
VALUES (38, 7, 55);
INSERT INTO HENDI.INVENTORIES (PRODUCT_ID, WAREHOUSE_ID, QUANTITY)
VALUES (39, 7, 55);
INSERT INTO HENDI.INVENTORIES (PRODUCT_ID, WAREHOUSE_ID, QUANTITY)
VALUES (40, 7, 55);
INSERT INTO HENDI.INVENTORIES (PRODUCT_ID, WAREHOUSE_ID, QUANTITY)
VALUES (41, 7, 55);
INSERT INTO HENDI.INVENTORIES (PRODUCT_ID, WAREHOUSE_ID, QUANTITY)
VALUES (42, 7, 57);
INSERT INTO HENDI.INVENTORIES (PRODUCT_ID, WAREHOUSE_ID, QUANTITY)
VALUES (43, 7, 58);
INSERT INTO HENDI.INVENTORIES (PRODUCT_ID, WAREHOUSE_ID, QUANTITY)
VALUES (44, 7, 58);
INSERT INTO HENDI.INVENTORIES (PRODUCT_ID, WAREHOUSE_ID, QUANTITY)
VALUES (46, 7, 18);
INSERT INTO HENDI.INVENTORIES (PRODUCT_ID, WAREHOUSE_ID, QUANTITY)
VALUES (47, 7, 22);
INSERT INTO HENDI.INVENTORIES (PRODUCT_ID, WAREHOUSE_ID, QUANTITY)
VALUES (50, 7, 58);
INSERT INTO HENDI.INVENTORIES (PRODUCT_ID, WAREHOUSE_ID, QUANTITY)
VALUES (80, 7, 53);
INSERT INTO HENDI.INVENTORIES (PRODUCT_ID, WAREHOUSE_ID, QUANTITY)
VALUES (87, 7, 59);
INSERT INTO HENDI.INVENTORIES (PRODUCT_ID, WAREHOUSE_ID, QUANTITY)
VALUES (88, 7, 27);
INSERT INTO HENDI.INVENTORIES (PRODUCT_ID, WAREHOUSE_ID, QUANTITY)
VALUES (89, 7, 27);
INSERT INTO HENDI.INVENTORIES (PRODUCT_ID, WAREHOUSE_ID, QUANTITY)
VALUES (90, 7, 27);
INSERT INTO HENDI.INVENTORIES (PRODUCT_ID, WAREHOUSE_ID, QUANTITY)
VALUES (91, 7, 46);
INSERT INTO HENDI.INVENTORIES (PRODUCT_ID, WAREHOUSE_ID, QUANTITY)
VALUES (94, 7, 57);
INSERT INTO HENDI.INVENTORIES (PRODUCT_ID, WAREHOUSE_ID, QUANTITY)
VALUES (98, 7, 58);
INSERT INTO HENDI.INVENTORIES (PRODUCT_ID, WAREHOUSE_ID, QUANTITY)
VALUES (99, 7, 60);
INSERT INTO HENDI.INVENTORIES (PRODUCT_ID, WAREHOUSE_ID, QUANTITY)
VALUES (100, 7, 60);
INSERT INTO HENDI.INVENTORIES (PRODUCT_ID, WAREHOUSE_ID, QUANTITY)
VALUES (102, 7, 62);
INSERT INTO HENDI.INVENTORIES (PRODUCT_ID, WAREHOUSE_ID, QUANTITY)
VALUES (103, 7, 35);
INSERT INTO HENDI.INVENTORIES (PRODUCT_ID, WAREHOUSE_ID, QUANTITY)
VALUES (104, 7, 58);
INSERT INTO HENDI.INVENTORIES (PRODUCT_ID, WAREHOUSE_ID, QUANTITY)
VALUES (105, 7, 35);
INSERT INTO HENDI.INVENTORIES (PRODUCT_ID, WAREHOUSE_ID, QUANTITY)
VALUES (108, 7, 36);
INSERT INTO HENDI.INVENTORIES (PRODUCT_ID, WAREHOUSE_ID, QUANTITY)
VALUES (110, 7, 36);
INSERT INTO HENDI.INVENTORIES (PRODUCT_ID, WAREHOUSE_ID, QUANTITY)
VALUES (114, 7, 37);
INSERT INTO HENDI.INVENTORIES (PRODUCT_ID, WAREHOUSE_ID, QUANTITY)
VALUES (123, 7, 41);
INSERT INTO HENDI.INVENTORIES (PRODUCT_ID, WAREHOUSE_ID, QUANTITY)
VALUES (130, 7, 66);
INSERT INTO HENDI.INVENTORIES (PRODUCT_ID, WAREHOUSE_ID, QUANTITY)
VALUES (131, 7, 66);
INSERT INTO HENDI.INVENTORIES (PRODUCT_ID, WAREHOUSE_ID, QUANTITY)
VALUES (132, 7, 45);
INSERT INTO HENDI.INVENTORIES (PRODUCT_ID, WAREHOUSE_ID, QUANTITY)
VALUES (133, 7, 45);
INSERT INTO HENDI.INVENTORIES (PRODUCT_ID, WAREHOUSE_ID, QUANTITY)
VALUES (134, 7, 17);
INSERT INTO HENDI.INVENTORIES (PRODUCT_ID, WAREHOUSE_ID, QUANTITY)
VALUES (135, 7, 17);
INSERT INTO HENDI.INVENTORIES (PRODUCT_ID, WAREHOUSE_ID, QUANTITY)
VALUES (139, 7, 21);
INSERT INTO HENDI.INVENTORIES (PRODUCT_ID, WAREHOUSE_ID, QUANTITY)
VALUES (140, 7, 21);
INSERT INTO HENDI.INVENTORIES (PRODUCT_ID, WAREHOUSE_ID, QUANTITY)
VALUES (142, 7, 51);
INSERT INTO HENDI.INVENTORIES (PRODUCT_ID, WAREHOUSE_ID, QUANTITY)
VALUES (144, 7, 23);
INSERT INTO HENDI.INVENTORIES (PRODUCT_ID, WAREHOUSE_ID, QUANTITY)
VALUES (145, 7, 23);
INSERT INTO HENDI.INVENTORIES (PRODUCT_ID, WAREHOUSE_ID, QUANTITY)
VALUES (146, 7, 24);
INSERT INTO HENDI.INVENTORIES (PRODUCT_ID, WAREHOUSE_ID, QUANTITY)
VALUES (147, 7, 24);
INSERT INTO HENDI.INVENTORIES (PRODUCT_ID, WAREHOUSE_ID, QUANTITY)
VALUES (148, 7, 24);
INSERT INTO HENDI.INVENTORIES (PRODUCT_ID, WAREHOUSE_ID, QUANTITY)
VALUES (149, 7, 24);
INSERT INTO HENDI.INVENTORIES (PRODUCT_ID, WAREHOUSE_ID, QUANTITY)
VALUES (150, 7, 28);
INSERT INTO HENDI.INVENTORIES (PRODUCT_ID, WAREHOUSE_ID, QUANTITY)
VALUES (151, 7, 28);
INSERT INTO HENDI.INVENTORIES (PRODUCT_ID, WAREHOUSE_ID, QUANTITY)
VALUES (152, 7, 28);
INSERT INTO HENDI.INVENTORIES (PRODUCT_ID, WAREHOUSE_ID, QUANTITY)
VALUES (159, 7, 39);
INSERT INTO HENDI.INVENTORIES (PRODUCT_ID, WAREHOUSE_ID, QUANTITY)
VALUES (160, 7, 45);
INSERT INTO HENDI.INVENTORIES (PRODUCT_ID, WAREHOUSE_ID, QUANTITY)
VALUES (161, 7, 60);
INSERT INTO HENDI.INVENTORIES (PRODUCT_ID, WAREHOUSE_ID, QUANTITY)
VALUES (163, 7, 59);
INSERT INTO HENDI.INVENTORIES (PRODUCT_ID, WAREHOUSE_ID, QUANTITY)
VALUES (168, 7, 68);
INSERT INTO HENDI.INVENTORIES (PRODUCT_ID, WAREHOUSE_ID, QUANTITY)
VALUES (174, 7, 98);
INSERT INTO HENDI.INVENTORIES (PRODUCT_ID, WAREHOUSE_ID, QUANTITY)
VALUES (175, 7, 98);
INSERT INTO HENDI.INVENTORIES (PRODUCT_ID, WAREHOUSE_ID, QUANTITY)
VALUES (182, 7, 143);
INSERT INTO HENDI.INVENTORIES (PRODUCT_ID, WAREHOUSE_ID, QUANTITY)
VALUES (184, 7, 143);
INSERT INTO HENDI.INVENTORIES (PRODUCT_ID, WAREHOUSE_ID, QUANTITY)
VALUES (185, 7, 144);
INSERT INTO HENDI.INVENTORIES (PRODUCT_ID, WAREHOUSE_ID, QUANTITY)
VALUES (207, 7, 133);
INSERT INTO HENDI.INVENTORIES (PRODUCT_ID, WAREHOUSE_ID, QUANTITY)
VALUES (216, 7, 137);
INSERT INTO HENDI.INVENTORIES (PRODUCT_ID, WAREHOUSE_ID, QUANTITY)
VALUES (220, 7, 167);
INSERT INTO HENDI.INVENTORIES (PRODUCT_ID, WAREHOUSE_ID, QUANTITY)
VALUES (221, 7, 168);
INSERT INTO HENDI.INVENTORIES (PRODUCT_ID, WAREHOUSE_ID, QUANTITY)
VALUES (222, 7, 168);
INSERT INTO HENDI.INVENTORIES (PRODUCT_ID, WAREHOUSE_ID, QUANTITY)
VALUES (223, 7, 168);
INSERT INTO HENDI.INVENTORIES (PRODUCT_ID, WAREHOUSE_ID, QUANTITY)
VALUES (229, 7, 136);
INSERT INTO HENDI.INVENTORIES (PRODUCT_ID, WAREHOUSE_ID, QUANTITY)
VALUES (230, 7, 136);
INSERT INTO HENDI.INVENTORIES (PRODUCT_ID, WAREHOUSE_ID, QUANTITY)
VALUES (231, 7, 136);
INSERT INTO HENDI.INVENTORIES (PRODUCT_ID, WAREHOUSE_ID, QUANTITY)
VALUES (232, 7, 137);
INSERT INTO HENDI.INVENTORIES (PRODUCT_ID, WAREHOUSE_ID, QUANTITY)
VALUES (233, 7, 137);
INSERT INTO HENDI.INVENTORIES (PRODUCT_ID, WAREHOUSE_ID, QUANTITY)
VALUES (234, 7, 137);
INSERT INTO HENDI.INVENTORIES (PRODUCT_ID, WAREHOUSE_ID, QUANTITY)
VALUES (235, 7, 137);
INSERT INTO HENDI.INVENTORIES (PRODUCT_ID, WAREHOUSE_ID, QUANTITY)
VALUES (241, 7, 133);
INSERT INTO HENDI.INVENTORIES (PRODUCT_ID, WAREHOUSE_ID, QUANTITY)
VALUES (242, 7, 133);
INSERT INTO HENDI.INVENTORIES (PRODUCT_ID, WAREHOUSE_ID, QUANTITY)
VALUES (243, 7, 133);
INSERT INTO HENDI.INVENTORIES (PRODUCT_ID, WAREHOUSE_ID, QUANTITY)
VALUES (245, 7, 149);
INSERT INTO HENDI.INVENTORIES (PRODUCT_ID, WAREHOUSE_ID, QUANTITY)
VALUES (254, 7, 148);
INSERT INTO HENDI.INVENTORIES (PRODUCT_ID, WAREHOUSE_ID, QUANTITY)
VALUES (255, 7, 148);
INSERT INTO HENDI.INVENTORIES (PRODUCT_ID, WAREHOUSE_ID, QUANTITY)
VALUES (256, 7, 149);
INSERT INTO HENDI.INVENTORIES (PRODUCT_ID, WAREHOUSE_ID, QUANTITY)
VALUES (257, 7, 149);
INSERT INTO HENDI.INVENTORIES (PRODUCT_ID, WAREHOUSE_ID, QUANTITY)
VALUES (258, 7, 149);
INSERT INTO HENDI.INVENTORIES (PRODUCT_ID, WAREHOUSE_ID, QUANTITY)
VALUES (259, 7, 149);
INSERT INTO HENDI.INVENTORIES (PRODUCT_ID, WAREHOUSE_ID, QUANTITY)
VALUES (260, 7, 149);
INSERT INTO HENDI.INVENTORIES (PRODUCT_ID, WAREHOUSE_ID, QUANTITY)
VALUES (263, 7, 150);
INSERT INTO HENDI.INVENTORIES (PRODUCT_ID, WAREHOUSE_ID, QUANTITY)
VALUES (264, 7, 150);
INSERT INTO HENDI.INVENTORIES (PRODUCT_ID, WAREHOUSE_ID, QUANTITY)
VALUES (269, 7, 196);
INSERT INTO HENDI.INVENTORIES (PRODUCT_ID, WAREHOUSE_ID, QUANTITY)
VALUES (270, 7, 196);
INSERT INTO HENDI.INVENTORIES (PRODUCT_ID, WAREHOUSE_ID, QUANTITY)
VALUES (273, 7, 170);
INSERT INTO HENDI.INVENTORIES (PRODUCT_ID, WAREHOUSE_ID, QUANTITY)
VALUES (280, 7, 167);
INSERT INTO HENDI.INVENTORIES (PRODUCT_ID, WAREHOUSE_ID, QUANTITY)
VALUES (281, 7, 179);
INSERT INTO HENDI.INVENTORIES (PRODUCT_ID, WAREHOUSE_ID, QUANTITY)
VALUES (284, 7, 294);
INSERT INTO HENDI.INVENTORIES (PRODUCT_ID, WAREHOUSE_ID, QUANTITY)
VALUES (285, 7, 189);
INSERT INTO HENDI.INVENTORIES (PRODUCT_ID, WAREHOUSE_ID, QUANTITY)
VALUES (286, 7, 189);
INSERT INTO HENDI.INVENTORIES (PRODUCT_ID, WAREHOUSE_ID, QUANTITY)
VALUES (2, 8, 34);
INSERT INTO HENDI.INVENTORIES (PRODUCT_ID, WAREHOUSE_ID, QUANTITY)
VALUES (3, 8, 49);
INSERT INTO HENDI.INVENTORIES (PRODUCT_ID, WAREHOUSE_ID, QUANTITY)
VALUES (4, 8, 49);
INSERT INTO HENDI.INVENTORIES (PRODUCT_ID, WAREHOUSE_ID, QUANTITY)
VALUES (5, 8, 49);
INSERT INTO HENDI.INVENTORIES (PRODUCT_ID, WAREHOUSE_ID, QUANTITY)
VALUES (6, 8, 50);
INSERT INTO HENDI.INVENTORIES (PRODUCT_ID, WAREHOUSE_ID, QUANTITY)
VALUES (7, 8, 50);
INSERT INTO HENDI.INVENTORIES (PRODUCT_ID, WAREHOUSE_ID, QUANTITY)
VALUES (8, 8, 50);
INSERT INTO HENDI.INVENTORIES (PRODUCT_ID, WAREHOUSE_ID, QUANTITY)
VALUES (9, 8, 50);
INSERT INTO HENDI.INVENTORIES (PRODUCT_ID, WAREHOUSE_ID, QUANTITY)
VALUES (11, 8, 51);
INSERT INTO HENDI.INVENTORIES (PRODUCT_ID, WAREHOUSE_ID, QUANTITY)
VALUES (12, 8, 51);
INSERT INTO HENDI.INVENTORIES (PRODUCT_ID, WAREHOUSE_ID, QUANTITY)
VALUES (13, 8, 51);
INSERT INTO HENDI.INVENTORIES (PRODUCT_ID, WAREHOUSE_ID, QUANTITY)
VALUES (14, 8, 51);
INSERT INTO HENDI.INVENTORIES (PRODUCT_ID, WAREHOUSE_ID, QUANTITY)
VALUES (15, 8, 52);
INSERT INTO HENDI.INVENTORIES (PRODUCT_ID, WAREHOUSE_ID, QUANTITY)
VALUES (17, 8, 54);
INSERT INTO HENDI.INVENTORIES (PRODUCT_ID, WAREHOUSE_ID, QUANTITY)
VALUES (18, 8, 54);
INSERT INTO HENDI.INVENTORIES (PRODUCT_ID, WAREHOUSE_ID, QUANTITY)
VALUES (19, 8, 54);
INSERT INTO HENDI.INVENTORIES (PRODUCT_ID, WAREHOUSE_ID, QUANTITY)
VALUES (20, 8, 5);
INSERT INTO HENDI.INVENTORIES (PRODUCT_ID, WAREHOUSE_ID, QUANTITY)
VALUES (21, 8, 5);
INSERT INTO HENDI.INVENTORIES (PRODUCT_ID, WAREHOUSE_ID, QUANTITY)
VALUES (22, 8, 38);
INSERT INTO HENDI.INVENTORIES (PRODUCT_ID, WAREHOUSE_ID, QUANTITY)
VALUES (23, 8, 39);
INSERT INTO HENDI.INVENTORIES (PRODUCT_ID, WAREHOUSE_ID, QUANTITY)
VALUES (24, 8, 39);
INSERT INTO HENDI.INVENTORIES (PRODUCT_ID, WAREHOUSE_ID, QUANTITY)
VALUES (25, 8, 39);
INSERT INTO HENDI.INVENTORIES (PRODUCT_ID, WAREHOUSE_ID, QUANTITY)
VALUES (26, 8, 39);
INSERT INTO HENDI.INVENTORIES (PRODUCT_ID, WAREHOUSE_ID, QUANTITY)
VALUES (27, 8, 6);
INSERT INTO HENDI.INVENTORIES (PRODUCT_ID, WAREHOUSE_ID, QUANTITY)
VALUES (29, 8, 7);
INSERT INTO HENDI.INVENTORIES (PRODUCT_ID, WAREHOUSE_ID, QUANTITY)
VALUES (30, 8, 7);
INSERT INTO HENDI.INVENTORIES (PRODUCT_ID, WAREHOUSE_ID, QUANTITY)
VALUES (31, 8, 8);
INSERT INTO HENDI.INVENTORIES (PRODUCT_ID, WAREHOUSE_ID, QUANTITY)
VALUES (32, 8, 8);
INSERT INTO HENDI.INVENTORIES (PRODUCT_ID, WAREHOUSE_ID, QUANTITY)
VALUES (33, 8, 42);
INSERT INTO HENDI.INVENTORIES (PRODUCT_ID, WAREHOUSE_ID, QUANTITY)
VALUES (34, 8, 9);
INSERT INTO HENDI.INVENTORIES (PRODUCT_ID, WAREHOUSE_ID, QUANTITY)
VALUES (35, 8, 42);
INSERT INTO HENDI.INVENTORIES (PRODUCT_ID, WAREHOUSE_ID, QUANTITY)
VALUES (36, 8, 43);
INSERT INTO HENDI.INVENTORIES (PRODUCT_ID, WAREHOUSE_ID, QUANTITY)
VALUES (37, 8, 43);
INSERT INTO HENDI.INVENTORIES (PRODUCT_ID, WAREHOUSE_ID, QUANTITY)
VALUES (38, 8, 43);
INSERT INTO HENDI.INVENTORIES (PRODUCT_ID, WAREHOUSE_ID, QUANTITY)
VALUES (39, 8, 43);
INSERT INTO HENDI.INVENTORIES (PRODUCT_ID, WAREHOUSE_ID, QUANTITY)
VALUES (40, 8, 44);
INSERT INTO HENDI.INVENTORIES (PRODUCT_ID, WAREHOUSE_ID, QUANTITY)
VALUES (41, 8, 44);
INSERT INTO HENDI.INVENTORIES (PRODUCT_ID, WAREHOUSE_ID, QUANTITY)
VALUES (42, 8, 46);
INSERT INTO HENDI.INVENTORIES (PRODUCT_ID, WAREHOUSE_ID, QUANTITY)
VALUES (43, 8, 46);
INSERT INTO HENDI.INVENTORIES (PRODUCT_ID, WAREHOUSE_ID, QUANTITY)
VALUES (44, 8, 47);
INSERT INTO HENDI.INVENTORIES (PRODUCT_ID, WAREHOUSE_ID, QUANTITY)
VALUES (46, 8, 7);
INSERT INTO HENDI.INVENTORIES (PRODUCT_ID, WAREHOUSE_ID, QUANTITY)
VALUES (47, 8, 11);
INSERT INTO HENDI.INVENTORIES (PRODUCT_ID, WAREHOUSE_ID, QUANTITY)
VALUES (50, 8, 32);
INSERT INTO HENDI.INVENTORIES (PRODUCT_ID, WAREHOUSE_ID, QUANTITY)
VALUES (54, 8, 44);
INSERT INTO HENDI.INVENTORIES (PRODUCT_ID, WAREHOUSE_ID, QUANTITY)
VALUES (62, 8, 47);
INSERT INTO HENDI.INVENTORIES (PRODUCT_ID, WAREHOUSE_ID, QUANTITY)
VALUES (63, 8, 47);
INSERT INTO HENDI.INVENTORIES (PRODUCT_ID, WAREHOUSE_ID, QUANTITY)
VALUES (67, 8, 49);
INSERT INTO HENDI.INVENTORIES (PRODUCT_ID, WAREHOUSE_ID, QUANTITY)
VALUES (68, 8, 49);
INSERT INTO HENDI.INVENTORIES (PRODUCT_ID, WAREHOUSE_ID, QUANTITY)
VALUES (69, 8, 50);
INSERT INTO HENDI.INVENTORIES (PRODUCT_ID, WAREHOUSE_ID, QUANTITY)
VALUES (70, 8, 50);
INSERT INTO HENDI.INVENTORIES (PRODUCT_ID, WAREHOUSE_ID, QUANTITY)
VALUES (71, 8, 50);
INSERT INTO HENDI.INVENTORIES (PRODUCT_ID, WAREHOUSE_ID, QUANTITY)
VALUES (72, 8, 50);
INSERT INTO HENDI.INVENTORIES (PRODUCT_ID, WAREHOUSE_ID, QUANTITY)
VALUES (73, 8, 39);
INSERT INTO HENDI.INVENTORIES (PRODUCT_ID, WAREHOUSE_ID, QUANTITY)
VALUES (74, 8, 39);
INSERT INTO HENDI.INVENTORIES (PRODUCT_ID, WAREHOUSE_ID, QUANTITY)
VALUES (76, 8, 40);
INSERT INTO HENDI.INVENTORIES (PRODUCT_ID, WAREHOUSE_ID, QUANTITY)
VALUES (78, 8, 41);
INSERT INTO HENDI.INVENTORIES (PRODUCT_ID, WAREHOUSE_ID, QUANTITY)
VALUES (79, 8, 41);
INSERT INTO HENDI.INVENTORIES (PRODUCT_ID, WAREHOUSE_ID, QUANTITY)
VALUES (80, 8, 41);
INSERT INTO HENDI.INVENTORIES (PRODUCT_ID, WAREHOUSE_ID, QUANTITY)
VALUES (84, 8, 45);
INSERT INTO HENDI.INVENTORIES (PRODUCT_ID, WAREHOUSE_ID, QUANTITY)
VALUES (87, 8, 47);
INSERT INTO HENDI.INVENTORIES (PRODUCT_ID, WAREHOUSE_ID, QUANTITY)
VALUES (88, 8, 12);
INSERT INTO HENDI.INVENTORIES (PRODUCT_ID, WAREHOUSE_ID, QUANTITY)
VALUES (89, 8, 12);
INSERT INTO HENDI.INVENTORIES (PRODUCT_ID, WAREHOUSE_ID, QUANTITY)
VALUES (90, 8, 13);
INSERT INTO HENDI.INVENTORIES (PRODUCT_ID, WAREHOUSE_ID, QUANTITY)
VALUES (91, 8, 34);
INSERT INTO HENDI.INVENTORIES (PRODUCT_ID, WAREHOUSE_ID, QUANTITY)
VALUES (94, 8, 44);
INSERT INTO HENDI.INVENTORIES (PRODUCT_ID, WAREHOUSE_ID, QUANTITY)
VALUES (98, 8, 45);
INSERT INTO HENDI.INVENTORIES (PRODUCT_ID, WAREHOUSE_ID, QUANTITY)
VALUES (99, 8, 47);
INSERT INTO HENDI.INVENTORIES (PRODUCT_ID, WAREHOUSE_ID, QUANTITY)
VALUES (100, 8, 47);
INSERT INTO HENDI.INVENTORIES (PRODUCT_ID, WAREHOUSE_ID, QUANTITY)
VALUES (101, 8, 18);
INSERT INTO HENDI.INVENTORIES (PRODUCT_ID, WAREHOUSE_ID, QUANTITY)
VALUES (102, 8, 49);
INSERT INTO HENDI.INVENTORIES (PRODUCT_ID, WAREHOUSE_ID, QUANTITY)
VALUES (103, 8, 20);
INSERT INTO HENDI.INVENTORIES (PRODUCT_ID, WAREHOUSE_ID, QUANTITY)
VALUES (104, 8, 46);
INSERT INTO HENDI.INVENTORIES (PRODUCT_ID, WAREHOUSE_ID, QUANTITY)
VALUES (105, 8, 20);
INSERT INTO HENDI.INVENTORIES (PRODUCT_ID, WAREHOUSE_ID, QUANTITY)
VALUES (106, 8, 21);
INSERT INTO HENDI.INVENTORIES (PRODUCT_ID, WAREHOUSE_ID, QUANTITY)
VALUES (107, 8, 21);
INSERT INTO HENDI.INVENTORIES (PRODUCT_ID, WAREHOUSE_ID, QUANTITY)
VALUES (108, 8, 21);
INSERT INTO HENDI.INVENTORIES (PRODUCT_ID, WAREHOUSE_ID, QUANTITY)
VALUES (109, 8, 21);
INSERT INTO HENDI.INVENTORIES (PRODUCT_ID, WAREHOUSE_ID, QUANTITY)
VALUES (110, 8, 22);
INSERT INTO HENDI.INVENTORIES (PRODUCT_ID, WAREHOUSE_ID, QUANTITY)
VALUES (114, 8, 23);
INSERT INTO HENDI.INVENTORIES (PRODUCT_ID, WAREHOUSE_ID, QUANTITY)
VALUES (115, 8, 24);
INSERT INTO HENDI.INVENTORIES (PRODUCT_ID, WAREHOUSE_ID, QUANTITY)
VALUES (116, 8, 24);
INSERT INTO HENDI.INVENTORIES (PRODUCT_ID, WAREHOUSE_ID, QUANTITY)
VALUES (117, 8, 24);
INSERT INTO HENDI.INVENTORIES (PRODUCT_ID, WAREHOUSE_ID, QUANTITY)
VALUES (119, 8, 25);
INSERT INTO HENDI.INVENTORIES (PRODUCT_ID, WAREHOUSE_ID, QUANTITY)
VALUES (120, 8, 25);
INSERT INTO HENDI.INVENTORIES (PRODUCT_ID, WAREHOUSE_ID, QUANTITY)
VALUES (121, 8, 25);
INSERT INTO HENDI.INVENTORIES (PRODUCT_ID, WAREHOUSE_ID, QUANTITY)
VALUES (122, 8, 26);
INSERT INTO HENDI.INVENTORIES (PRODUCT_ID, WAREHOUSE_ID, QUANTITY)
VALUES (123, 8, 26);
INSERT INTO HENDI.INVENTORIES (PRODUCT_ID, WAREHOUSE_ID, QUANTITY)
VALUES (124, 8, 26);
INSERT INTO HENDI.INVENTORIES (PRODUCT_ID, WAREHOUSE_ID, QUANTITY)
VALUES (125, 8, 26);
INSERT INTO HENDI.INVENTORIES (PRODUCT_ID, WAREHOUSE_ID, QUANTITY)
VALUES (126, 8, 26);
INSERT INTO HENDI.INVENTORIES (PRODUCT_ID, WAREHOUSE_ID, QUANTITY)
VALUES (128, 8, 27);
INSERT INTO HENDI.INVENTORIES (PRODUCT_ID, WAREHOUSE_ID, QUANTITY)
VALUES (129, 8, 27);
INSERT INTO HENDI.INVENTORIES (PRODUCT_ID, WAREHOUSE_ID, QUANTITY)
VALUES (130, 8, 53);
INSERT INTO HENDI.INVENTORIES (PRODUCT_ID, WAREHOUSE_ID, QUANTITY)
VALUES (131, 8, 53);
INSERT INTO HENDI.INVENTORIES (PRODUCT_ID, WAREHOUSE_ID, QUANTITY)
VALUES (132, 8, 28);
INSERT INTO HENDI.INVENTORIES (PRODUCT_ID, WAREHOUSE_ID, QUANTITY)
VALUES (133, 8, 28);
INSERT INTO HENDI.INVENTORIES (PRODUCT_ID, WAREHOUSE_ID, QUANTITY)
VALUES (134, 8, 54);
INSERT INTO HENDI.INVENTORIES (PRODUCT_ID, WAREHOUSE_ID, QUANTITY)
VALUES (135, 8, 54);
INSERT INTO HENDI.INVENTORIES (PRODUCT_ID, WAREHOUSE_ID, QUANTITY)
VALUES (136, 8, 28);
INSERT INTO HENDI.INVENTORIES (PRODUCT_ID, WAREHOUSE_ID, QUANTITY)
VALUES (137, 8, 29);
INSERT INTO HENDI.INVENTORIES (PRODUCT_ID, WAREHOUSE_ID, QUANTITY)
VALUES (138, 8, 31);
INSERT INTO HENDI.INVENTORIES (PRODUCT_ID, WAREHOUSE_ID, QUANTITY)
VALUES (139, 8, 8);
INSERT INTO HENDI.INVENTORIES (PRODUCT_ID, WAREHOUSE_ID, QUANTITY)
VALUES (140, 8, 9);
INSERT INTO HENDI.INVENTORIES (PRODUCT_ID, WAREHOUSE_ID, QUANTITY)
VALUES (141, 8, 33);
INSERT INTO HENDI.INVENTORIES (PRODUCT_ID, WAREHOUSE_ID, QUANTITY)
VALUES (142, 8, 34);
INSERT INTO HENDI.INVENTORIES (PRODUCT_ID, WAREHOUSE_ID, QUANTITY)
VALUES (144, 8, 10);
INSERT INTO HENDI.INVENTORIES (PRODUCT_ID, WAREHOUSE_ID, QUANTITY)
VALUES (145, 8, 11);
INSERT INTO HENDI.INVENTORIES (PRODUCT_ID, WAREHOUSE_ID, QUANTITY)
VALUES (146, 8, 11);
INSERT INTO HENDI.INVENTORIES (PRODUCT_ID, WAREHOUSE_ID, QUANTITY)
VALUES (147, 8, 11);
INSERT INTO HENDI.INVENTORIES (PRODUCT_ID, WAREHOUSE_ID, QUANTITY)
VALUES (148, 8, 12);
INSERT INTO HENDI.INVENTORIES (PRODUCT_ID, WAREHOUSE_ID, QUANTITY)
VALUES (149, 8, 12);
INSERT INTO HENDI.INVENTORIES (PRODUCT_ID, WAREHOUSE_ID, QUANTITY)
VALUES (150, 8, 15);
INSERT INTO HENDI.INVENTORIES (PRODUCT_ID, WAREHOUSE_ID, QUANTITY)
VALUES (151, 8, 15);
INSERT INTO HENDI.INVENTORIES (PRODUCT_ID, WAREHOUSE_ID, QUANTITY)
VALUES (152, 8, 15);
INSERT INTO HENDI.INVENTORIES (PRODUCT_ID, WAREHOUSE_ID, QUANTITY)
VALUES (159, 8, 27);
INSERT INTO HENDI.INVENTORIES (PRODUCT_ID, WAREHOUSE_ID, QUANTITY)
VALUES (160, 8, 33);
INSERT INTO HENDI.INVENTORIES (PRODUCT_ID, WAREHOUSE_ID, QUANTITY)
VALUES (161, 8, 48);
INSERT INTO HENDI.INVENTORIES (PRODUCT_ID, WAREHOUSE_ID, QUANTITY)
VALUES (163, 8, 47);
INSERT INTO HENDI.INVENTORIES (PRODUCT_ID, WAREHOUSE_ID, QUANTITY)
VALUES (166, 8, 66);
INSERT INTO HENDI.INVENTORIES (PRODUCT_ID, WAREHOUSE_ID, QUANTITY)
VALUES (168, 8, 56);
INSERT INTO HENDI.INVENTORIES (PRODUCT_ID, WAREHOUSE_ID, QUANTITY)
VALUES (174, 8, 86);
INSERT INTO HENDI.INVENTORIES (PRODUCT_ID, WAREHOUSE_ID, QUANTITY)
VALUES (175, 8, 86);
INSERT INTO HENDI.INVENTORIES (PRODUCT_ID, WAREHOUSE_ID, QUANTITY)
VALUES (182, 8, 128);
INSERT INTO HENDI.INVENTORIES (PRODUCT_ID, WAREHOUSE_ID, QUANTITY)
VALUES (184, 8, 128);
INSERT INTO HENDI.INVENTORIES (PRODUCT_ID, WAREHOUSE_ID, QUANTITY)
VALUES (185, 8, 129);
INSERT INTO HENDI.INVENTORIES (PRODUCT_ID, WAREHOUSE_ID, QUANTITY)
VALUES (188, 8, 137);
INSERT INTO HENDI.INVENTORIES (PRODUCT_ID, WAREHOUSE_ID, QUANTITY)
VALUES (189, 8, 137);
INSERT INTO HENDI.INVENTORIES (PRODUCT_ID, WAREHOUSE_ID, QUANTITY)
VALUES (190, 8, 137);
INSERT INTO HENDI.INVENTORIES (PRODUCT_ID, WAREHOUSE_ID, QUANTITY)
VALUES (191, 8, 138);
INSERT INTO HENDI.INVENTORIES (PRODUCT_ID, WAREHOUSE_ID, QUANTITY)
VALUES (193, 8, 138);
INSERT INTO HENDI.INVENTORIES (PRODUCT_ID, WAREHOUSE_ID, QUANTITY)
VALUES (195, 8, 139);
INSERT INTO HENDI.INVENTORIES (PRODUCT_ID, WAREHOUSE_ID, QUANTITY)
VALUES (196, 8, 139);
INSERT INTO HENDI.INVENTORIES (PRODUCT_ID, WAREHOUSE_ID, QUANTITY)
VALUES (198, 8, 140);
INSERT INTO HENDI.INVENTORIES (PRODUCT_ID, WAREHOUSE_ID, QUANTITY)
VALUES (199, 8, 141);
INSERT INTO HENDI.INVENTORIES (PRODUCT_ID, WAREHOUSE_ID, QUANTITY)
VALUES (200, 8, 141);
INSERT INTO HENDI.INVENTORIES (PRODUCT_ID, WAREHOUSE_ID, QUANTITY)
VALUES (201, 8, 142);
INSERT INTO HENDI.INVENTORIES (PRODUCT_ID, WAREHOUSE_ID, QUANTITY)
VALUES (203, 8, 142);
INSERT INTO HENDI.INVENTORIES (PRODUCT_ID, WAREHOUSE_ID, QUANTITY)
VALUES (204, 8, 142);
INSERT INTO HENDI.INVENTORIES (PRODUCT_ID, WAREHOUSE_ID, QUANTITY)
VALUES (205, 8, 142);
INSERT INTO HENDI.INVENTORIES (PRODUCT_ID, WAREHOUSE_ID, QUANTITY)
VALUES (207, 8, 121);


-- enable FK constraints
ALTER TABLE countries
    ENABLE CONSTRAINT fk_countries_regions;
ALTER TABLE locations
    ENABLE CONSTRAINT fk_locations_countries;
ALTER TABLE warehouses
    ENABLE CONSTRAINT fk_warehouses_locations;
ALTER TABLE employees
    ENABLE CONSTRAINT fk_employees_manager;
ALTER TABLE products
    ENABLE CONSTRAINT fk_products_categories;
ALTER TABLE contacts
    ENABLE CONSTRAINT fk_contacts_customers;
ALTER TABLE orders
    ENABLE CONSTRAINT fk_orders_customers;
ALTER TABLE orders
    ENABLE CONSTRAINT fk_orders_employees;
ALTER TABLE order_items
    ENABLE CONSTRAINT fk_order_items_products;
ALTER TABLE order_items
    ENABLE CONSTRAINT fk_order_items_orders;
ALTER TABLE inventories
    ENABLE CONSTRAINT fk_inventories_products;
ALTER TABLE inventories
    ENABLE CONSTRAINT fk_inventories_warehouses;